Wokwi CLI v0.26.1 (9d71b975b7eb)
Connected to Wokwi Simulation API 1.0.0-20260803-gf69c6c93
Starting simulation...
[chip-bme280] BME280 chip ready
ESP-ROM:esp32s3-20210327
Build:Mar 27 2021
rst:0x1 (POWERON),boot:0x8 (SPI_FAST_FLASH_BOOT)
SPIWP:0xee
mode:DIO, clock div:1
load:0x3fce3808,len:0x370
load:0x403c9700,len:0x900
load:0x403cc700,len:0x2364
entry 0x403c98ac
E (16) opi psram: PSRAM ID read error: 0x00000000, PSRAM chip not found or not supported, or wrong PSRAM line mode
E (18) spiram: SPI RAM enabled but initialization failed. Bailing out.
=== BOOT START ===
[WiFi] Connecting...
[WiFi] 10.13.37.2
E (1298) esp_littlefs: partition "spiffs" could not be found
E (1299) esp_littlefs: Failed to initialize LittleFS
[  1360][E][LittleFS.cpp:98] begin(): Mounting LittleFS failed! Error: 261
E (1316) esp_littlefs: partition "spiffs" could not be found
E (1317) esp_littlefs: Failed to initialize to format.
[  1378][E][LittleFS.cpp:123] format(): Formatting LittleFS failed! Error: 261
E (1334) esp_littlefs: partition "spiffs" could not be found
E (1335) esp_littlefs: Failed to initialize LittleFS
[  1395][E][LittleFS.cpp:98] begin(): Mounting LittleFS failed! Error: 261
[IMU] Initializing MPU6050...
[IMU] MPU6050 ready.
[BARO] Calibrating ground reference — keep still...
[BARO] Ground reference: 1180.50 hPa
[BARO] BME280 ready.
[ESC] DShot600 ready on GPIO 4/5/6/7
[PHYSICS] pitch=0.00 deg, altFt=-0.00 ft, dt=0.0000 s, rollCorr=0.000 pitchCorr=0.000 m1=1.00 m2=1.00 m3=1.00 m4=1.00
[Web] Server started.
[GPS + Compass Injection Test] Expected text matched: "[Web] Server started."
[GPS + Compass Injection Test] delay 2000ms
[PHYSICS] pitch=0.00 deg, altFt=-0.00 ft, dt=0.0098 s, rollCorr=0.000 pitchCorr=0.000 m1=0.80 m2=0.80 m3=0.80 m4=0.80
[PHYSICS] pitch=0.00 deg, altFt=-0.00 ft, dt=0.0202 s, rollCorr=0.000 pitchCorr=0.000 m1=0.80 m2=0.80 m3=0.80 m4=0.80
[PHYSICS] pitch=0.00 deg, altFt=-0.00 ft, dt=0.0098 s, rollCorr=0.000 pitchCorr=0.000 m1=0.80 m2=0.80 m3=0.80 m4=0.80
[PHYSICS] pitch=0.00 deg, altFt=-0.00 ft, dt=0.0100 s, rollCorr=0.000 pitchCorr=0.000 m1=0.80 m2=0.80 m3=0.80 m4=0.80
[PHYSICS] pitch=0.00 deg, altFt=-0.00 ft, dt=0.0198 s, rollCorr=0.000 pitchCorr=0.000 m1=0.81 m2=0.81 m3=0.81 m4=0.81
[PHYSICS] pitch=0.00 deg, altFt=-0.00 ft, dt=0.0099 s, rollCorr=0.000 pitchCorr=0.000 m1=0.81 m2=0.81 m3=0.81 m4=0.81
[PHYSICS] pitch=0.00 deg, altFt=-0.00 ft, dt=0.0099 s, rollCorr=0.000 pitchCorr=0.000 m1=0.81 m2=0.81 m3=0.81 m4=0.81
[PHYSICS] pitch=0.00 deg, altFt=-0.00 ft, dt=0.0098 s, rollCorr=0.000 pitchCorr=0.000 m1=0.81 m2=0.81 m3=0.81 m4=0.81
[PHYSICS] pitch=0.00 deg, altFt=-0.00 ft, dt=0.0201 s, rollCorr=0.000 pitchCorr=0.000 m1=0.81 m2=0.81 m3=0.81 m4=0.81
[PHYSICS] pitch=0.00 deg, altFt=-0.00 ft, dt=0.0098 s, rollCorr=0.000 pitchCorr=0.000 m1=0.81 m2=0.81 m3=0.81 m4=0.81
[PHYSICS] pitch=0.00 deg, altFt=-0.00 ft, dt=0.0097 s, rollCorr=0.000 pitchCorr=0.000 m1=0.81 m2=0.81 m3=0.81 m4=0.81
[PHYSICS] pitch=0.00 deg, altFt=-0.00 ft, dt=0.0202 s, rollCorr=0.000 pitchCorr=0.000 m1=0.82 m2=0.82 m3=0.82 m4=0.82
[PHYSICS] pitch=0.00 deg, altFt=-0.00 ft, dt=0.0098 s, rollCorr=0.000 pitchCorr=0.000 m1=0.82 m2=0.82 m3=0.82 m4=0.82
[PHYSICS] pitch=0.00 deg, altFt=-0.00 ft, dt=0.0100 s, rollCorr=0.000 pitchCorr=0.000 m1=0.82 m2=0.82 m3=0.82 m4=0.82
[PHYSICS] pitch=0.00 deg, altFt=-0.00 ft, dt=0.0100 s, rollCorr=0.000 pitchCorr=0.000 m1=0.82 m2=0.82 m3=0.82 m4=0.82
[PHYSICS] pitch=0.00 deg, altFt=-0.00 ft, dt=0.0202 s, rollCorr=0.000 pitchCorr=0.000 m1=0.82 m2=0.82 m3=0.82 m4=0.82
[PHYSICS] pitch=0.00 deg, altFt=-0.00 ft, dt=0.0098 s, rollCorr=0.000 pitchCorr=0.000 m1=0.82 m2=0.82 m3=0.82 m4=0.82
[PHYSICS] pitch=0.00 deg, altFt=-0.00 ft, dt=0.0100 s, rollCorr=0.000 pitchCorr=0.000 m1=0.82 m2=0.82 m3=0.82 m4=0.82
[PHYSICS] pitch=0.00 deg, altFt=-0.00 ft, dt=0.0100 s, rollCorr=0.000 pitchCorr=0.000 m1=0.82 m2=0.82 m3=0.82 m4=0.82
[PHYSICS] pitch=0.00 deg, altFt=-0.00 ft, dt=0.0202 s, rollCorr=0.000 pitchCorr=0.000 m1=0.83 m2=0.83 m3=0.83 m4=0.83
[PHYSICS] pitch=0.00 deg, altFt=-0.00 ft, dt=0.0098 s, rollCorr=0.000 pitchCorr=0.000 m1=0.83 m2=0.83 m3=0.83 m4=0.83
[PHYSICS] pitch=0.00 deg, altFt=-0.00 ft, dt=0.0100 s, rollCorr=0.000 pitchCorr=0.000 m1=0.83 m2=0.83 m3=0.83 m4=0.83
[PHYSICS] pitch=0.00 deg, altFt=-0.00 ft, dt=0.0100 s, rollCorr=0.000 pitchCorr=0.000 m1=0.83 m2=0.83 m3=0.83 m4=0.83
[PHYSICS] pitch=0.00 deg, altFt=-0.00 ft, dt=0.0202 s, rollCorr=0.000 pitchCorr=0.000 m1=0.83 m2=0.83 m3=0.83 m4=0.83
[PHYSICS] pitch=0.00 deg, altFt=-0.00 ft, dt=0.0098 s, rollCorr=0.000 pitchCorr=0.000 m1=0.83 m2=0.83 m3=0.83 m4=0.83
[PHYSICS] pitch=0.00 deg, altFt=-0.00 ft, dt=0.0100 s, rollCorr=0.000 pitchCorr=0.000 m1=0.83 m2=0.83 m3=0.83 m4=0.83
[PHYSICS] pitch=0.00 deg, altFt=-0.00 ft, dt=0.0100 s, rollCorr=0.000 pitchCorr=0.000 m1=0.83 m2=0.83 m3=0.83 m4=0.83
[PHYSICS] pitch=0.00 deg, altFt=-0.00 ft, dt=0.0202 s, rollCorr=0.000 pitchCorr=0.000 m1=0.84 m2=0.84 m3=0.84 m4=0.84
[PHYSICS] pitch=0.00 deg, altFt=-0.00 ft, dt=0.0098 s, rollCorr=0.000 pitchCorr=0.000 m1=0.84 m2=0.84 m3=0.84 m4=0.84
[PHYSICS] pitch=0.00 deg, altFt=-0.00 ft, dt=0.0100 s, rollCorr=0.000 pitchCorr=0.000 m1=0.84 m2=0.84 m3=0.84 m4=0.84
[PHYSICS] pitch=0.00 deg, altFt=-0.00 ft, dt=0.0100 s, rollCorr=0.000 pitchCorr=0.000 m1=0.84 m2=0.84 m3=0.84 m4=0.84
[PHYSICS] pitch=0.00 deg, altFt=-0.00 ft, dt=0.0202 s, rollCorr=0.000 pitchCorr=0.000 m1=0.84 m2=0.84 m3=0.84 m4=0.84
[PHYSICS] pitch=0.00 deg, altFt=-0.00 ft, dt=0.0098 s, rollCorr=0.000 pitchCorr=0.000 m1=0.84 m2=0.84 m3=0.84 m4=0.84
[PHYSICS] pitch=0.00 deg, altFt=-0.00 ft, dt=0.0100 s, rollCorr=0.000 pitchCorr=0.000 m1=0.84 m2=0.84 m3=0.84 m4=0.84
[PHYSICS] pitch=0.00 deg, altFt=-0.00 ft, dt=0.0100 s, rollCorr=0.000 pitchCorr=0.000 m1=0.84 m2=0.84 m3=0.84 m4=0.84
[PHYSICS] pitch=0.00 deg, altFt=-0.00 ft, dt=0.0202 s, rollCorr=0.000 pitchCorr=0.000 m1=0.85 m2=0.85 m3=0.85 m4=0.85
[PHYSICS] pitch=0.00 deg, altFt=-0.00 ft, dt=0.0098 s, rollCorr=0.000 pitchCorr=0.000 m1=0.85 m2=0.85 m3=0.85 m4=0.85
[PHYSICS] pitch=0.00 deg, altFt=-0.00 ft, dt=0.0100 s, rollCorr=0.000 pitchCorr=0.000 m1=0.85 m2=0.85 m3=0.85 m4=0.85
[PHYSICS] pitch=0.00 deg, altFt=-0.00 ft, dt=0.0100 s, rollCorr=0.000 pitchCorr=0.000 m1=0.85 m2=0.85 m3=0.85 m4=0.85
[PHYSICS] pitch=0.00 deg, altFt=-0.00 ft, dt=0.0202 s, rollCorr=0.000 pitchCorr=0.000 m1=0.85 m2=0.85 m3=0.85 m4=0.85
[PHYSICS] pitch=0.00 deg, altFt=-0.00 ft, dt=0.0098 s, rollCorr=0.000 pitchCorr=0.000 m1=0.85 m2=0.85 m3=0.85 m4=0.85
[PHYSICS] pitch=0.00 deg, altFt=-0.00 ft, dt=0.0100 s, rollCorr=0.000 pitchCorr=0.000 m1=0.85 m2=0.85 m3=0.85 m4=0.85
[PHYSICS] pitch=0.00 deg, altFt=-0.00 ft, dt=0.0100 s, rollCorr=0.000 pitchCorr=0.000 m1=0.85 m2=0.85 m3=0.85 m4=0.85
[PHYSICS] pitch=0.00 deg, altFt=-0.00 ft, dt=0.0202 s, rollCorr=0.000 pitchCorr=0.000 m1=0.86 m2=0.86 m3=0.86 m4=0.86
[PHYSICS] pitch=0.00 deg, altFt=-0.00 ft, dt=0.0098 s, rollCorr=0.000 pitchCorr=0.000 m1=0.86 m2=0.86 m3=0.86 m4=0.86
[PHYSICS] pitch=0.00 deg, altFt=-0.00 ft, dt=0.0100 s, rollCorr=0.000 pitchCorr=0.000 m1=0.86 m2=0.86 m3=0.86 m4=0.86
[PHYSICS] pitch=0.00 deg, altFt=-0.00 ft, dt=0.0100 s, rollCorr=0.000 pitchCorr=0.000 m1=0.86 m2=0.86 m3=0.86 m4=0.86
[PHYSICS] pitch=0.00 deg, altFt=-0.00 ft, dt=0.0202 s, rollCorr=0.000 pitchCorr=0.000 m1=0.86 m2=0.86 m3=0.86 m4=0.86
[PHYSICS] pitch=0.00 deg, altFt=-0.00 ft, dt=0.0098 s, rollCorr=0.000 pitchCorr=0.000 m1=0.86 m2=0.86 m3=0.86 m4=0.86
[PHYSICS] pitch=0.00 deg, altFt=-0.00 ft, dt=0.0100 s, rollCorr=0.000 pitchCorr=0.000 m1=0.86 m2=0.86 m3=0.86 m4=0.86
[PHYSICS] pitch=0.00 deg, altFt=-0.00 ft, dt=0.0100 s, rollCorr=0.000 pitchCorr=0.000 m1=0.86 m2=0.86 m3=0.86 m4=0.86
[PHYSICS] pitch=0.00 deg, altFt=-0.00 ft, dt=0.0202 s, rollCorr=0.000 pitchCorr=0.000 m1=0.87 m2=0.87 m3=0.87 m4=0.87
[PHYSICS] pitch=0.00 deg, altFt=-0.00 ft, dt=0.0098 s, rollCorr=0.000 pitchCorr=0.000 m1=0.87 m2=0.87 m3=0.87 m4=0.87
[PHYSICS] pitch=0.00 deg, altFt=-0.00 ft, dt=0.0100 s, rollCorr=0.000 pitchCorr=0.000 m1=0.87 m2=0.87 m3=0.87 m4=0.87
[PHYSICS] pitch=0.00 deg, altFt=-0.00 ft, dt=0.0100 s, rollCorr=0.000 pitchCorr=0.000 m1=0.87 m2=0.87 m3=0.87 m4=0.87
[PHYSICS] pitch=0.00 deg, altFt=-0.00 ft, dt=0.0202 s, rollCorr=0.000 pitchCorr=0.000 m1=0.87 m2=0.87 m3=0.87 m4=0.87
[PHYSICS] pitch=0.00 deg, altFt=-0.00 ft, dt=0.0098 s, rollCorr=0.000 pitchCorr=0.000 m1=0.87 m2=0.87 m3=0.87 m4=0.87
[PHYSICS] pitch=0.00 deg, altFt=-0.00 ft, dt=0.0100 s, rollCorr=0.000 pitchCorr=0.000 m1=0.87 m2=0.87 m3=0.87 m4=0.87
[PHYSICS] pitch=0.00 deg, altFt=-0.00 ft, dt=0.0100 s, rollCorr=0.000 pitchCorr=0.000 m1=0.87 m2=0.87 m3=0.87 m4=0.87
[PHYSICS] pitch=0.00 deg, altFt=-0.00 ft, dt=0.0202 s, rollCorr=0.000 pitchCorr=0.000 m1=0.88 m2=0.88 m3=0.88 m4=0.88
[PHYSICS] pitch=0.00 deg, altFt=-0.00 ft, dt=0.0098 s, rollCorr=0.000 pitchCorr=0.000 m1=0.88 m2=0.88 m3=0.88 m4=0.88
[PHYSICS] pitch=0.00 deg, altFt=-0.00 ft, dt=0.0100 s, rollCorr=0.000 pitchCorr=0.000 m1=0.88 m2=0.88 m3=0.88 m4=0.88
[PHYSICS] pitch=0.00 deg, altFt=-0.00 ft, dt=0.0100 s, rollCorr=0.000 pitchCorr=0.000 m1=0.88 m2=0.88 m3=0.88 m4=0.88
[PHYSICS] pitch=0.00 deg, altFt=-0.00 ft, dt=0.0202 s, rollCorr=0.000 pitchCorr=0.000 m1=0.88 m2=0.88 m3=0.88 m4=0.88
[PHYSICS] pitch=0.00 deg, altFt=-0.00 ft, dt=0.0098 s, rollCorr=0.000 pitchCorr=0.000 m1=0.88 m2=0.88 m3=0.88 m4=0.88
[PHYSICS] pitch=0.00 deg, altFt=-0.00 ft, dt=0.0100 s, rollCorr=0.000 pitchCorr=0.000 m1=0.88 m2=0.88 m3=0.88 m4=0.88
[PHYSICS] pitch=0.00 deg, altFt=-0.00 ft, dt=0.0100 s, rollCorr=0.000 pitchCorr=0.000 m1=0.88 m2=0.88 m3=0.88 m4=0.88
[PHYSICS] pitch=0.00 deg, altFt=-0.00 ft, dt=0.0202 s, rollCorr=0.000 pitchCorr=0.000 m1=0.89 m2=0.89 m3=0.89 m4=0.89
[PHYSICS] pitch=0.00 deg, altFt=-0.00 ft, dt=0.0098 s, rollCorr=0.000 pitchCorr=0.000 m1=0.89 m2=0.89 m3=0.89 m4=0.89
[PHYSICS] pitch=0.00 deg, altFt=-0.00 ft, dt=0.0100 s, rollCorr=0.000 pitchCorr=0.000 m1=0.89 m2=0.89 m3=0.89 m4=0.89
[PHYSICS] pitch=0.00 deg, altFt=-0.00 ft, dt=0.0100 s, rollCorr=0.000 pitchCorr=0.000 m1=0.89 m2=0.89 m3=0.89 m4=0.89
[PHYSICS] pitch=0.00 deg, altFt=-0.00 ft, dt=0.0202 s, rollCorr=0.000 pitchCorr=0.000 m1=0.89 m2=0.89 m3=0.89 m4=0.89
[PHYSICS] pitch=0.00 deg, altFt=-0.00 ft, dt=0.0098 s, rollCorr=0.000 pitchCorr=0.000 m1=0.89 m2=0.89 m3=0.89 m4=0.89
[PHYSICS] pitch=0.00 deg, altFt=-0.00 ft, dt=0.0100 s, rollCorr=0.000 pitchCorr=0.000 m1=0.89 m2=0.89 m3=0.89 m4=0.89
[PHYSICS] pitch=0.00 deg, altFt=-0.00 ft, dt=0.0100 s, rollCorr=0.000 pitchCorr=0.000 m1=0.89 m2=0.89 m3=0.89 m4=0.89
[PHYSICS] pitch=0.00 deg, altFt=-0.00 ft, dt=0.0202 s, rollCorr=0.000 pitchCorr=0.000 m1=0.90 m2=0.90 m3=0.90 m4=0.90
[PHYSICS] pitch=0.00 deg, altFt=-0.00 ft, dt=0.0098 s, rollCorr=0.000 pitchCorr=0.000 m1=0.90 m2=0.90 m3=0.90 m4=0.90
[PHYSICS] pitch=0.00 deg, altFt=-0.00 ft, dt=0.0100 s, rollCorr=0.000 pitchCorr=0.000 m1=0.90 m2=0.90 m3=0.90 m4=0.90
[PHYSICS] pitch=0.00 deg, altFt=-0.00 ft, dt=0.0100 s, rollCorr=0.000 pitchCorr=0.000 m1=0.90 m2=0.90 m3=0.90 m4=0.90
[PHYSICS] pitch=0.00 deg, altFt=-0.00 ft, dt=0.0202 s, rollCorr=0.000 pitchCorr=0.000 m1=0.90 m2=0.90 m3=0.90 m4=0.90
[PHYSICS] pitch=0.00 deg, altFt=-0.00 ft, dt=0.0098 s, rollCorr=0.000 pitchCorr=0.000 m1=0.90 m2=0.90 m3=0.90 m4=0.90
[PHYSICS] pitch=0.00 deg, altFt=-0.00 ft, dt=0.0100 s, rollCorr=0.000 pitchCorr=0.000 m1=0.90 m2=0.90 m3=0.90 m4=0.90
[PHYSICS] pitch=0.00 deg, altFt=-0.00 ft, dt=0.0100 s, rollCorr=0.000 pitchCorr=0.000 m1=0.90 m2=0.90 m3=0.90 m4=0.90
[PHYSICS] pitch=0.00 deg, altFt=-0.00 ft, dt=0.0202 s, rollCorr=0.000 pitchCorr=0.000 m1=0.91 m2=0.91 m3=0.91 m4=0.91
[PHYSICS] pitch=0.00 deg, altFt=-0.00 ft, dt=0.0098 s, rollCorr=0.000 pitchCorr=0.000 m1=0.91 m2=0.91 m3=0.91 m4=0.91
[PHYSICS] pitch=0.00 deg, altFt=-0.00 ft, dt=0.0100 s, rollCorr=0.000 pitchCorr=0.000 m1=0.91 m2=0.91 m3=0.91 m4=0.91
[PHYSICS] pitch=0.00 deg, altFt=-0.00 ft, dt=0.0100 s, rollCorr=0.000 pitchCorr=0.000 m1=0.91 m2=0.91 m3=0.91 m4=0.91
[PHYSICS] pitch=0.00 deg, altFt=-0.00 ft, dt=0.0202 s, rollCorr=0.000 pitchCorr=0.000 m1=0.91 m2=0.91 m3=0.91 m4=0.91
[PHYSICS] pitch=0.00 deg, altFt=-0.00 ft, dt=0.0098 s, rollCorr=0.000 pitchCorr=0.000 m1=0.91 m2=0.91 m3=0.91 m4=0.91
[PHYSICS] pitch=0.00 deg, altFt=-0.00 ft, dt=0.0100 s, rollCorr=0.000 pitchCorr=0.000 m1=0.91 m2=0.91 m3=0.91 m4=0.91
[PHYSICS] pitch=0.00 deg, altFt=-0.00 ft, dt=0.0100 s, rollCorr=0.000 pitchCorr=0.000 m1=0.91 m2=0.91 m3=0.91 m4=0.91
[PHYSICS] pitch=0.00 deg, altFt=-0.00 ft, dt=0.0202 s, rollCorr=0.000 pitchCorr=0.000 m1=0.92 m2=0.92 m3=0.92 m4=0.92
[PHYSICS] pitch=0.00 deg, altFt=-0.00 ft, dt=0.0098 s, rollCorr=0.000 pitchCorr=0.000 m1=0.92 m2=0.92 m3=0.92 m4=0.92
[PHYSICS] pitch=0.00 deg, altFt=-0.00 ft, dt=0.0100 s, rollCorr=0.000 pitchCorr=0.000 m1=0.92 m2=0.92 m3=0.92 m4=0.92
[PHYSICS] pitch=0.00 deg, altFt=-0.00 ft, dt=0.0100 s, rollCorr=0.000 pitchCorr=0.000 m1=0.92 m2=0.92 m3=0.92 m4=0.92
[PHYSICS] pitch=0.00 deg, altFt=-0.00 ft, dt=0.0202 s, rollCorr=0.000 pitchCorr=0.000 m1=0.92 m2=0.92 m3=0.92 m4=0.92
[PHYSICS] pitch=0.00 deg, altFt=-0.00 ft, dt=0.0098 s, rollCorr=0.000 pitchCorr=0.000 m1=0.92 m2=0.92 m3=0.92 m4=0.92
[PHYSICS] pitch=0.00 deg, altFt=-0.00 ft, dt=0.0100 s, rollCorr=0.000 pitchCorr=0.000 m1=0.92 m2=0.92 m3=0.92 m4=0.92
[PHYSICS] pitch=0.00 deg, altFt=-0.00 ft, dt=0.0100 s, rollCorr=0.000 pitchCorr=0.000 m1=0.92 m2=0.92 m3=0.92 m4=0.92
[PHYSICS] pitch=0.00 deg, altFt=-0.00 ft, dt=0.0202 s, rollCorr=0.000 pitchCorr=0.000 m1=0.93 m2=0.93 m3=0.93 m4=0.93
[PHYSICS] pitch=0.00 deg, altFt=-0.00 ft, dt=0.0098 s, rollCorr=0.000 pitchCorr=0.000 m1=0.93 m2=0.93 m3=0.93 m4=0.93
[PHYSICS] pitch=0.00 deg, altFt=-0.00 ft, dt=0.0100 s, rollCorr=0.000 pitchCorr=0.000 m1=0.93 m2=0.93 m3=0.93 m4=0.93
[PHYSICS] pitch=0.00 deg, altFt=-0.00 ft, dt=0.0100 s, rollCorr=0.000 pitchCorr=0.000 m1=0.93 m2=0.93 m3=0.93 m4=0.93
[PHYSICS] pitch=0.00 deg, altFt=-0.00 ft, dt=0.0202 s, rollCorr=0.000 pitchCorr=0.000 m1=0.93 m2=0.93 m3=0.93 m4=0.93
[PHYSICS] pitch=0.00 deg, altFt=-0.00 ft, dt=0.0098 s, rollCorr=0.000 pitchCorr=0.000 m1=0.93 m2=0.93 m3=0.93 m4=0.93
[PHYSICS] pitch=0.00 deg, altFt=-0.00 ft, dt=0.0100 s, rollCorr=0.000 pitchCorr=0.000 m1=0.93 m2=0.93 m3=0.93 m4=0.93
[PHYSICS] pitch=0.00 deg, altFt=-0.00 ft, dt=0.0100 s, rollCorr=0.000 pitchCorr=0.000 m1=0.93 m2=0.93 m3=0.93 m4=0.93
[PHYSICS] pitch=0.00 deg, altFt=-0.00 ft, dt=0.0202 s, rollCorr=0.000 pitchCorr=0.000 m1=0.94 m2=0.94 m3=0.94 m4=0.94
[PHYSICS] pitch=0.00 deg, altFt=-0.00 ft, dt=0.0098 s, rollCorr=0.000 pitchCorr=0.000 m1=0.94 m2=0.94 m3=0.94 m4=0.94
[PHYSICS] pitch=0.00 deg, altFt=-0.00 ft, dt=0.0100 s, rollCorr=0.000 pitchCorr=0.000 m1=0.94 m2=0.94 m3=0.94 m4=0.94
[PHYSICS] pitch=0.00 deg, altFt=-0.00 ft, dt=0.0100 s, rollCorr=0.000 pitchCorr=0.000 m1=0.94 m2=0.94 m3=0.94 m4=0.94
[PHYSICS] pitch=0.00 deg, altFt=-0.00 ft, dt=0.0202 s, rollCorr=0.000 pitchCorr=0.000 m1=0.94 m2=0.94 m3=0.94 m4=0.94
[PHYSICS] pitch=0.00 deg, altFt=-0.00 ft, dt=0.0098 s, rollCorr=0.000 pitchCorr=0.000 m1=0.94 m2=0.94 m3=0.94 m4=0.94
[PHYSICS] pitch=0.00 deg, altFt=-0.00 ft, dt=0.0100 s, rollCorr=0.000 pitchCorr=0.000 m1=0.94 m2=0.94 m3=0.94 m4=0.94
[PHYSICS] pitch=0.00 deg, altFt=-0.00 ft, dt=0.0100 s, rollCorr=0.000 pitchCorr=0.000 m1=0.94 m2=0.94 m3=0.94 m4=0.94
[PHYSICS] pitch=0.00 deg, altFt=-0.00 ft, dt=0.0202 s, rollCorr=0.000 pitchCorr=0.000 m1=0.95 m2=0.95 m3=0.95 m4=0.95
[PHYSICS] pitch=0.00 deg, altFt=-0.00 ft, dt=0.0098 s, rollCorr=0.000 pitchCorr=0.000 m1=0.95 m2=0.95 m3=0.95 m4=0.95
[PHYSICS] pitch=0.00 deg, altFt=-0.00 ft, dt=0.0100 s, rollCorr=0.000 pitchCorr=0.000 m1=0.95 m2=0.95 m3=0.95 m4=0.95
[PHYSICS] pitch=0.00 deg, altFt=-0.00 ft, dt=0.0100 s, rollCorr=0.000 pitchCorr=0.000 m1=0.95 m2=0.95 m3=0.95 m4=0.95
[PHYSICS] pitch=0.00 deg, altFt=-0.00 ft, dt=0.0202 s, rollCorr=0.000 pitchCorr=0.000 m1=0.95 m2=0.95 m3=0.95 m4=0.95
[PHYSICS] pitch=0.00 deg, altFt=-0.00 ft, dt=0.0098 s, rollCorr=0.000 pitchCorr=0.000 m1=0.95 m2=0.95 m3=0.95 m4=0.95
[PHYSICS] pitch=0.00 deg, altFt=-0.00 ft, dt=0.0100 s, rollCorr=0.000 pitchCorr=0.000 m1=0.95 m2=0.95 m3=0.95 m4=0.95
[PHYSICS] pitch=0.00 deg, altFt=-0.00 ft, dt=0.0100 s, rollCorr=0.000 pitchCorr=0.000 m1=0.95 m2=0.95 m3=0.95 m4=0.95
[PHYSICS] pitch=0.00 deg, altFt=-0.00 ft, dt=0.0202 s, rollCorr=0.000 pitchCorr=0.000 m1=0.96 m2=0.96 m3=0.96 m4=0.96
[PHYSICS] pitch=0.00 deg, altFt=-0.00 ft, dt=0.0098 s, rollCorr=0.000 pitchCorr=0.000 m1=0.96 m2=0.96 m3=0.96 m4=0.96
[PHYSICS] pitch=0.00 deg, altFt=-0.00 ft, dt=0.0100 s, rollCorr=0.000 pitchCorr=0.000 m1=0.96 m2=0.96 m3=0.96 m4=0.96
[PHYSICS] pitch=0.00 deg, altFt=-0.00 ft, dt=0.0100 s, rollCorr=0.000 pitchCorr=0.000 m1=0.96 m2=0.96 m3=0.96 m4=0.96
[PHYSICS] pitch=0.00 deg, altFt=-0.00 ft, dt=0.0202 s, rollCorr=0.000 pitchCorr=0.000 m1=0.96 m2=0.96 m3=0.96 m4=0.96
[PHYSICS] pitch=0.00 deg, altFt=-0.00 ft, dt=0.0098 s, rollCorr=0.000 pitchCorr=0.000 m1=0.96 m2=0.96 m3=0.96 m4=0.96
[PHYSICS] pitch=0.00 deg, altFt=-0.00 ft, dt=0.0100 s, rollCorr=0.000 pitchCorr=0.000 m1=0.96 m2=0.96 m3=0.96 m4=0.96
[PHYSICS] pitch=0.00 deg, altFt=-0.00 ft, dt=0.0100 s, rollCorr=0.000 pitchCorr=0.000 m1=0.96 m2=0.96 m3=0.96 m4=0.96
[PHYSICS] pitch=0.00 deg, altFt=-0.00 ft, dt=0.0202 s, rollCorr=0.000 pitchCorr=0.000 m1=0.97 m2=0.97 m3=0.97 m4=0.97
[PHYSICS] pitch=0.00 deg, altFt=-0.00 ft, dt=0.0098 s, rollCorr=0.000 pitchCorr=0.000 m1=0.97 m2=0.97 m3=0.97 m4=0.97
[PHYSICS] pitch=0.00 deg, altFt=-0.00 ft, dt=0.0100 s, rollCorr=0.000 pitchCorr=0.000 m1=0.97 m2=0.97 m3=0.97 m4=0.97
[PHYSICS] pitch=0.00 deg, altFt=-0.00 ft, dt=0.0100 s, rollCorr=0.000 pitchCorr=0.000 m1=0.97 m2=0.97 m3=0.97 m4=0.97
[PHYSICS] pitch=0.00 deg, altFt=-0.00 ft, dt=0.0202 s, rollCorr=0.000 pitchCorr=0.000 m1=0.97 m2=0.97 m3=0.97 m4=0.97
[PHYSICS] pitch=0.00 deg, altFt=-0.00 ft, dt=0.0098 s, rollCorr=0.000 pitchCorr=0.000 m1=0.97 m2=0.97 m3=0.97 m4=0.97
[PHYSICS] pitch=0.00 deg, altFt=-0.00 ft, dt=0.0100 s, rollCorr=0.000 pitchCorr=0.000 m1=0.97 m2=0.97 m3=0.97 m4=0.97
[PHYSICS] pitch=0.00 deg, altFt=-0.00 ft, dt=0.0100 s, rollCorr=0.000 pitchCorr=0.000 m1=0.97 m2=0.97 m3=0.97 m4=0.97
[PHYSICS] pitch=0.00 deg, altFt=-0.00 ft, dt=0.0202 s, rollCorr=0.000 pitchCorr=0.000 m1=0.98 m2=0.98 m3=0.98 m4=0.98
[PHYSICS] pitch=0.00 deg, altFt=-0.00 ft, dt=0.0098 s, rollCorr=0.000 pitchCorr=0.000 m1=0.98 m2=0.98 m3=0.98 m4=0.98
[PHYSICS] pitch=0.00 deg, altFt=-0.00 ft, dt=0.0100 s, rollCorr=0.000 pitchCorr=0.000 m1=0.98 m2=0.98 m3=0.98 m4=0.98
[PHYSICS] pitch=0.00 deg, altFt=-0.00 ft, dt=0.0100 s, rollCorr=0.000 pitchCorr=0.000 m1=0.98 m2=0.98 m3=0.98 m4=0.98
[PHYSICS] pitch=0.00 deg, altFt=-0.00 ft, dt=0.0202 s, rollCorr=0.000 pitchCorr=0.000 m1=0.98 m2=0.98 m3=0.98 m4=0.98
[PHYSICS] pitch=0.00 deg, altFt=-0.00 ft, dt=0.0098 s, rollCorr=0.000 pitchCorr=0.000 m1=0.98 m2=0.98 m3=0.98 m4=0.98
[PHYSICS] pitch=0.00 deg, altFt=-0.00 ft, dt=0.0100 s, rollCorr=0.000 pitchCorr=0.000 m1=0.98 m2=0.98 m3=0.98 m4=0.98
[PHYSICS] pitch=0.00 deg, altFt=-0.00 ft, dt=0.0100 s, rollCorr=0.000 pitchCorr=0.000 m1=0.98 m2=0.98 m3=0.98 m4=0.98
[PHYSICS] pitch=0.00 deg, altFt=-0.00 ft, dt=0.0202 s, rollCorr=0.000 pitchCorr=0.000 m1=0.99 m2=0.99 m3=0.99 m4=0.99
[PHYSICS] pitch=0.00 deg, altFt=-0.00 ft, dt=0.0098 s, rollCorr=0.000 pitchCorr=0.000 m1=0.99 m2=0.99 m3=0.99 m4=0.99
[PHYSICS] pitch=0.00 deg, altFt=-0.00 ft, dt=0.0100 s, rollCorr=0.000 pitchCorr=0.000 m1=0.99 m2=0.99 m3=0.99 m4=0.99
[PHYSICS] pitch=0.00 deg, altFt=-0.00 ft, dt=0.0100 s, rollCorr=0.000 pitchCorr=0.000 m1=0.99 m2=0.99 m3=0.99 m4=0.99
[PHYSICS] pitch=0.00 deg, altFt=-0.00 ft, dt=0.0202 s, rollCorr=0.000 pitchCorr=0.000 m1=0.99 m2=0.99 m3=0.99 m4=0.99
[PHYSICS] pitch=0.00 deg, altFt=-0.00 ft, dt=0.0098 s, rollCorr=0.000 pitchCorr=0.000 m1=0.99 m2=0.99 m3=0.99 m4=0.99
[PHYSICS] pitch=0.00 deg, altFt=-0.00 ft, dt=0.0100 s, rollCorr=0.000 pitchCorr=0.000 m1=0.99 m2=0.99 m3=0.99 m4=0.99
[PHYSICS] pitch=0.00 deg, altFt=-0.00 ft, dt=0.0100 s, rollCorr=0.000 pitchCorr=0.000 m1=0.99 m2=0.99 m3=0.99 m4=0.99
[PHYSICS] pitch=0.00 deg, altFt=-0.00 ft, dt=0.0202 s, rollCorr=0.000 pitchCorr=0.000 m1=1.00 m2=1.00 m3=1.00 m4=1.00
[PHYSICS] pitch=0.00 deg, altFt=-0.00 ft, dt=0.0098 s, rollCorr=0.000 pitchCorr=0.000 m1=1.00 m2=1.00 m3=1.00 m4=1.00
[PHYSICS] pitch=0.00 deg, altFt=-0.00 ft, dt=0.0100 s, rollCorr=0.000 pitchCorr=0.000 m1=1.00 m2=1.00 m3=1.00 m4=1.00
[PHYSICS] pitch=0.00 deg, altFt=-0.00 ft, dt=0.0100 s, rollCorr=0.000 pitchCorr=0.000 m1=1.00 m2=1.00 m3=1.00 m4=1.00
[PHYSICS] pitch=0.00 deg, altFt=-0.0
[GPS + Compass Injection Test] delay 3000ms
0 ft, dt=0.0202 s, rollCorr=0.000 pitchCorr=0.000 m1=1.00 m2=1.00 m3=1.00 m4=1.00
[PHYSICS] pitch=0.00 deg, altFt=-0.00 ft, dt=0.0098 s, rollCorr=0.000 pitchCorr=0.000 m1=1.00 m2=1.00 m3=1.00 m4=1.00
[PHYSICS] pitch=0.00 deg, altFt=-0.00 ft, dt=0.0100 s, rollCorr=0.000 pitchCorr=0.000 m1=1.00 m2=1.00 m3=1.00 m4=1.00
[PHYSICS] pitch=0.00 deg, altFt=-0.00 ft, dt=0.0100 s, rollCorr=0.000 pitchCorr=0.000 m1=1.00 m2=1.00 m3=1.00 m4=1.00
[PHYSICS] pitch=0.00 deg, altFt=-0.00 ft, dt=0.0202 s, rollCorr=0.000 pitchCorr=0.000 m1=1.00 m2=1.00 m3=1.00 m4=1.00
[PHYSICS] pitch=0.00 deg, altFt=-0.00 ft, dt=0.0099 s, rollCorr=0.000 pitchCorr=0.000 m1=1.00 m2=1.00 m3=1.00 m4=1.00
[PHYSICS] pitch=0.00 deg, altFt=-0.00 ft, dt=0.0099 s, rollCorr=0.000 pitchCorr=0.000 m1=1.00 m2=1.00 m3=1.00 m4=1.00
[PHYSICS] pitch=0.00 deg, altFt=-0.00 ft, dt=0.0100 s, rollCorr=0.000 pitchCorr=0.000 m1=1.00 m2=1.00 m3=1.00 m4=1.00
[PHYSICS] pitch=0.00 deg, altFt=-0.00 ft, dt=0.0202 s, rollCorr=0.000 pitchCorr=0.000 m1=1.00 m2=0.80 m3=0.80 m4=1.00
[PHYSICS] pitch=0.00 deg, altFt=-0.00 ft, dt=0.0098 s, rollCorr=0.000 pitchCorr=0.000 m1=1.00 m2=0.80 m3=0.80 m4=1.00
[PHYSICS] pitch=0.00 deg, altFt=-0.00 ft, dt=0.0100 s, rollCorr=0.000 pitchCorr=0.000 m1=1.00 m2=0.80 m3=0.80 m4=1.00
[PHYSICS] pitch=0.00 deg, altFt=-0.00 ft, dt=0.0099 s, rollCorr=0.000 pitchCorr=0.000 m1=1.00 m2=0.80 m3=0.80 m4=1.00
[PHYSICS] pitch=0.00 deg, altFt=-0.00 ft, dt=0.0202 s, rollCorr=0.000 pitchCorr=0.000 m1=1.00 m2=0.80 m3=0.80 m4=1.00
[PHYSICS] pitch=0.00 deg, altFt=-0.00 ft, dt=0.0098 s, rollCorr=0.000 pitchCorr=0.000 m1=1.00 m2=0.80 m3=0.80 m4=1.00
[PHYSICS] pitch=0.00 deg, altFt=-0.00 ft, dt=0.0100 s, rollCorr=0.000 pitchCorr=0.000 m1=1.00 m2=0.80 m3=0.80 m4=1.00
[PHYSICS] pitch=0.00 deg, altFt=-0.00 ft, dt=0.0100 s, rollCorr=0.000 pitchCorr=0.000 m1=1.00 m2=0.80 m3=0.80 m4=1.00
[PHYSICS] pitch=0.00 deg, altFt=-0.00 ft, dt=0.0202 s, rollCorr=0.000 pitchCorr=0.000 m1=1.00 m2=0.80 m3=0.80 m4=1.00
[PHYSICS] pitch=0.00 deg, altFt=-0.00 ft, dt=0.0098 s, rollCorr=0.000 pitchCorr=0.000 m1=1.00 m2=0.80 m3=0.80 m4=1.00
[PHYSICS] pitch=0.00 deg, altFt=-0.00 ft, dt=0.0100 s, rollCorr=0.000 pitchCorr=0.000 m1=1.00 m2=0.80 m3=0.80 m4=1.00
[PHYSICS] pitch=0.00 deg, altFt=-0.00 ft, dt=0.0100 s, rollCorr=0.000 pitchCorr=0.000 m1=1.00 m2=0.80 m3=0.80 m4=1.00
[PHYSICS] pitch=0.00 deg, altFt=-0.00 ft, dt=0.0202 s, rollCorr=0.000 pitchCorr=0.000 m1=1.00 m2=0.80 m3=0.80 m4=1.00
[PHYSICS] pitch=0.00 deg, altFt=-0.00 ft, dt=0.0098 s, rollCorr=0.000 pitchCorr=0.000 m1=1.00 m2=0.80 m3=0.80 m4=1.00
[PHYSICS] pitch=0.00 deg, altFt=-0.00 ft, dt=0.0100 s, rollCorr=0.000 pitchCorr=0.000 m1=1.00 m2=0.80 m3=0.80 m4=1.00
[PHYSICS] pitch=0.00 deg, altFt=-0.00 ft, dt=0.0100 s, rollCorr=0.000 pitchCorr=0.000 m1=1.00 m2=0.80 m3=0.80 m4=1.00
[PHYSICS] pitch=0.00 deg, altFt=-0.00 ft, dt=0.0202 s, rollCorr=0.000 pitchCorr=0.000 m1=1.00 m2=0.80 m3=0.80 m4=1.00
[PHYSICS] pitch=0.00 deg, altFt=-0.00 ft, dt=0.0098 s, rollCorr=0.000 pitchCorr=0.000 m1=1.00 m2=0.80 m3=0.80 m4=1.00
[PHYSICS] pitch=0.00 deg, altFt=-0.00 ft, dt=0.0100 s, rollCorr=0.000 pitchCorr=0.000 m1=1.00 m2=0.80 m3=0.80 m4=1.00
[PHYSICS] pitch=0.00 deg, altFt=-0.00 ft, dt=0.0100 s, rollCorr=0.000 pitchCorr=0.000 m1=1.00 m2=0.80 m3=0.80 m4=1.00
[PHYSICS] pitch=0.00 deg, altFt=-0.00 ft, dt=0.0202 s, rollCorr=0.000 pitchCorr=0.000 m1=1.00 m2=0.80 m3=0.80 m4=1.00
[PHYSICS] pitch=0.00 deg, altFt=-0.00 ft, dt=0.0098 s, rollCorr=0.000 pitchCorr=0.000 m1=1.00 m2=0.80 m3=0.80 m4=1.00
[PHYSICS] pitch=0.00 deg, altFt=-0.00 ft, dt=0.0100 s, rollCorr=0.000 pitchCorr=0.000 m1=1.00 m2=0.80 m3=0.80 m4=1.00
[PHYSICS] pitch=0.00 deg, altFt=-0.00 ft, dt=0.0100 s, rollCorr=0.000 pitchCorr=0.000 m1=1.00 m2=0.80 m3=0.80 m4=1.00
[PHYSICS] pitch=0.00 deg, altFt=-0.00 ft, dt=0.0202 s, rollCorr=0.000 pitchCorr=0.000 m1=1.00 m2=0.80 m3=0.80 m4=1.00
[PHYSICS] pitch=0.00 deg, altFt=-0.00 ft, dt=0.0098 s, rollCorr=0.000 pitchCorr=0.000 m1=1.00 m2=0.80 m3=0.80 m4=1.00
[PHYSICS] pitch=0.00 deg, altFt=-0.00 ft, dt=0.0100 s, rollCorr=0.000 pitchCorr=0.000 m1=1.00 m2=0.80 m3=0.80 m4=1.00
[PHYSICS] pitch=0.00 deg, altFt=-0.00 ft, dt=0.0100 s, rollCorr=0.000 pitchCorr=0.000 m1=1.00 m2=0.80 m3=0.80 m4=1.00
[PHYSICS] pitch=0.00 deg, altFt=-0.00 ft, dt=0.0202 s, rollCorr=0.000 pitchCorr=0.000 m1=1.00 m2=0.80 m3=0.80 m4=1.00
[PHYSICS] pitch=0.00 deg, altFt=-0.00 ft, dt=0.0098 s, rollCorr=0.000 pitchCorr=0.000 m1=1.00 m2=0.80 m3=0.80 m4=1.00
[PHYSICS] pitch=0.00 deg, altFt=-0.00 ft, dt=0.0100 s, rollCorr=0.000 pitchCorr=0.000 m1=1.00 m2=0.80 m3=0.80 m4=1.00
[PHYSICS] pitch=0.00 deg, altFt=-0.00 ft, dt=0.0100 s, rollCorr=0.000 pitchCorr=0.000 m1=1.00 m2=0.80 m3=0.80 m4=1.00
[PHYSICS] pitch=0.00 deg, altFt=-0.00 ft, dt=0.0202 s, rollCorr=0.000 pitchCorr=0.000 m1=1.00 m2=0.80 m3=0.80 m4=1.00
[PHYSICS] pitch=0.00 deg, altFt=-0.00 ft, dt=0.0098 s, rollCorr=0.000 pitchCorr=0.000 m1=1.00 m2=0.80 m3=0.80 m4=1.00
[PHYSICS] pitch=0.00 deg, altFt=-0.00 ft, dt=0.0100 s, rollCorr=0.000 pitchCorr=0.000 m1=1.00 m2=0.80 m3=0.80 m4=1.00
[PHYSICS] pitch=0.00 deg, altFt=-0.00 ft, dt=0.0100 s, rollCorr=0.000 pitchCorr=0.000 m1=1.00 m2=0.80 m3=0.80 m4=1.00
[PHYSICS] pitch=0.00 deg, altFt=-0.00 ft, dt=0.0202 s, rollCorr=0.000 pitchCorr=0.000 m1=1.00 m2=0.80 m3=0.80 m4=1.00
[PHYSICS] pitch=0.00 deg, altFt=-0.00 ft, dt=0.0098 s, rollCorr=0.000 pitchCorr=0.000 m1=1.00 m2=0.80 m3=0.80 m4=1.00
[PHYSICS] pitch=0.00 deg, altFt=-0.00 ft, dt=0.0100 s, rollCorr=0.000 pitchCorr=0.000 m1=1.00 m2=0.80 m3=0.80 m4=1.00
[PHYSICS] pitch=0.00 deg, altFt=-0.00 ft, dt=0.0100 s, rollCorr=0.000 pitchCorr=0.000 m1=1.00 m2=0.80 m3=0.80 m4=1.00
[PHYSICS] pitch=0.00 deg, altFt=-0.00 ft, dt=0.0202 s, rollCorr=0.000 pitchCorr=0.000 m1=1.00 m2=0.80 m3=0.80 m4=1.00
[PHYSICS] pitch=0.00 deg, altFt=-0.00 ft, dt=0.0098 s, rollCorr=0.000 pitchCorr=0.000 m1=1.00 m2=0.80 m3=0.80 m4=1.00
[PHYSICS] pitch=0.00 deg, altFt=-0.00 ft, dt=0.0100 s, rollCorr=0.000 pitchCorr=0.000 m1=1.00 m2=0.80 m3=0.80 m4=1.00
[PHYSICS] pitch=0.00 deg, altFt=-0.00 ft, dt=0.0100 s, rollCorr=0.000 pitchCorr=0.000 m1=1.00 m2=0.80 m3=0.80 m4=1.00
[PHYSICS] pitch=0.00 deg, altFt=-0.00 ft, dt=0.0202 s, rollCorr=0.000 pitchCorr=0.000 m1=1.00 m2=0.80 m3=0.80 m4=1.00
[PHYSICS] pitch=0.00 deg, altFt=-0.00 ft, dt=0.0098 s, rollCorr=0.000 pitchCorr=0.000 m1=1.00 m2=0.80 m3=0.80 m4=1.00
[PHYSICS] pitch=0.00 deg, altFt=-0.00 ft, dt=0.0100 s, rollCorr=0.000 pitchCorr=0.000 m1=1.00 m2=0.80 m3=0.80 m4=1.00
[PHYSICS] pitch=0.00 deg, altFt=-0.00 ft, dt=0.0100 s, rollCorr=0.000 pitchCorr=0.000 m1=1.00 m2=0.80 m3=0.80 m4=1.00
[PHYSICS] pitch=0.00 deg, altFt=-0.00 ft, dt=0.0202 s, rollCorr=0.000 pitchCorr=0.000 m1=1.00 m2=0.80 m3=0.80 m4=1.00
[PHYSICS] pitch=0.00 deg, altFt=-0.00 ft, dt=0.0098 s, rollCorr=0.000 pitchCorr=0.000 m1=1.00 m2=0.80 m3=0.80 m4=1.00
[PHYSICS] pitch=0.00 deg, altFt=-0.00 ft, dt=0.0100 s, rollCorr=0.000 pitchCorr=0.000 m1=1.00 m2=0.80 m3=0.80 m4=1.00
[PHYSICS] pitch=0.00 deg, altFt=-0.00 ft, dt=0.0100 s, rollCorr=0.000 pitchCorr=0.000 m1=1.00 m2=0.80 m3=0.80 m4=1.00
[PHYSICS] pitch=0.00 deg, altFt=-0.00 ft, dt=0.0196 s, rollCorr=0.000 pitchCorr=0.000 m1=1.00 m2=0.80 m3=0.80 m4=1.00
[PHYSICS] pitch=0.00 deg, altFt=-0.00 ft, dt=0.0100 s, rollCorr=0.000 pitchCorr=0.000 m1=1.00 m2=0.80 m3=0.80 m4=1.00
[PHYSICS] pitch=0.00 deg, altFt=-0.00 ft, dt=0.0100 s, rollCorr=0.000 pitchCorr=0.000 m1=1.00 m2=0.80 m3=0.80 m4=1.00
[PHYSICS] pitch=0.00 deg, altFt=-0.00 ft, dt=0.0100 s, rollCorr=0.000 pitchCorr=0.000 m1=1.00 m2=0.80 m3=0.80 m4=1.00
[PHYSICS] pitch=0.00 deg, altFt=-0.00 ft, dt=0.0202 s, rollCorr=0.000 pitchCorr=0.000 m1=1.00 m2=0.80 m3=0.80 m4=1.00
[PHYSICS] pitch=0.00 deg, altFt=-0.00 ft, dt=0.0101 s, rollCorr=0.000 pitchCorr=0.000 m1=1.00 m2=0.80 m3=0.80 m4=1.00
[PHYSICS] pitch=0.00 deg, altFt=-0.00 ft, dt=0.0100 s, rollCorr=0.000 pitchCorr=0.000 m1=1.00 m2=0.80 m3=0.80 m4=1.00
[PHYSICS] pitch=0.00 deg, altFt=-0.00 ft, dt=0.0100 s, rollCorr=0.000 pitchCorr=0.000 m1=1.00 m2=0.80 m3=0.80 m4=1.00
[PHYSICS] pitch=0.00 deg, altFt=-0.00 ft, dt=0.0202 s, rollCorr=0.000 pitchCorr=0.000 m1=1.00 m2=0.80 m3=0.80 m4=1.00
[PHYSICS] pitch=0.00 deg, altFt=-0.00 ft, dt=0.0098 s, rollCorr=0.000 pitchCorr=0.000 m1=1.00 m2=0.80 m3=0.80 m4=1.00
[PHYSICS] pitch=0.00 deg, altFt=-0.00 ft, dt=0.0100 s, rollCorr=0.000 pitchCorr=0.000 m1=1.00 m2=0.80 m3=0.80 m4=1.00
[PHYSICS] pitch=0.00 deg, altFt=-0.00 ft, dt=0.0100 s, rollCorr=0.000 pitchCorr=0.000 m1=1.00 m2=0.80 m3=0.80 m4=1.00
[PHYSICS] pitch=0.00 deg, altFt=-0.00 ft, dt=0.0202 s, rollCorr=0.000 pitchCorr=0.000 m1=1.00 m2=0.80 m3=0.80 m4=1.00
[PHYSICS] pitch=0.00 deg, altFt=-0.00 ft, dt=0.0098 s, rollCorr=0.000 pitchCorr=0.000 m1=1.00 m2=0.80 m3=0.80 m4=1.00
[PHYSICS] pitch=0.00 deg, altFt=-0.00 ft, dt=0.0100 s, rollCorr=0.000 pitchCorr=0.000 m1=1.00 m2=0.80 m3=0.80 m4=1.00
[PHYSICS] pitch=0.00 deg, altFt=-0.00 ft, dt=0.0100 s, rollCorr=0.000 pitchCorr=0.000 m1=1.00 m2=0.80 m3=0.80 m4=1.00
[PHYSICS] pitch=0.00 deg, altFt=-0.00 ft, dt=0.0202 s, rollCorr=0.000 pitchCorr=0.000 m1=1.00 m2=0.80 m3=0.80 m4=1.00
[PHYSICS] pitch=0.00 deg, altFt=-0.00 ft, dt=0.0098 s, rollCorr=0.000 pitchCorr=0.000 m1=1.00 m2=0.80 m3=0.80 m4=1.00
[PHYSICS] pitch=0.00 deg, altFt=-0.00 ft, dt=0.0100 s, rollCorr=0.000 pitchCorr=0.000 m1=1.00 m2=0.80 m3=0.80 m4=1.00
[PHYSICS] pitch=0.00 deg, altFt=-0.00 ft, dt=0.0100 s, rollCorr=0.000 pitchCorr=0.000 m1=1.00 m2=0.80 m3=0.80 m4=1.00
[PHYSICS] pitch=0.00 deg, altFt=-0.00 ft, dt=0.0202 s, rollCorr=0.000 pitchCorr=0.000 m1=1.00 m2=0.80 m3=0.80 m4=1.00
[PHYSICS] pitch=0.00 deg, altFt=-0.00 ft, dt=0.0098 s, rollCorr=0.000 pitchCorr=0.000 m1=1.00 m2=0.80 m3=0.80 m4=1.00
[PHYSICS] pitch=0.00 deg, altFt=-0.00 ft, dt=0.0100 s, rollCorr=0.000 pitchCorr=0.000 m1=1.00 m2=0.80 m3=0.80 m4=1.00
[PHYSICS] pitch=0.00 deg, altFt=-0.00 ft, dt=0.0100 s, rollCorr=0.000 pitchCorr=0.000 m1=1.00 m2=0.80 m3=0.80 m4=1.00
[PHYSICS] pitch=0.00 deg, altFt=-0.00 ft, dt=0.0202 s, rollCorr=0.000 pitchCorr=0.000 m1=1.00 m2=0.80 m3=0.80 m4=1.00
[PHYSICS] pitch=0.00 deg, altFt=-0.00 ft, dt=0.0098 s, rollCorr=0.000 pitchCorr=0.000 m1=1.00 m2=0.80 m3=0.80 m4=1.00
[PHYSICS] pitch=0.00 deg, altFt=-0.00 ft, dt=0.0100 s, rollCorr=0.000 pitchCorr=0.000 m1=1.00 m2=0.80 m3=0.80 m4=1.00
[PHYSICS] pitch=0.00 deg, altFt=-0.00 ft, dt=0.0100 s, rollCorr=0.000 pitchCorr=0.000 m1=1.00 m2=0.80 m3=0.80 m4=1.00
[PHYSICS] pitch=0.00 deg, altFt=-0.00 ft, dt=0.0202 s, rollCorr=0.000 pitchCorr=0.000 m1=1.00 m2=0.80 m3=0.80 m4=1.00
[PHYSICS] pitch=0.00 deg, altFt=-0.00 ft, dt=0.0098 s, rollCorr=0.000 pitchCorr=0.000 m1=1.00 m2=0.80 m3=0.80 m4=1.00
[PHYSICS] pitch=0.00 deg, altFt=-0.00 ft, dt=0.0100 s, rollCorr=0.000 pitchCorr=0.000 m1=1.00 m2=0.80 m3=0.80 m4=1.00
[PHYSICS] pitch=0.00 deg, altFt=-0.00 ft, dt=0.0100 s, rollCorr=0.000 pitchCorr=0.000 m1=1.00 m2=0.80 m3=0.80 m4=1.00
[PHYSICS] pitch=0.00 deg, altFt=-0.00 ft, dt=0.0202 s, rollCorr=0.000 pitchCorr=0.000 m1=1.00 m2=0.80 m3=0.80 m4=1.00
[PHYSICS] pitch=0.00 deg, altFt=-0.00 ft, dt=0.0098 s, rollCorr=0.000 pitchCorr=0.000 m1=1.00 m2=0.80 m3=0.80 m4=1.00
[PHYSICS] pitch=0.00 deg, altFt=-0.00 ft, dt=0.0100 s, rollCorr=0.000 pitchCorr=0.000 m1=1.00 m2=0.80 m3=0.80 m4=1.00
[PHYSICS] pitch=0.00 deg, altFt=-0.00 ft, dt=0.0100 s, rollCorr=0.000 pitchCorr=0.000 m1=1.00 m2=0.80 m3=0.80 m4=1.00
[PHYSICS] pitch=0.00 deg, altFt=-0.00 ft, dt=0.0202 s, rollCorr=0.000 pitchCorr=0.000 m1=1.00 m2=0.80 m3=0.80 m4=1.00
[PHYSICS] pitch=0.00 deg, altFt=-0.00 ft, dt=0.0098 s, rollCorr=0.000 pitchCorr=0.000 m1=1.00 m2=0.80 m3=0.80 m4=1.00
[PHYSICS] pitch=0.00 deg, altFt=-0.00 ft, dt=0.0100 s, rollCorr=0.000 pitchCorr=0.000 m1=1.00 m2=0.80 m3=0.80 m4=1.00
[PHYSICS] pitch=0.00 deg, altFt=-0.00 ft, dt=0.0100 s, rollCorr=0.000 pitchCorr=0.000 m1=1.00 m2=0.80 m3=0.80 m4=1.00
[PHYSICS] pitch=0.00 deg, altFt=-0.00 ft, dt=0.0202 s, rollCorr=0.000 pitchCorr=0.000 m1=1.00 m2=0.80 m3=0.80 m4=1.00
[PHYSICS] pitch=0.00 deg, altFt=-0.00 ft, dt=0.0098 s, rollCorr=0.000 pitchCorr=0.000 m1=1.00 m2=0.80 m3=0.80 m4=1.00
[PHYSICS] pitch=0.00 deg, altFt=-0.00 ft, dt=0.0100 s, rollCorr=0.000 pitchCorr=0.000 m1=1.00 m2=0.80 m3=0.80 m4=1.00
[PHYSICS] pitch=0.00 deg, altFt=-0.00 ft, dt=0.0100 s, rollCorr=0.000 pitchCorr=0.000 m1=1.00 m2=0.80 m3=0.80 m4=1.00
[PHYSICS] pitch=0.00 deg, altFt=-0.00 ft, dt=0.0202 s, rollCorr=0.000 pitchCorr=0.000 m1=1.00 m2=0.80 m3=0.80 m4=1.00
[PHYSICS] pitch=0.00 deg, altFt=-0.00 ft, dt=0.0098 s, rollCorr=0.000 pitchCorr=0.000 m1=1.00 m2=0.80 m3=0.80 m4=1.00
[PHYSICS] pitch=0.00 deg, altFt=-0.00 ft, dt=0.0100 s, rollCorr=0.000 pitchCorr=0.000 m1=1.00 m2=0.80 m3=0.80 m4=1.00
[PHYSICS] pitch=0.00 deg, altFt=-0.00 ft, dt=0.0100 s, rollCorr=0.000 pitchCorr=0.000 m1=1.00 m2=0.80 m3=0.80 m4=1.00
[PHYSICS] pitch=0.00 deg, altFt=-0.00 ft, dt=0.0202 s, rollCorr=0.000 pitchCorr=0.000 m1=1.00 m2=0.80 m3=0.80 m4=1.00
[PHYSICS] pitch=0.00 deg, altFt=-0.00 ft, dt=0.0098 s, rollCorr=0.000 pitchCorr=0.000 m1=1.00 m2=0.80 m3=0.80 m4=1.00
[PHYSICS] pitch=0.00 deg, altFt=-0.00 ft, dt=0.0100 s, rollCorr=0.000 pitchCorr=0.000 m1=1.00 m2=0.80 m3=0.80 m4=1.00
[PHYSICS] pitch=0.00 deg, altFt=-0.00 ft, dt=0.0100 s, rollCorr=0.000 pitchCorr=0.000 m1=1.00 m2=0.80 m3=0.80 m4=1.00
[PHYSICS] pitch=0.00 deg, altFt=-0.00 ft, dt=0.0202 s, rollCorr=0.000 pitchCorr=0.000 m1=1.00 m2=0.80 m3=0.80 m4=1.00
[PHYSICS] pitch=0.00 deg, altFt=-0.00 ft, dt=0.0098 s, rollCorr=0.000 pitchCorr=0.000 m1=1.00 m2=0.80 m3=0.80 m4=1.00
[PHYSICS] pitch=0.00 deg, altFt=-0.00 ft, dt=0.0100 s, rollCorr=0.000 pitchCorr=0.000 m1=1.00 m2=0.80 m3=0.80 m4=1.00
[PHYSICS] pitch=0.00 deg, altFt=-0.00 ft, dt=0.0100 s, rollCorr=0.000 pitchCorr=0.000 m1=1.00 m2=0.80 m3=0.80 m4=1.00
[PHYSICS] pitch=0.00 deg, altFt=-0.00 ft, dt=0.0202 s, rollCorr=0.000 pitchCorr=0.000 m1=1.00 m2=0.80 m3=0.80 m4=1.00
[PHYSICS] pitch=0.00 deg, altFt=-0.00 ft, dt=0.0098 s, rollCorr=0.000 pitchCorr=0.000 m1=1.00 m2=0.80 m3=0.80 m4=1.00
[PHYSICS] pitch=0.00 deg, altFt=-0.00 ft, dt=0.0100 s, rollCorr=0.000 pitchCorr=0.000 m1=1.00 m2=0.80 m3=0.80 m4=1.00
[PHYSICS] pitch=0.00 deg, altFt=-0.00 ft, dt=0.0100 s, rollCorr=0.000 pitchCorr=0.000 m1=1.00 m2=0.80 m3=0.80 m4=1.00
[PHYSICS] pitch=0.00 deg, altFt=-0.00 ft, dt=0.0202 s, rollCorr=0.000 pitchCorr=0.000 m1=1.00 m2=0.80 m3=0.80 m4=1.00
[PHYSICS] pitch=0.00 deg, altFt=-0.00 ft, dt=0.0098 s, rollCorr=0.000 pitchCorr=0.000 m1=1.00 m2=0.80 m3=0.80 m4=1.00
[PHYSICS] pitch=0.00 deg, altFt=-0.00 ft, dt=0.0100 s, rollCorr=0.000 pitchCorr=0.000 m1=1.00 m2=0.80 m3=0.80 m4=1.00
[PHYSICS] pitch=0.00 deg, altFt=-0.00 ft, dt=0.0100 s, rollCorr=0.000 pitchCorr=0.000 m1=1.00 m2=0.80 m3=0.80 m4=1.00
[PHYSICS] pitch=0.00 deg, altFt=-0.00 ft, dt=0.0202 s, rollCorr=0.000 pitchCorr=0.000 m1=1.00 m2=0.80 m3=0.80 m4=1.00
[PHYSICS] pitch=0.00 deg, altFt=-0.00 ft, dt=0.0098 s, rollCorr=0.000 pitchCorr=0.000 m1=1.00 m2=0.80 m3=0.80 m4=1.00
[PHYSICS] pitch=0.00 deg, altFt=-0.00 ft, dt=0.0100 s, rollCorr=0.000 pitchCorr=0.000 m1=1.00 m2=0.80 m3=0.80 m4=1.00
[PHYSICS] pitch=0.00 deg, altFt=-0.00 ft, dt=0.0100 s, rollCorr=0.000 pitchCorr=0.000 m1=1.00 m2=0.80 m3=0.80 m4=1.00
[PHYSICS] pitch=0.00 deg, altFt=-0.00 ft, dt=0.0202 s, rollCorr=0.000 pitchCorr=0.000 m1=1.00 m2=0.80 m3=0.80 m4=1.00
[PHYSICS] pitch=0.00 deg, altFt=-0.00 ft, dt=0.0098 s, rollCorr=0.000 pitchCorr=0.000 m1=1.00 m2=0.80 m3=0.80 m4=1.00
[PHYSICS] pitch=0.00 deg, altFt=-0.00 ft, dt=0.0100 s, rollCorr=0.000 pitchCorr=0.000 m1=1.00 m2=0.80 m3=0.80 m4=1.00
[PHYSICS] pitch=0.00 deg, altFt=-0.00 ft, dt=0.0100 s, rollCorr=0.000 pitchCorr=0.000 m1=1.00 m2=0.80 m3=0.80 m4=1.00
[PHYSICS] pitch=0.00 deg, altFt=-0.00 ft, dt=0.0202 s, rollCorr=0.000 pitchCorr=0.000 m1=1.00 m2=0.80 m3=0.80 m4=1.00
[PHYSICS] pitch=0.00 deg, altFt=-0.00 ft, dt=0.0098 s, rollCorr=0.000 pitchCorr=0.000 m1=1.00 m2=0.80 m3=0.80 m4=1.00
[PHYSICS] pitch=0.00 deg, altFt=-0.00 ft, dt=0.0100 s, rollCorr=0.000 pitchCorr=0.000 m1=1.00 m2=0.80 m3=0.80 m4=1.00
[PHYSICS] pitch=0.00 deg, altFt=-0.00 ft, dt=0.0100 s, rollCorr=0.000 pitchCorr=0.000 m1=1.00 m2=0.80 m3=0.80 m4=1.00
[PHYSICS] pitch=0.00 deg, altFt=-0.00 ft, dt=0.0202 s, rollCorr=0.000 pitchCorr=0.000 m1=1.00 m2=0.80 m3=0.80 m4=1.00
[PHYSICS] pitch=0.00 deg, altFt=-0.00 ft, dt=0.0098 s, rollCorr=0.000 pitchCorr=0.000 m1=1.00 m2=0.80 m3=0.80 m4=1.00
[PHYSICS] pitch=0.00 deg, altFt=-0.00 ft, dt=0.0100 s, rollCorr=0.000 pitchCorr=0.000 m1=1.00 m2=0.80 m3=0.80 m4=1.00
[PHYSICS] pitch=0.00 deg, altFt=-0.00 ft, dt=0.0100 s, rollCorr=0.000 pitchCorr=0.000 m1=1.00 m2=0.80 m3=0.80 m4=1.00
[PHYSICS] pitch=0.00 deg, altFt=-0.00 ft, dt=0.0202 s, rollCorr=0.000 pitchCorr=0.000 m1=1.00 m2=0.80 m3=0.80 m4=1.00
[PHYSICS] pitch=0.00 deg, altFt=-0.00 ft, dt=0.0098 s, rollCorr=0.000 pitchCorr=0.000 m1=1.00 m2=0.80 m3=0.80 m4=1.00
[PHYSICS] pitch=0.00 deg, altFt=-0.00 ft, dt=0.0100 s, rollCorr=0.000 pitchCorr=0.000 m1=1.00 m2=0.80 m3=0.80 m4=1.00
[PHYSICS] pitch=0.00 deg, altFt=-0.00 ft, dt=0.0100 s, rollCorr=0.000 pitchCorr=0.000 m1=1.00 m2=0.80 m3=0.80 m4=1.00
[PHYSICS] pitch=0.00 deg, altFt=-0.00 ft, dt=0.0202 s, rollCorr=0.000 pitchCorr=0.000 m1=1.00 m2=0.80 m3=0.80 m4=1.00
[PHYSICS] pitch=0.00 deg, altFt=-0.00 ft, dt=0.0098 s, rollCorr=0.000 pitchCorr=0.000 m1=1.00 m2=0.80 m3=0.80 m4=1.00
[PHYSICS] pitch=0.00 deg, altFt=-0.00 ft, dt=0.0100 s, rollCorr=0.000 pitchCorr=0.000 m1=1.00 m2=0.80 m3=0.80 m4=1.00
[PHYSICS] pitch=0.00 deg, altFt=-0.00 ft, dt=0.0100 s, rollCorr=0.000 pitchCorr=0.000 m1=1.00 m2=0.80 m3=0.80 m4=1.00
[PHYSICS] pitch=0.00 deg, altFt=-0.00 ft, dt=0.0202 s, rollCorr=0.000 pitchCorr=0.000 m1=1.00 m2=0.80 m3=0.80 m4=1.00
[PHYSICS] pitch=0.00 deg, altFt=-0.00 ft, dt=0.0098 s, rollCorr=0.000 pitchCorr=0.000 m1=1.00 m2=0.80 m3=0.80 m4=1.00
[PHYSICS] pitch=0.00 deg, altFt=-0.00 ft, dt=0.0100 s, rollCorr=0.000 pitchCorr=0.000 m1=1.00 m2=0.80 m3=0.80 m4=1.00
[PHYSICS] pitch=0.00 deg, altFt=-0.00 ft, dt=0.0100 s, rollCorr=0.000 pitchCorr=0.000 m1=1.00 m2=0.80 m3=0.80 m4=1.00
[PHYSICS] pitch=0.00 deg, altFt=-0.00 ft, dt=0.0202 s, rollCorr=0.000 pitchCorr=0.000 m1=1.00 m2=0.80 m3=0.80 m4=1.00
[PHYSICS] pitch=0.00 deg, altFt=-0.00 ft, dt=0.0098 s, rollCorr=0.000 pitchCorr=0.000 m1=1.00 m2=0.80 m3=0.80 m4=1.00
[PHYSICS] pitch=0.00 deg, altFt=-0.00 ft, dt=0.0100 s, rollCorr=0.000 pitchCorr=0.000 m1=1.00 m2=0.80 m3=0.80 m4=1.00
[PHYSICS] pitch=0.00 deg, altFt=-0.00 ft, dt=0.0100 s, rollCorr=0.000 pitchCorr=0.000 m1=1.00 m2=0.80 m3=0.80 m4=1.00
[PHYSICS] pitch=0.00 deg, altFt=-0.00 ft, dt=0.0202 s, rollCorr=0.000 pitchCorr=0.000 m1=1.00 m2=0.80 m3=0.80 m4=1.00
[PHYSICS] pitch=0.00 deg, altFt=-0.00 ft, dt=0.0098 s, rollCorr=0.000 pitchCorr=0.000 m1=1.00 m2=0.80 m3=0.80 m4=1.00
[PHYSICS] pitch=0.00 deg, altFt=-0.00 ft, dt=0.0100 s, rollCorr=0.000 pitchCorr=0.000 m1=1.00 m2=0.80 m3=0.80 m4=1.00
[PHYSICS] pitch=0.00 deg, altFt=-0.00 ft, dt=0.0100 s, rollCorr=0.000 pitchCorr=0.000 m1=1.00 m2=0.80 m3=0.80 m4=1.00
[PHYSICS] pitch=0.00 deg, altFt=-0.00 ft, dt=0.0202 s, rollCorr=0.000 pitchCorr=0.000 m1=1.00 m2=0.80 m3=0.80 m4=1.00
[PHYSICS] pitch=0.00 deg, altFt=-0.00 ft, dt=0.0098 s, rollCorr=0.000 pitchCorr=0.000 m1=1.00 m2=0.80 m3=0.80 m4=1.00
[PHYSICS] pitch=0.00 deg, altFt=-0.00 ft, dt=0.0100 s, rollCorr=0.000 pitchCorr=0.000 m1=1.00 m2=0.80 m3=0.80 m4=1.00
[PHYSICS] pitch=0.00 deg, altFt=-0.00 ft, dt=0.0100 s, rollCorr=0.000 pitchCorr=0.000 m1=1.00 m2=0.80 m3=0.80 m4=1.00
[PHYSICS] pitch=0.00 deg, altFt=-0.00 ft, dt=0.0202 s, rollCorr=0.000 pitchCorr=0.000 m1=1.00 m2=0.80 m3=0.80 m4=1.00
[PHYSICS] pitch=0.00 deg, altFt=-0.00 ft, dt=0.0098 s, rollCorr=0.000 pitchCorr=0.000 m1=1.00 m2=0.80 m3=0.80 m4=1.00
[PHYSICS] pitch=0.00 deg, altFt=-0.00 ft, dt=0.0100 s, rollCorr=0.000 pitchCorr=0.000 m1=1.00 m2=0.80 m3=0.80 m4=1.00
[PHYSICS] pitch=0.00 deg, altFt=-0.00 ft, dt=0.0100 s, rollCorr=0.000 pitchCorr=0.000 m1=1.00 m2=0.80 m3=0.80 m4=1.00
[PHYSICS] pitch=0.00 deg, altFt=-0.00 ft, dt=0.0202 s, rollCorr=0.000 pitchCorr=0.000 m1=1.00 m2=0.80 m3=0.80 m4=1.00
[PHYSICS] pitch=0.00 deg, altFt=-0.00 ft, dt=0.0098 s, rollCorr=0.000 pitchCorr=0.000 m1=1.00 m2=0.80 m3=0.80 m4=1.00
[PHYSICS] pitch=0.00 deg, altFt=-0.00 ft, dt=0.0100 s, rollCorr=0.000 pitchCorr=0.000 m1=1.00 m2=0.80 m3=0.80 m4=1.00
[PHYSICS] pitch=0.00 deg, altFt=-0.00 ft, dt=0.0100 s, rollCorr=0.000 pitchCorr=0.000 m1=1.00 m2=0.80 m3=0.80 m4=1.00
[PHYSICS] pitch=0.00 deg, altFt=-0.00 ft, dt=0.0202 s, rollCorr=0.000 pitchCorr=0.000 m1=1.00 m2=0.80 m3=0.80 m4=1.00
[PHYSICS] pitch=0.00 deg, altFt=-0.00 ft, dt=0.0098 s, rollCorr=0.000 pitchCorr=0.000 m1=1.00 m2=0.80 m3=0.80 m4=1.00
[PHYSICS] pitch=0.00 deg, altFt=-0.00 ft, dt=0.0100 s, rollCorr=0.000 pitchCorr=0.000 m1=1.00 m2=0.80 m3=0.80 m4=1.00
[PHYSICS] pitch=0.00 deg, altFt=-0.00 ft, dt=0.0100 s, rollCorr=0.000 pitchCorr=0.000 m1=1.00 m2=0.80 m3=0.80 m4=1.00
[PHYSICS] pitch=0.00 deg, altFt=-0.00 ft, dt=0.0202 s, rollCorr=0.000 pitchCorr=0.000 m1=1.00 m2=0.80 m3=0.80 m4=1.00
[PHYSICS] pitch=0.00 deg, altFt=-0.00 ft, dt=0.0098 s, rollCorr=0.000 pitchCorr=0.000 m1=1.00 m2=0.80 m3=0.80 m4=1.00
[PHYSICS] pitch=0.00 deg, altFt=-0.00 ft, dt=0.0100 s, rollCorr=0.000 pitchCorr=0.000 m1=1.00 m2=0.80 m3=0.80 m4=1.00
[PHYSICS] pitch=0.00 deg, altFt=-0.00 ft, dt=0.0100 s, rollCorr=0.000 pitchCorr=0.000 m1=1.00 m2=0.80 m3=0.80 m4=1.00
[PHYSICS] pitch=0.00 deg, altFt=-0.00 ft, dt=0.0202 s, rollCorr=0.000 pitchCorr=0.000 m1=1.00 m2=0.80 m3=0.80 m4=1.00
[PHYSICS] pitch=0.00 deg, altFt=-0.00 ft, dt=0.0098 s, rollCorr=0.000 pitchCorr=0.000 m1=1.00 m2=0.80 m3=0.80 m4=1.00
[PHYSICS] pitch=0.00 deg, altFt=-0.00 ft, dt=0.0100 s, rollCorr=0.000 pitchCorr=0.000 m1=1.00 m2=0.80 m3=0.80 m4=1.00
[PHYSICS] pitch=0.00 deg, altFt=-0.00 ft, dt=0.0100 s, rollCorr=0.000 pitchCorr=0.000 m1=1.00 m2=0.80 m3=0.80 m4=1.00
[PHYSICS] pitch=0.00 deg, altFt=-0.00 ft, dt=0.0202 s, rollCorr=0.000 pitchCorr=0.000 m1=1.00 m2=0.80 m3=0.80 m4=1.00
[PHYSICS] pitch=0.00 deg, altFt=-0.00 ft, dt=0.0098 s, rollCorr=0.000 pitchCorr=0.000 m1=1.00 m2=0.80 m3=0.80 m4=1.00
[PHYSICS] pitch=0.00 deg, altFt=-0.00 ft, dt=0.0100 s, rollCorr=0.000 pitchCorr=0.000 m1=1.00 m2=0.80 m3=0.80 m4=1.00
[PHYSICS] pitch=0.00 deg, altFt=-0.00 ft, dt=0.0100 s, rollCorr=0.000 pitchCorr=0.000 m1=1.00 m2=0.80 m3=0.80 m4=1.00
[PHYSICS] pitch=0.00 deg, altFt=-0.00 ft, dt=0.0202 s, rollCorr=0.000 pitchCorr=0.000 m1=1.00 m2=0.80 m3=0.80 m4=1.00
[PHYSICS] pitch=0.00 deg, altFt=-0.00 ft, dt=0.0098 s, rollCorr=0.000 pitchCorr=0.000 m1=1.00 m2=0.80 m3=0.80 m4=1.00
[PHYSICS] pitch=0.00 deg, altFt=-0.00 ft, dt=0.0100 s, rollCorr=0.000 pitchCorr=0.000 m1=1.00 m2=0.80 m3=0.80 m4=1.00
[PHYSICS] pitch=0.00 deg, altFt=-0.00 ft, dt=0.0100 s, rollCorr=0.000 pitchCorr=0.000 m1=1.00 m2=0.80 m3=0.80 m4=1.00
[PHYSICS] pitch=0.00 deg, altFt=-0.00 ft, dt=0.0202 s, rollCorr=0.000 pitchCorr=0.000 m1=1.00 m2=0.80 m3=0.80 m4=1.00
[PHYSICS] pitch=0.00 deg, altFt=-0.00 ft, dt=0.0098 s, rollCorr=0.000 pitchCorr=0.000 m1=1.00 m2=0.80 m3=0.80 m4=1.00
[PHYSICS] pitch=0.00 deg, altFt=-0.00 ft, dt=0.0100 s, rollCorr=0.000 pitchCorr=0.000 m1=1.00 m2=0.80 m3=0.80 m4=1.00
[PHYSICS] pitch=0.00 deg, altFt=-0.00 ft, dt=0.0100 s, rollCorr=0.000 pitchCorr=0.000 m1=1.00 m2=0.80 m3=0.80 m4=1.00
[PHYSICS] pitch=0.00 deg, altFt=-0.00 ft, dt=0.0202 s, rollCorr=0.000 pitchCorr=0.000 m1=1.00 m2=0.80 m3=0.80 m4=1.00
[PHYSICS] pitch=0.00 deg, altFt=-0.00 ft, dt=0.0098 s, rollCorr=0.000 pitchCorr=0.000 m1=1.00 m2=0.80 m3=0.80 m4=1.00
[PHYSICS] pitch=0.00 deg, altFt=-0.00 ft, dt=0.0100 s, rollCorr=0.000 pitchCorr=0.000 m1=1.00 m2=0.80 m3=0.80 m4=1.00
[PHYSICS] pitch=0.00 deg, altFt=-0.00 ft, dt=0.0100 s, rollCorr=0.000 pitchCorr=0.000 m1=1.00 m2=0.80 m3=0.80 m4=1.00
[PHYSICS] pitch=0.00 deg, altFt=-0.00 ft, dt=0.0202 s, rollCorr=0.000 pitchCorr=0.000 m1=1.00 m2=0.80 m3=0.80 m4=1.00
[PHYSICS] pitch=0.00 deg, altFt=-0.00 ft, dt=0.0098 s, rollCorr=0.000 pitchCorr=0.000 m1=1.00 m2=0.80 m3=0.80 m4=1.00
[PHYSICS] pitch=0.00 deg, altFt=-0.00 ft, dt=0.0100 s, rollCorr=0.000 pitchCorr=0.000 m1=1.00 m2=0.80 m3=0.80 m4=1.00
[PHYSICS] pitch=0.00 deg, altFt=-0.00 ft, dt=0.0100 s, rollCorr=0.000 pitchCorr=0.000 m1=1.00 m2=0.80 m3=0.80 m4=1.00
[PHYSICS] pitch=0.00 deg, altFt=-0.00 ft, dt=0.0202 s, rollCorr=0.000 pitchCorr=0.000 m1=1.00 m2=0.80 m3=0.80 m4=1.00
[PHYSICS] pitch=0.00 deg, altFt=-0.00 ft, dt=0.0098 s, rollCorr=0.000 pitchCorr=0.000 m1=1.00 m2=0.80 m3=0.80 m4=1.00
[PHYSICS] pitch=0.00 deg, altFt=-0.00 ft, dt=0.0100 s, rollCorr=0.000 pitchCorr=0.000 m1=1.00 m2=0.80 m3=0.80 m4=1.00
[PHYSICS] pitch=0.00 deg, altFt=-0.00 ft, dt=0.0100 s, rollCorr=0.000 pitchCorr=0.000 m1=1.00 m2=0.80 m3=0.80 m4=1.00
[PHYSICS] pitch=0.00 deg, altFt=-0.00 ft, dt=0.0202 s, rollCorr=0.000 pitchCorr=0.000 m1=1.00 m2=0.80 m3=0.80 m4=1.00
[PHYSICS] pitch=0.00 deg, altFt=-0.00 ft, dt=0.0098 s, rollCorr=0.000 pitchCorr=0.000 m1=1.00 m2=0.80 m3=0.80 m4=1.00
[PHYSICS] pitch=0.00 deg, altFt=-0.00 ft, dt=0.0100 s, rollCorr=0.000 pitchCorr=0.000 m1=1.00 m2=0.80 m3=0.80 m4=1.00
[PHYSICS] pitch=0.00 deg, altFt=-0.00 ft, dt=0.0100 s, rollCorr=0.000 pitchCorr=0.000 m1=1.00 m2=0.80 m3=0.80 m4=1.00
[PHYSICS] pitch=0.00 deg, altFt=-0.00 ft, dt=0.0202 s, rollCorr=0.000 pitchCorr=0.000 m1=1.00 m2=0.80 m3=0.80 m4=1.00
[PHYSICS] pitch=0.00 deg, altFt=-0.00 ft, dt=0.0098 s, rollCorr=0.000 pitchCorr=0.000 m1=1.00 m2=0.80 m3=0.80 m4=1.00
[PHYSICS] pitch=0.00 deg, altFt=-0.00 ft, dt=0.0100 s, rollCorr=0.000 pitchCorr=0.000 m1=1.00 m2=0.80 m3=0.80 m4=1.00
[PHYSICS] pitch=0.00 deg, altFt=-0.00 ft, dt=0.0100 s, rollCorr=0.000 pitchCorr=0.000 m1=1.00 m2=0.80 m3=0.80 m4=1.00
[PHYSICS] pitch=0.00 deg, altFt=-0.00 ft, dt=0.0202 s, rollCorr=0.000 pitchCorr=0.000 m1=1.00 m2=0.80 m3=0.80 m4=1.00
[PHYSICS] pitch=0.00 deg, altFt=-0.00 ft, dt=0.0098 s, rollCorr=0.000 pitchCorr=0.000 m1=1.00 m2=0.80 m3=0.80 m4=1.00
[PHYSICS] pitch=0.00 deg, altFt=-0.00 ft, dt=0.0100 s, rollCorr=0.000 pitchCorr=0.000 m1=1.00 m2=0.80 m3=0.80 m4=1.00
[PHYSICS] pitch=0.00 deg, altFt=-0.00 ft, dt=0.0100 s, rollCorr=0.000 pitchCorr=0.000 m1=1.00 m2=0.80 m3=0.80 m4=1.00
[PHYSICS] pitch=0.00 deg, altFt=-0.00 ft, dt=0.0202 s, rollCorr=0.000 pitchCorr=0.000 m1=1.00 m2=0.80 m3=0.80 m4=1.00
[PHYSICS] pitch=0.00 deg, altFt=-0.00 ft, dt=0.0098 s, rollCorr=0.000 pitchCorr=0.000 m1=1.00 m2=0.80 m3=0.80 m4=1.00
[PHYSICS] pitch=0.00 deg, altFt=-0.00 ft, dt=0.0100 s, rollCorr=0.000 pitchCorr=0.000 m1=1.00 m2=0.80 m3=0.80 m4=1.00
[PHYSICS] pitch=0.00 deg, altFt=-0.00 ft, dt=0.0100 s, rollCorr=0.000 pitchCorr=0.000 m1=1.00 m2=0.80 m3=0.80 m4=1.00
[PHYSICS] pitch=0.00 deg, altFt=-0.00 ft, dt=0.0202 s, rollCorr=0.000 pitchCorr=0.000 m1=1.00 m2=0.80 m3=0.80 m4=1.00
[PHYSICS] pitch=0.00 deg, altFt=-0.00 ft, dt=0.0098 s, rollCorr=0.000 pitchCorr=0.000 m1=1.00 m2=0.80 m3=0.80 m4=1.00
[PHYSICS] pitch=0.00 deg, altFt=-0.00 ft, dt=0.0100 s, rollCorr=0.000 pitchCorr=0.000 m1=1.00 m2=0.80 m3=0.80 m4=1.00
[PHYSICS] pitch=0.00 deg, altFt=-0.00 ft, dt=0.0100 s, rollCorr=0.000 pitchCorr=0.000 m1=1.00 m2=0.80 m3=0.80 m4=1.00
[PHYSICS] pitch=0.00 deg, altFt=-0.00 ft, dt=0.0202 s, rollCorr=0.000 pitchCorr=0.000 m1=1.00 m2=0.80 m3=0.80 m4=1.00
[PHYSICS] pitch=0.00 deg, altFt=-0.00 ft, dt=0.0098 s, rollCorr=0.000 pitchCorr=0.000 m1=1.00 m2=0.80 m3=0.80 m4=1.00
[PHYSICS] pitch=0.00 deg, altFt=-0.00 ft, dt=0.0100 s, rollCorr=0.000 pitchCorr=0.000 m1=1.00 m2=0.80 m3=0.80 m4=1.00
[PHYSICS] pitch=0.00 deg, altFt=-0.00 ft, dt=0.0100 s, rollCorr=0.000 pitchCorr=0.000 m1=1.00 m2=0.80 m3=0.80 m4=1.00
[PHYSICS] pitch=0.00 deg, altFt=-0.00 ft, dt=0.0202 s, rollCorr=0.000 pitchCorr=0.000 m1=1.00 m2=0.80 m3=0.80 m4=1.00
[PHYSICS] pitch=0.00 deg, altFt=-0.00 ft, dt=0.0098 s, rollCorr=0.000 pitchCorr=0.000 m1=1.00 m2=0.80 m3=0.80 m4=1.00
[PHYSICS] pitch=0.00 deg, altFt=-0.00 ft, dt=0.0100 s, rollCorr=0.000 pitchCorr=0.000 m1=1.00 m2=0.80 m3=0.80 m4=1.00
[PHYSICS] pitch=0.00 deg, altFt=-0.00 ft, dt=0.0100 s, rollCorr=0.000 pitchCorr=0.000 m1=1.00 m2=0.80 m3=0.80 m4=1.00
[PHYSICS] pitch=0.00 deg, altFt=-0.00 ft, dt=0.0202 s, rollCorr=0.000 pitchCorr=0.000 m1=1.00 m2=0.80 m3=0.80 m4=1.00
[PHYSICS] pitch=0.00 deg, altFt=-0.00 ft, dt=0.0098 s, rollCorr=0.000 pitchCorr=0.000 m1=1.00 m2=0.80 m3=0.80 m4=1.00
[PHYSICS] pitch=0.00 deg, altFt=-0.00 ft, dt=0.0100 s, rollCorr=0.000 pitchCorr=0.000 m1=1.00 m2=0.80 m3=0.80 m4=1.00
[PHYSICS] pitch=0.00 deg, altFt=-0.00 ft, dt=0.0100 s, rollCorr=0.000 pitchCorr=0.000 m1=1.00 m2=0.80 m3=0.80 m4=1.00
[PHYSICS] pitch=0.00 deg, altFt=-0.0
[GPS + Compass Injection Test] delay 2000ms
0 ft, dt=0.0202 s, rollCorr=0.000 pitchCorr=0.000 m1=1.00 m2=0.80 m3=0.80 m4=1.00
[PHYSICS] pitch=0.00 deg, altFt=-0.00 ft, dt=0.0098 s, rollCorr=0.000 pitchCorr=0.000 m1=1.00 m2=0.80 m3=0.80 m4=1.00
[PHYSICS] pitch=0.00 deg, altFt=-0.00 ft, dt=0.0100 s, rollCorr=0.000 pitchCorr=0.000 m1=1.00 m2=0.80 m3=0.80 m4=1.00
[SIM] Mission started via serial injection.
[PHYSICS] pitch=0.00 deg, altFt=-0.00 ft, dt=0.0100 s, rollCorr=0.000 pitchCorr=0.000 m1=1.00 m2=0.80 m3=0.80 m4=1.00
[PHYSICS] pitch=0.00 deg, altFt=-0.00 ft, dt=0.0202 s, rollCorr=0.000 pitchCorr=0.000 m1=1.00 m2=0.80 m3=0.80 m4=1.00
[PHYSICS] pitch=0.00 deg, altFt=-0.00 ft, dt=0.0098 s, rollCorr=0.000 pitchCorr=0.000 m1=1.00 m2=0.80 m3=0.80 m4=1.00
[PHYSICS] pitch=0.00 deg, altFt=-0.00 ft, dt=0.0100 s, rollCorr=0.000 pitchCorr=0.000 m1=1.00 m2=0.80 m3=0.80 m4=1.00
[PHYSICS] pitch=0.00 deg, altFt=-0.00 ft, dt=0.0100 s, rollCorr=0.000 pitchCorr=0.000 m1=1.00 m2=0.80 m3=0.80 m4=1.00
[NAV] Reached waypoint 0 — advancing to waypoint 1
[PHYSICS] pitch=0.00 deg, altFt=-0.00 ft, dt=0.0202 s, rollCorr=0.000 pitchCorr=0.000 m1=1.00 m2=0.80 m3=0.80 m4=1.00
[PHYSICS] pitch=0.00 deg, altFt=-0.00 ft, dt=0.0098 s, rollCorr=0.000 pitchCorr=0.000 m1=1.00 m2=0.80 m3=0.80 m4=1.00
[PHYSICS] pitch=0.00 deg, altFt=-0.00 ft, dt=0.0100 s, rollCorr=0.000 pitchCorr=0.000 m1=1.00 m2=0.80 m3=0.80 m4=1.00
[PHYSICS] pitch=0.00 deg, altFt=-0.00 ft, dt=0.0100 s, rollCorr=0.000 pitchCorr=0.000 m1=1.00 m2=0.80 m3=0.80 m4=1.00
[PHYSICS] pitch=0.00 deg, altFt=-0.00 ft, dt=0.0202 s, rollCorr=0.000 pitchCorr=0.000 m1=1.00 m2=0.80 m3=0.80 m4=1.00
[PHYSICS] pitch=0.00 deg, altFt=-0.00 ft, dt=0.0098 s, rollCorr=0.000 pitchCorr=0.000 m1=1.00 m2=0.80 m3=0.80 m4=1.00
[PHYSICS] pitch=0.00 deg, altFt=-0.00 ft, dt=0.0100 s, rollCorr=0.000 pitchCorr=0.000 m1=1.00 m2=0.80 m3=0.80 m4=1.00
[PHYSICS] pitch=0.00 deg, altFt=-0.00 ft, dt=0.0100 s, rollCorr=0.000 pitchCorr=0.000 m1=1.00 m2=0.80 m3=0.80 m4=1.00
[NAV] WP=1 dist=37.0m bearing=0.0° → pitchTarget=15.00° rollTarget=0.00
[PHYSICS] pitch=0.00 deg, altFt=-0.00 ft, dt=0.0202 s, rollCorr=0.000 pitchCorr=0.300 m1=1.00 m2=1.00 m3=0.50 m4=0.90
[PHYSICS] pitch=0.00 deg, altFt=-0.00 ft, dt=0.0098 s, rollCorr=0.000 pitchCorr=0.150 m1=1.00 m2=0.95 m3=0.65 m4=1.00
[PHYSICS] pitch=0.00 deg, altFt=-0.00 ft, dt=0.0100 s, rollCorr=0.000 pitchCorr=0.151 m1=1.00 m2=0.95 m3=0.65 m4=1.00
[PHYSICS] pitch=0.00 deg, altFt=-0.00 ft, dt=0.0100 s, rollCorr=0.000 pitchCorr=0.151 m1=1.00 m2=0.95 m3=0.65 m4=1.00
[PHYSICS] pitch=0.00 deg, altFt=-0.00 ft, dt=0.0202 s, rollCorr=0.000 pitchCorr=0.151 m1=1.00 m2=0.95 m3=0.65 m4=1.00
[PHYSICS] pitch=0.00 deg, altFt=-0.00 ft, dt=0.0098 s, rollCorr=0.000 pitchCorr=0.151 m1=1.00 m2=0.95 m3=0.65 m4=1.00
[PHYSICS] pitch=0.00 deg, altFt=-0.00 ft, dt=0.0100 s, rollCorr=0.000 pitchCorr=0.151 m1=1.00 m2=0.95 m3=0.65 m4=1.00
[PHYSICS] pitch=0.00 deg, altFt=-0.00 ft, dt=0.0100 s, rollCorr=0.000 pitchCorr=0.152 m1=1.00 m2=0.95 m3=0.65 m4=1.00
[NAV] WP=1 dist=37.0m bearing=0.0° → pitchTarget=15.00° rollTarget=0.00
[PHYSICS] pitch=0.00 deg, altFt=-0.00 ft, dt=0.0202 s, rollCorr=0.000 pitchCorr=0.152 m1=1.00 m2=0.95 m3=0.65 m4=1.00
[PHYSICS] pitch=0.00 deg, altFt=-0.00 ft, dt=0.0098 s, rollCorr=0.000 pitchCorr=0.152 m1=1.00 m2=0.95 m3=0.65 m4=1.00
[PHYSICS] pitch=0.00 deg, altFt=-0.00 ft, dt=0.0100 s, rollCorr=0.000 pitchCorr=0.152 m1=1.00 m2=0.95 m3=0.65 m4=1.00
[PHYSICS] pitch=0.00 deg, altFt=-0.00 ft, dt=0.0100 s, rollCorr=0.000 pitchCorr=0.152 m1=1.00 m2=0.95 m3=0.65 m4=1.00
[PHYSICS] pitch=0.00 deg, altFt=-0.00 ft, dt=0.0202 s, rollCorr=0.000 pitchCorr=0.153 m1=1.00 m2=0.95 m3=0.65 m4=1.00
[PHYSICS] pitch=0.00 deg, altFt=-0.00 ft, dt=0.0098 s, rollCorr=0.000 pitchCorr=0.153 m1=1.00 m2=0.95 m3=0.65 m4=1.00
[PHYSICS] pitch=0.00 deg, altFt=-0.00 ft, dt=0.0100 s, rollCorr=0.000 pitchCorr=0.153 m1=1.00 m2=0.95 m3=0.65 m4=1.00
[PHYSICS] pitch=0.00 deg, altFt=-0.00 ft, dt=0.0100 s, rollCorr=0.000 pitchCorr=0.153 m1=1.00 m2=0.95 m3=0.65 m4=1.00
[NAV] WP=1 dist=37.0m bearing=0.0° → pitchTarget=15.00° rollTarget=0.00
[PHYSICS] pitch=0.00 deg, altFt=-0.00 ft, dt=0.0202 s, rollCorr=0.000 pitchCorr=0.153 m1=1.00 m2=0.95 m3=0.65 m4=1.00
[PHYSICS] pitch=0.00 deg, altFt=-0.00 ft, dt=0.0098 s, rollCorr=0.000 pitchCorr=0.153 m1=1.00 m2=0.95 m3=0.65 m4=1.00
[PHYSICS] pitch=0.00 deg, altFt=-0.00 ft, dt=0.0100 s, rollCorr=0.000 pitchCorr=0.154 m1=1.00 m2=0.95 m3=0.65 m4=1.00
[PHYSICS] pitch=0.00 deg, altFt=-0.00 ft, dt=0.0100 s, rollCorr=0.000 pitchCorr=0.154 m1=1.00 m2=0.95 m3=0.65 m4=1.00
[PHYSICS] pitch=0.00 deg, altFt=-0.00 ft, dt=0.0202 s, rollCorr=0.000 pitchCorr=0.154 m1=1.00 m2=0.95 m3=0.65 m4=1.00
[PHYSICS] pitch=0.00 deg, altFt=-0.00 ft, dt=0.0098 s, rollCorr=0.000 pitchCorr=0.154 m1=1.00 m2=0.95 m3=0.65 m4=1.00
[PHYSICS] pitch=0.00 deg, altFt=-0.00 ft, dt=0.0100 s, rollCorr=0.000 pitchCorr=0.154 m1=1.00 m2=0.95 m3=0.65 m4=1.00
[PHYSICS] pitch=0.00 deg, altFt=-0.00 ft, dt=0.0100 s, rollCorr=0.000 pitchCorr=0.155 m1=1.00 m2=0.95 m3=0.65 m4=1.00
[NAV] WP=1 dist=37.0m bearing=0.0° → pitchTarget=15.00° rollTarget=0.00
[PHYSICS] pitch=0.00 deg, altFt=-0.00 ft, dt=0.0202 s, rollCorr=0.000 pitchCorr=0.155 m1=1.00 m2=0.95 m3=0.65 m4=1.00
[PHYSICS] pitch=0.00 deg, altFt=-0.00 ft, dt=0.0098 s, rollCorr=0.000 pitchCorr=0.155 m1=1.00 m2=0.95 m3=0.65 m4=1.00
[PHYSICS] pitch=0.00 deg, altFt=-0.00 ft, dt=0.0100 s, rollCorr=0.000 pitchCorr=0.155 m1=1.00 m2=0.96 m3=0.64 m4=1.00
[PHYSICS] pitch=0.00 deg, altFt=-0.00 ft, dt=0.0100 s, rollCorr=0.000 pitchCorr=0.155 m1=1.00 m2=0.96 m3=0.64 m4=1.00
[PHYSICS] pitch=0.00 deg, altFt=-0.00 ft, dt=0.0202 s, rollCorr=0.000 pitchCorr=0.156 m1=1.00 m2=0.96 m3=0.64 m4=1.00
[PHYSICS] pitch=0.00 deg, altFt=-0.00 ft, dt=0.0098 s, rollCorr=0.000 pitchCorr=0.156 m1=1.00 m2=0.96 m3=0.64 m4=1.00
[PHYSICS] pitch=0.00 deg, altFt=-0.00 ft, dt=0.0100 s, rollCorr=0.000 pitchCorr=0.156 m1=1.00 m2=0.96 m3=0.64 m4=1.00
[PHYSICS] pitch=0.00 deg, altFt=-0.00 ft, dt=0.0100 s, rollCorr=0.000 pitchCorr=0.156 m1=1.00 m2=0.96 m3=0.64 m4=1.00
[NAV] WP=1 dist=37.0m bearing=0.0° → pitchTarget=15.00° rollTarget=0.00
[PHYSICS] pitch=0.00 deg, altFt=-0.00 ft, dt=0.0202 s, rollCorr=0.000 pitchCorr=0.156 m1=1.00 m2=0.96 m3=0.64 m4=1.00
[PHYSICS] pitch=0.00 deg, altFt=-0.00 ft, dt=0.0098 s, rollCorr=0.000 pitchCorr=0.156 m1=1.00 m2=0.96 m3=0.64 m4=1.00
[PHYSICS] pitch=0.00 deg, altFt=-0.00 ft, dt=0.0100 s, rollCorr=0.000 pitchCorr=0.157 m1=1.00 m2=0.96 m3=0.64 m4=1.00
[PHYSICS] pitch=0.00 deg, altFt=-0.00 ft, dt=0.0100 s, rollCorr=0.000 pitchCorr=0.157 m1=1.00 m2=0.96 m3=0.64 m4=1.00
[PHYSICS] pitch=0.00 deg, altFt=-0.00 ft, dt=0.0202 s, rollCorr=0.000 pitchCorr=0.157 m1=1.00 m2=0.96 m3=0.64 m4=1.00
[PHYSICS] pitch=0.00 deg, altFt=-0.00 ft, dt=0.0098 s, rollCorr=0.000 pitchCorr=0.157 m1=1.00 m2=0.96 m3=0.64 m4=1.00
[PHYSICS] pitch=0.00 deg, altFt=-0.00 ft, dt=0.0100 s, rollCorr=0.000 pitchCorr=0.157 m1=1.00 m2=0.96 m3=0.64 m4=1.00
[PHYSICS] pitch=0.00 deg, altFt=-0.00 ft, dt=0.0100 s, rollCorr=0.000 pitchCorr=0.158 m1=1.00 m2=0.96 m3=0.64 m4=1.00
[NAV] WP=1 dist=37.0m bearing=0.0° → pitchTarget=15.00° rollTarget=0.00
[PHYSICS] pitch=0.00 deg, altFt=-0.00 ft, dt=0.0202 s, rollCorr=0.000 pitchCorr=0.158 m1=1.00 m2=0.96 m3=0.64 m4=1.00
[PHYSICS] pitch=0.00 deg, altFt=-0.00 ft, dt=0.0098 s, rollCorr=0.000 pitchCorr=0.158 m1=1.00 m2=0.96 m3=0.64 m4=1.00
[PHYSICS] pitch=0.00 deg, altFt=-0.00 ft, dt=0.0100 s, rollCorr=0.000 pitchCorr=0.158 m1=1.00 m2=0.96 m3=0.64 m4=1.00
[PHYSICS] pitch=0.00 deg, altFt=-0.00 ft, dt=0.0100 s, rollCorr=0.000 pitchCorr=0.158 m1=1.00 m2=0.96 m3=0.64 m4=1.00
[PHYSICS] pitch=0.00 deg, altFt=-0.00 ft, dt=0.0202 s, rollCorr=0.000 pitchCorr=0.159 m1=1.00 m2=0.96 m3=0.64 m4=1.00
[PHYSICS] pitch=0.00 deg, altFt=-0.00 ft, dt=0.0098 s, rollCorr=0.000 pitchCorr=0.159 m1=1.00 m2=0.96 m3=0.64 m4=1.00
[PHYSICS] pitch=0.00 deg, altFt=-0.00 ft, dt=0.0100 s, rollCorr=0.000 pitchCorr=0.159 m1=1.00 m2=0.96 m3=0.64 m4=1.00
[PHYSICS] pitch=0.00 deg, altFt=-0.00 ft, dt=0.0100 s, rollCorr=0.000 pitchCorr=0.159 m1=1.00 m2=0.96 m3=0.64 m4=1.00
[NAV] WP=1 dist=37.0m bearing=0.0° → pitchTarget=15.00° rollTarget=0.00
[PHYSICS] pitch=0.00 deg, altFt=-0.00 ft, dt=0.0202 s, rollCorr=0.000 pitchCorr=0.159 m1=1.00 m2=0.96 m3=0.64 m4=1.00
[PHYSICS] pitch=0.00 deg, altFt=-0.00 ft, dt=0.0098 s, rollCorr=0.000 pitchCorr=0.159 m1=1.00 m2=0.96 m3=0.64 m4=1.00
[PHYSICS] pitch=0.00 deg, altFt=-0.00 ft, dt=0.0100 s, rollCorr=0.000 pitchCorr=0.160 m1=1.00 m2=0.96 m3=0.64 m4=1.00
[PHYSICS] pitch=0.00 deg, altFt=-0.00 ft, dt=0.0100 s, rollCorr=0.000 pitchCorr=0.160 m1=1.00 m2=0.96 m3=0.64 m4=1.00
[PHYSICS] pitch=0.00 deg, altFt=-0.00 ft, dt=0.0202 s, rollCorr=0.000 pitchCorr=0.160 m1=1.00 m2=0.96 m3=0.64 m4=1.00
[PHYSICS] pitch=0.00 deg, altFt=-0.00 ft, dt=0.0098 s, rollCorr=0.000 pitchCorr=0.160 m1=1.00 m2=0.96 m3=0.64 m4=1.00
[PHYSICS] pitch=0.00 deg, altFt=-0.00 ft, dt=0.0100 s, rollCorr=0.000 pitchCorr=0.160 m1=1.00 m2=0.96 m3=0.64 m4=1.00
[PHYSICS] pitch=0.00 deg, altFt=-0.00 ft, dt=0.0100 s, rollCorr=0.000 pitchCorr=0.161 m1=1.00 m2=0.96 m3=0.64 m4=1.00
[NAV] WP=1 dist=37.0m bearing=0.0° → pitchTarget=15.00° rollTarget=0.00
[PHYSICS] pitch=0.00 deg, altFt=-0.00 ft, dt=0.0202 s, rollCorr=0.000 pitchCorr=0.161 m1=1.00 m2=0.96 m3=0.64 m4=1.00
[PHYSICS] pitch=0.00 deg, altFt=-0.00 ft, dt=0.0098 s, rollCorr=0.000 pitchCorr=0.161 m1=1.00 m2=0.96 m3=0.64 m4=1.00
[PHYSICS] pitch=0.00 deg, altFt=-0.00 ft, dt=0.0100 s, rollCorr=0.000 pitchCorr=0.161 m1=1.00 m2=0.96 m3=0.64 m4=1.00
[PHYSICS] pitch=0.00 deg, altFt=-0.00 ft, dt=0.0100 s, rollCorr=0.000 pitchCorr=0.161 m1=1.00 m2=0.96 m3=0.64 m4=1.00
[PHYSICS] pitch=0.00 deg, altFt=-0.00 ft, dt=0.0202 s, rollCorr=0.000 pitchCorr=0.162 m1=1.00 m2=0.96 m3=0.64 m4=1.00
[PHYSICS] pitch=0.00 deg, altFt=-0.00 ft, dt=0.0098 s, rollCorr=0.000 pitchCorr=0.162 m1=1.00 m2=0.96 m3=0.64 m4=1.00
[PHYSICS] pitch=0.00 deg, altFt=-0.00 ft, dt=0.0100 s, rollCorr=0.000 pitchCorr=0.162 m1=1.00 m2=0.96 m3=0.64 m4=1.00
[PHYSICS] pitch=0.00 deg, altFt=-0.00 ft, dt=0.0100 s, rollCorr=0.000 pitchCorr=0.162 m1=1.00 m2=0.96 m3=0.64 m4=1.00
[NAV] WP=1 dist=37.0m bearing=0.0° → pitchTarget=15.00° rollTarget=0.00
[PHYSICS] pitch=0.00 deg, altFt=-0.00 ft, dt=0.0202 s, rollCorr=0.000 pitchCorr=0.162 m1=1.00 m2=0.96 m3=0.64 m4=1.00
[PHYSICS] pitch=0.00 deg, altFt=-0.00 ft, dt=0.0098 s, rollCorr=0.000 pitchCorr=0.162 m1=1.00 m2=0.96 m3=0.64 m4=1.00
[PHYSICS] pitch=0.00 deg, altFt=-0.00 ft, dt=0.0100 s, rollCorr=0.000 pitchCorr=0.163 m1=1.00 m2=0.96 m3=0.64 m4=1.00
[PHYSICS] pitch=0.00 deg, altFt=-0.00 ft, dt=0.0100 s, rollCorr=0.000 pitchCorr=0.163 m1=1.00 m2=0.96 m3=0.64 m4=1.00
[PHYSICS] pitch=0.00 deg, altFt=-0.00 ft, dt=0.0202 s, rollCorr=0.000 pitchCorr=0.163 m1=1.00 m2=0.96 m3=0.64 m4=1.00
[PHYSICS] pitch=0.00 deg, altFt=-0.00 ft, dt=0.0098 s, rollCorr=0.000 pitchCorr=0.163 m1=1.00 m2=0.96 m3=0.64 m4=1.00
[PHYSICS] pitch=0.00 deg, altFt=-0.00 ft, dt=0.0100 s, rollCorr=0.000 pitchCorr=0.163 m1=1.00 m2=0.96 m3=0.64 m4=1.00
[PHYSICS] pitch=0.00 deg, altFt=-0.00 ft, dt=0.0100 s, rollCorr=0.000 pitchCorr=0.164 m1=1.00 m2=0.96 m3=0.64 m4=1.00
[NAV] WP=1 dist=37.0m bearing=0.0° → pitchTarget=15.00° rollTarget=0.00
[PHYSICS] pitch=0.00 deg, altFt=-0.00 ft, dt=0.0202 s, rollCorr=0.000 pitchCorr=0.164 m1=1.00 m2=0.96 m3=0.64 m4=1.00
[PHYSICS] pitch=0.00 deg, altFt=-0.00 ft, dt=0.0098 s, rollCorr=0.000 pitchCorr=0.164 m1=1.00 m2=0.96 m3=0.64 m4=1.00
[PHYSICS] pitch=0.00 deg, altFt=-0.00 ft, dt=0.0100 s, rollCorr=0.000 pitchCorr=0.164 m1=1.00 m2=0.96 m3=0.64 m4=1.00
[PHYSICS] pitch=0.00 deg, altFt=-0.00 ft, dt=0.0100 s, rollCorr=0.000 pitchCorr=0.164 m1=1.00 m2=0.96 m3=0.64 m4=1.00
[PHYSICS] pitch=0.00 deg, altFt=-0.00 ft, dt=0.0202 s, rollCorr=0.000 pitchCorr=0.165 m1=1.00 m2=0.96 m3=0.64 m4=1.00
[PHYSICS] pitch=0.00 deg, altFt=-0.00 ft, dt=0.0098 s, rollCorr=0.000 pitchCorr=0.165 m1=1.00 m2=0.96 m3=0.64 m4=1.00
[PHYSICS] pitch=0.00 deg, altFt=-0.00 ft, dt=0.0100 s, rollCorr=0.000 pitchCorr=0.165 m1=1.00 m2=0.96 m3=0.64 m4=1.00
[PHYSICS] pitch=0.00 deg, altFt=-0.00 ft, dt=0.0100 s, rollCorr=0.000 pitchCorr=0.165 m1=1.00 m2=0.97 m3=0.63 m4=1.00
[NAV] WP=1 dist=37.0m bearing=0.0° → pitchTarget=15.00° rollTarget=0.00
[PHYSICS] pitch=0.00 deg, altFt=-0.00 ft, dt=0.0202 s, rollCorr=0.000 pitchCorr=0.165 m1=1.00 m2=0.97 m3=0.63 m4=1.00
[PHYSICS] pitch=0.00 deg, altFt=-0.00 ft, dt=0.0098 s, rollCorr=0.000 pitchCorr=0.165 m1=1.00 m2=0.97 m3=0.63 m4=1.00
[PHYSICS] pitch=0.00 deg, altFt=-0.00 ft, dt=0.0100 s, rollCorr=0.000 pitchCorr=0.166 m1=1.00 m2=0.97 m3=0.63 m4=1.00
[PHYSICS] pitch=0.00 deg, altFt=-0.00 ft, dt=0.0100 s, rollCorr=0.000 pitchCorr=0.166 m1=1.00 m2=0.97 m3=0.63 m4=1.00
[PHYSICS] pitch=0.00 deg, altFt=-0.00 ft, dt=0.0202 s, rollCorr=0.000 pitchCorr=0.166 m1=1.00 m2=0.97 m3=0.63 m4=1.00
[PHYSICS] pitch=0.00 deg, altFt=-0.00 ft, dt=0.0098 s, rollCorr=0.000 pitchCorr=0.166 m1=1.00 m2=0.97 m3=0.63 m4=1.00
[PHYSICS] pitch=0.00 deg, altFt=-0.00 ft, dt=0.0100 s, rollCorr=0.000 pitchCorr=0.166 m1=1.00 m2=0.97 m3=0.63 m4=1.00
[PHYSICS] pitch=0.00 deg, altFt=-0.00 ft, dt=0.0100 s, rollCorr=0.000 pitchCorr=0.167 m1=1.00 m2=0.97 m3=0.63 m4=1.00
[NAV] WP=1 dist=37.0m bearing=0.0° → pitchTarget=15.00° rollTarget=0.00
[PHYSICS] pitch=0.00 deg, altFt=-0.00 ft, dt=0.0202 s, rollCorr=0.000 pitchCorr=0.167 m1=1.00 m2=0.97 m3=0.63 m4=1.00
[PHYSICS] pitch=0.00 deg, altFt=-0.00 ft, dt=0.0098 s, rollCorr=0.000 pitchCorr=0.167 m1=1.00 m2=0.97 m3=0.63 m4=1.00
[PHYSICS] pitch=0.00 deg, altFt=-0.00 ft, dt=0.0100 s, rollCorr=0.000 pitchCorr=0.167 m1=1.00 m2=0.97 m3=0.63 m4=1.00
[PHYSICS] pitch=0.00 deg, altFt=-0.00 ft, dt=0.0100 s, rollCorr=0.000 pitchCorr=0.167 m1=1.00 m2=0.97 m3=0.63 m4=1.00
[PHYSICS] pitch=0.00 deg, altFt=-0.00 ft, dt=0.0202 s, rollCorr=0.000 pitchCorr=0.168 m1=1.00 m2=0.97 m3=0.63 m4=1.00
[PHYSICS] pitch=0.00 deg, altFt=-0.00 ft, dt=0.0098 s, rollCorr=0.000 pitchCorr=0.168 m1=1.00 m2=0.97 m3=0.63 m4=1.00
[PHYSICS] pitch=0.00 deg, altFt=-0.00 ft, dt=0.0100 s, rollCorr=0.000 pitchCorr=0.168 m1=1.00 m2=0.97 m3=0.63 m4=1.00
[PHYSICS] pitch=0.00 deg, altFt=-0.00 ft, dt=0.0100 s, rollCorr=0.000 pitchCorr=0.168 m1=1.00 m2=0.97 m3=0.63 m4=1.00
[NAV] WP=1 dist=37.0m bearing=0.0° → pitchTarget=15.00° rollTarget=0.00
[PHYSICS] pitch=0.00 deg, altFt=-0.00 ft, dt=0.0202 s, rollCorr=0.000 pitchCorr=0.168 m1=1.00 m2=0.97 m3=0.63 m4=1.00
[PHYSICS] pitch=0.00 deg, altFt=-0.00 ft, dt=0.0098 s, rollCorr=0.000 pitchCorr=0.168 m1=1.00 m2=0.97 m3=0.63 m4=1.00
[PHYSICS] pitch=0.00 deg, altFt=-0.00 ft, dt=0.0100 s, rollCorr=0.000 pitchCorr=0.169 m1=1.00 m2=0.97 m3=0.63 m4=1.00
[PHYSICS] pitch=0.00 deg, altFt=-0.00 ft, dt=0.0100 s, rollCorr=0.000 pitchCorr=0.169 m1=1.00 m2=0.97 m3=0.63 m4=1.00
[PHYSICS] pitch=0.00 deg, altFt=-0.00 ft, dt=0.0202 s, rollCorr=0.000 pitchCorr=0.169 m1=1.00 m2=0.97 m3=0.63 m4=1.00
[PHYSICS] pitch=0.00 deg, altFt=-0.00 ft, dt=0.0098 s, rollCorr=0.000 pitchCorr=0.169 m1=1.00 m2=0.97 m3=0.63 m4=1.00
[PHYSICS] pitch=0.00 deg, altFt=-0.00 ft, dt=0.0100 s, rollCorr=0.000 pitchCorr=0.169 m1=1.00 m2=0.97 m3=0.63 m4=1.00
[PHYSICS] pitch=0.00 deg, altFt=-0.00 ft, dt=0.0100 s, rollCorr=0.000 pitchCorr=0.170 m1=1.00 m2=0.97 m3=0.63 m4=1.00
[NAV] WP=1 dist=37.0m bearing=0.0° → pitchTarget=15.00° rollTarget=0.00
[PHYSICS] pitch=0.00 deg, altFt=-0.00 ft, dt=0.0202 s, rollCorr=0.000 pitchCorr=0.170 m1=1.00 m2=0.97 m3=0.63 m4=1.00
[PHYSICS] pitch=0.00 deg, altFt=-0.00 ft, dt=0.0098 s, rollCorr=0.000 pitchCorr=0.170 m1=1.00 m2=0.97 m3=0.63 m4=1.00
[PHYSICS] pitch=0.00 deg, altFt=-0.00 ft, dt=0.0100 s, rollCorr=0.000 pitchCorr=0.170 m1=1.00 m2=0.97 m3=0.63 m4=1.00
[PHYSICS] pitch=0.00 deg, altFt=-0.00 ft, dt=0.0100 s, rollCorr=0.000 pitchCorr=0.170 m1=1.00 m2=0.97 m3=0.63 m4=1.00
[PHYSICS] pitch=0.00 deg, altFt=-0.00 ft, dt=0.0202 s, rollCorr=0.000 pitchCorr=0.171 m1=1.00 m2=0.97 m3=0.63 m4=1.00
[PHYSICS] pitch=0.00 deg, altFt=-0.00 ft, dt=0.0098 s, rollCorr=0.000 pitchCorr=0.171 m1=1.00 m2=0.97 m3=0.63 m4=1.00
[PHYSICS] pitch=0.00 deg, altFt=-0.00 ft, dt=0.0100 s, rollCorr=0.000 pitchCorr=0.171 m1=1.00 m2=0.97 m3=0.63 m4=1.00
[PHYSICS] pitch=0.00 deg, altFt=-0.00 ft, dt=0.0100 s, rollCorr=0.000 pitchCorr=0.171 m1=1.00 m2=0.97 m3=0.63 m4=1.00
[NAV] WP=1 dist=37.0m bearing=0.0° → pitchTarget=15.00° rollTarget=0.00
[PHYSICS] pitch=0.00 deg, altFt=-0.00 ft, dt=0.0202 s, rollCorr=0.000 pitchCorr=0.171 m1=1.00 m2=0.97 m3=0.63 m4=1.00
[PHYSICS] pitch=0.00 deg, altFt=-0.00 ft, dt=0.0098 s, rollCorr=0.000 pitchCorr=0.171 m1=1.00 m2=0.97 m3=0.63 m4=1.00
[PHYSICS] pitch=0.00 deg, altFt=-0.00 ft, dt=0.0100 s, rollCorr=0.000 pitchCorr=0.172 m1=1.00 m2=0.97 m3=0.63 m4=1.00
[PHYSICS] pitch=0.00 deg, altFt=-0.00 ft, dt=0.0100 s, rollCorr=0.000 pitchCorr=0.172 m1=1.00 m2=0.97 m3=0.63 m4=1.00
[PHYSICS] pitch=0.00 deg, altFt=-0.00 ft, dt=0.0202 s, rollCorr=0.000 pitchCorr=0.172 m1=1.00 m2=0.97 m3=0.63 m4=1.00
[PHYSICS] pitch=0.00 deg, altFt=-0.00 ft, dt=0.0098 s, rollCorr=0.000 pitchCorr=0.172 m1=1.00 m2=0.97 m3=0.63 m4=1.00
[PHYSICS] pitch=0.00 deg, altFt=-0.00 ft, dt=0.0100 s, rollCorr=0.000 pitchCorr=0.172 m1=1.00 m2=0.97 m3=0.63 m4=1.00
[PHYSICS] pitch=0.00 deg, altFt=-0.00 ft, dt=0.0100 s, rollCorr=0.000 pitchCorr=0.173 m1=1.00 m2=0.97 m3=0.63 m4=1.00
[NAV] WP=1 dist=37.0m bearing=0.0° → pitchTarget=15.00° rollTarget=0.00
[PHYSICS] pitch=0.00 deg, altFt=-0.00 ft, dt=0.0202 s, rollCorr=0.000 pitchCorr=0.173 m1=1.00 m2=0.97 m3=0.63 m4=1.00
[PHYSICS] pitch=0.00 deg, altFt=-0.00 ft, dt=0.0098 s, rollCorr=0.000 pitchCorr=0.173 m1=1.00 m2=0.97 m3=0.63 m4=1.00
[PHYSICS] pitch=0.00 deg, altFt=-0.00 ft, dt=0.0100 s, rollCorr=0.000 pitchCorr=0.173 m1=1.00 m2=0.97 m3=0.63 m4=1.00
[PHYSICS] pitch=0.00 deg, altFt=-0.00 ft, dt=0.0100 s, rollCorr=0.000 pitchCorr=0.173 m1=1.00 m2=0.97 m3=0.63 m4=1.00
[PHYSICS] pitch=0.00 deg, altFt=-0.00 ft, dt=0.0196 s, rollCorr=0.000 pitchCorr=0.174 m1=1.00 m2=0.97 m3=0.63 m4=1.00
[PHYSICS] pitch=0.00 deg, altFt=-0.00 ft, dt=0.0097 s, rollCorr=0.000 pitchCorr=0.174 m1=1.00 m2=0.97 m3=0.63 m4=1.00
[PHYSICS] pitch=0.00 deg, altFt=-0.00 ft, dt=0.0099 s, rollCorr=0.000 pitchCorr=0.174 m1=1.00 m2=0.97 m3=0.63 m4=1.00
[NAV] WP=1 dist=37.0m bearing=0.0° → pitchTarget=15.00° rollTarget=0.00
[PHYSICS] pitch=0.00 deg, altFt=-0.00 ft, dt=0.0200 s, rollCorr=0.000 pitchCorr=0.174 m1=1.00 m2=0.97 m3=0.63 m4=1.00
[PHYSICS] pitch=0.00 deg, altFt=-0.00 ft, dt=0.0098 s, rollCorr=0.000 pitchCorr=0.174 m1=1.00 m2=0.97 m3=0.63 m4=1.00
[PHYSICS] pitch=0.00 deg, altFt=-0.00 ft, dt=0.0100 s, rollCorr=0.000 pitchCorr=0.174 m1=1.00 m2=0.97 m3=0.63 m4=1.00
[PHYSICS] pitch=0.00 deg, altFt=-0.00 ft, dt=0.0100 s, rollCorr=0.000 pitchCorr=0.175 m1=1.00 m2=0.97 m3=0.63 m4=1.00
[PHYSICS] pitch=0.00 deg, altFt=-0.00 ft, dt=0.0202 s, rollCorr=0.000 pitchCorr=0.175 m1=1.00 m2=0.97 m3=0.63 m4=1.00
[PHYSICS] pitch=0.00 deg, altFt=-0.00 ft, dt=0.0098 s, rollCorr=0.000 pitchCorr=0.175 m1=1.00 m2=0.98 m3=0.62 m4=1.00
[PHYSICS] pitch=0.00 deg, altFt=-0.00 ft, dt=0.0100 s, rollCorr=0.000 pitchCorr=0.175 m1=1.00 m2=0.98 m3=0.62 m4=1.00
[PHYSICS] pitch=0.00 deg, altFt=-0.00 ft, dt=0.0100 s, rollCorr=0.000 pitchCorr=0.175 m1=1.00 m2=0.98 m3=0.62 m4=1.00
[NAV] WP=1 dist=37.0m bearing=0.0° → pitchTarget=15.00° rollTarget=0.00
[PHYSICS] pitch=0.00 deg, altFt=-0.00 ft, dt=0.0202 s, rollCorr=0.000 pitchCorr=0.176 m1=1.00 m2=0.98 m3=0.62 m4=1.00
[PHYSICS] pitch=0.00 deg, altFt=-0.00 ft, dt=0.0098 s, rollCorr=0.000 pitchCorr=0.176 m1=1.00 m2=0.98 m3=0.62 m4=1.00
[PHYSICS] pitch=0.00 deg, altFt=-0.00 ft, dt=0.0100 s, rollCorr=0.000 pitchCorr=0.176 m1=1.00 m2=0.98 m3=0.62 m4=1.00
[PHYSICS] pitch=0.00 deg, altFt=-0.00 ft, dt=0.0100 s, rollCorr=0.000 pitchCorr=0.176 m1=1.00 m2=0.98 m3=0.62 m4=1.00
[PHYSICS] pitch=0.00 deg, altFt=-0.00 ft, dt=0.0202 s, rollCorr=0.000 pitchCorr=0.176 m1=1.00 m2=0.98 m3=0.62 m4=1.00
[PHYSICS] pitch=0.00 deg, altFt=-0.00 ft, dt=0.0098 s, rollCorr=0.000 pitchCorr=0.177 m1=1.00 m2=0.98 m3=0.62 m4=1.00
[PHYSICS] pitch=0.00 deg, altFt=-0.00 ft, dt=0.0100 s, rollCorr=0.000 pitchCorr=0.177 m1=1.00 m2=0.98 m3=0.62 m4=1.00
[PHYSICS] pitch=0.00 deg, altFt=-0.00 ft, dt=0.0100 s, rollCorr=0.000 pitchCorr=0.177 m1=1.00 m2=0.98 m3=0.62 m4=1.00
[NAV] WP=1 dist=37.0m bearing=0.0° → pitchTarget=15.00° rollTarget=0.00
[PHYSICS] pitch=0.00 deg, altFt=-0.00 ft, dt=0.0202 s, rollCorr=0.000 pitchCorr=0.177 m1=1.00 m2=0.98 m3=0.62 m4=1.00
[PHYSICS] pitch=0.00 deg, altFt=-0.00 ft, dt
[GPS + Compass Injection Test] delay 2000ms
=0.0098 s, rollCorr=0.000 pitchCorr=0.177 m1=1.00 m2=0.98 m3=0.62 m4=1.00
[PHYSICS] pitch=0.00 deg, altFt=-0.00 ft, dt=0.0100 s, rollCorr=0.000 pitchCorr=0.177 m1=1.00 m2=0.98 m3=0.62 m4=1.00
[PHYSICS] pitch=0.00 deg, altFt=-0.00 ft, dt=0.0100 s, rollCorr=0.000 pitchCorr=0.178 m1=1.00 m2=0.98 m3=0.62 m4=1.00
[PHYSICS] pitch=0.00 deg, altFt=-0.00 ft, dt=0.0202 s, rollCorr=0.000 pitchCorr=0.178 m1=1.00 m2=0.98 m3=0.62 m4=1.00
[PHYSICS] pitch=0.00 deg, altFt=-0.00 ft, dt=0.0098 s, rollCorr=0.000 pitchCorr=0.178 m1=1.00 m2=0.98 m3=0.62 m4=1.00
[PHYSICS] pitch=0.00 deg, altFt=-0.00 ft, dt=0.0100 s, rollCorr=0.000 pitchCorr=0.178 m1=1.00 m2=0.98 m3=0.62 m4=1.00
[PHYSICS] pitch=0.00 deg, altFt=-0.00 ft, dt=0.0100 s, rollCorr=0.000 pitchCorr=0.178 m1=1.00 m2=0.98 m3=0.62 m4=1.00
[NAV] WP=1 dist=21.0m bearing=0.0° → pitchTarget=-5.50° rollTarget=0.00
[PHYSICS] pitch=0.00 deg, altFt=-0.00 ft, dt=0.0202 s, rollCorr=0.000 pitchCorr=-0.300 m1=0.90 m2=0.50 m3=1.00 m4=1.00
[PHYSICS] pitch=0.00 deg, altFt=-0.00 ft, dt=0.0098 s, rollCorr=0.000 pitchCorr=-0.027 m1=1.00 m2=0.77 m3=0.83 m4=1.00
[PHYSICS] pitch=0.00 deg, altFt=-0.00 ft, dt=0.0100 s, rollCorr=0.000 pitchCorr=-0.027 m1=1.00 m2=0.77 m3=0.83 m4=1.00
[PHYSICS] pitch=0.00 deg, altFt=-0.00 ft, dt=0.0100 s, rollCorr=0.000 pitchCorr=-0.027 m1=1.00 m2=0.77 m3=0.83 m4=1.00
[PHYSICS] pitch=0.00 deg, altFt=-0.00 ft, dt=0.0202 s, rollCorr=0.000 pitchCorr=-0.027 m1=1.00 m2=0.77 m3=0.83 m4=1.00
[PHYSICS] pitch=0.00 deg, altFt=-0.00 ft, dt=0.0098 s, rollCorr=0.000 pitchCorr=-0.027 m1=1.00 m2=0.77 m3=0.83 m4=1.00
[PHYSICS] pitch=0.00 deg, altFt=-0.00 ft, dt=0.0100 s, rollCorr=0.000 pitchCorr=-0.027 m1=1.00 m2=0.77 m3=0.83 m4=1.00
[PHYSICS] pitch=0.00 deg, altFt=-0.00 ft, dt=0.0100 s, rollCorr=0.000 pitchCorr=-0.027 m1=1.00 m2=0.77 m3=0.83 m4=1.00
[NAV] WP=1 dist=21.0m bearing=0.0° → pitchTarget=10.51° rollTarget=0.00
[PHYSICS] pitch=0.00 deg, altFt=-0.00 ft, dt=0.0202 s, rollCorr=0.000 pitchCorr=0.300 m1=1.00 m2=1.00 m3=0.50 m4=0.90
[PHYSICS] pitch=0.00 deg, altFt=-0.00 ft, dt=0.0098 s, rollCorr=0.000 pitchCorr=0.133 m1=1.00 m2=0.93 m3=0.67 m4=1.00
[PHYSICS] pitch=0.00 deg, altFt=-0.00 ft, dt=0.0100 s, rollCorr=0.000 pitchCorr=0.133 m1=1.00 m2=0.93 m3=0.67 m4=1.00
[PHYSICS] pitch=0.00 deg, altFt=-0.00 ft, dt=0.0100 s, rollCorr=0.000 pitchCorr=0.133 m1=1.00 m2=0.93 m3=0.67 m4=1.00
[PHYSICS] pitch=0.00 deg, altFt=-0.00 ft, dt=0.0202 s, rollCorr=0.000 pitchCorr=0.134 m1=1.00 m2=0.93 m3=0.67 m4=1.00
[PHYSICS] pitch=0.00 deg, altFt=-0.00 ft, dt=0.0098 s, rollCorr=0.000 pitchCorr=0.134 m1=1.00 m2=0.93 m3=0.67 m4=1.00
[PHYSICS] pitch=0.00 deg, altFt=-0.00 ft, dt=0.0100 s, rollCorr=0.000 pitchCorr=0.134 m1=1.00 m2=0.93 m3=0.67 m4=1.00
[PHYSICS] pitch=0.00 deg, altFt=-0.00 ft, dt=0.0100 s, rollCorr=0.000 pitchCorr=0.134 m1=1.00 m2=0.93 m3=0.67 m4=1.00
[NAV] WP=1 dist=21.0m bearing=0.0° → pitchTarget=10.51° rollTarget=0.00
[PHYSICS] pitch=0.00 deg, altFt=-0.00 ft, dt=0.0202 s, rollCorr=0.000 pitchCorr=0.134 m1=1.00 m2=0.93 m3=0.67 m4=1.00
[PHYSICS] pitch=0.00 deg, altFt=-0.00 ft, dt=0.0098 s, rollCorr=0.000 pitchCorr=0.134 m1=1.00 m2=0.93 m3=0.67 m4=1.00
[PHYSICS] pitch=0.00 deg, altFt=-0.00 ft, dt=0.0100 s, rollCorr=0.000 pitchCorr=0.134 m1=1.00 m2=0.93 m3=0.67 m4=1.00
[PHYSICS] pitch=0.00 deg, altFt=-0.00 ft, dt=0.0100 s, rollCorr=0.000 pitchCorr=0.134 m1=1.00 m2=0.93 m3=0.67 m4=1.00
[PHYSICS] pitch=0.00 deg, altFt=-0.00 ft, dt=0.0202 s, rollCorr=0.000 pitchCorr=0.135 m1=1.00 m2=0.93 m3=0.67 m4=1.00
[PHYSICS] pitch=0.00 deg, altFt=-0.00 ft, dt=0.0098 s, rollCorr=0.000 pitchCorr=0.135 m1=1.00 m2=0.93 m3=0.67 m4=1.00
[PHYSICS] pitch=0.00 deg, altFt=-0.00 ft, dt=0.0100 s, rollCorr=0.000 pitchCorr=0.135 m1=1.00 m2=0.93 m3=0.67 m4=1.00
[PHYSICS] pitch=0.00 deg, altFt=-0.00 ft, dt=0.0100 s, rollCorr=0.000 pitchCorr=0.135 m1=1.00 m2=0.93 m3=0.67 m4=1.00
[NAV] WP=1 dist=21.0m bearing=0.0° → pitchTarget=10.51° rollTarget=0.00
[PHYSICS] pitch=0.00 deg, altFt=-0.00 ft, dt=0.0202 s, rollCorr=0.000 pitchCorr=0.135 m1=1.00 m2=0.94 m3=0.66 m4=1.00
[PHYSICS] pitch=0.00 deg, altFt=-0.00 ft, dt=0.0098 s, rollCorr=0.000 pitchCorr=0.135 m1=1.00 m2=0.94 m3=0.66 m4=1.00
[PHYSICS] pitch=0.00 deg, altFt=-0.00 ft, dt=0.0100 s, rollCorr=0.000 pitchCorr=0.135 m1=1.00 m2=0.94 m3=0.66 m4=1.00
[PHYSICS] pitch=0.00 deg, altFt=-0.00 ft, dt=0.0100 s, rollCorr=0.000 pitchCorr=0.135 m1=1.00 m2=0.94 m3=0.66 m4=1.00
[PHYSICS] pitch=0.00 deg, altFt=-0.00 ft, dt=0.0202 s, rollCorr=0.000 pitchCorr=0.136 m1=1.00 m2=0.94 m3=0.66 m4=1.00
[PHYSICS] pitch=0.00 deg, altFt=-0.00 ft, dt=0.0098 s, rollCorr=0.000 pitchCorr=0.136 m1=1.00 m2=0.94 m3=0.66 m4=1.00
[PHYSICS] pitch=0.00 deg, altFt=-0.00 ft, dt=0.0100 s, rollCorr=0.000 pitchCorr=0.136 m1=1.00 m2=0.94 m3=0.66 m4=1.00
[PHYSICS] pitch=0.00 deg, altFt=-0.00 ft, dt=0.0100 s, rollCorr=0.000 pitchCorr=0.136 m1=1.00 m2=0.94 m3=0.66 m4=1.00
[NAV] WP=1 dist=21.0m bearing=0.0° → pitchTarget=10.51° rollTarget=0.00
[PHYSICS] pitch=0.00 deg, altFt=-0.00 ft, dt=0.0202 s, rollCorr=0.000 pitchCorr=0.136 m1=1.00 m2=0.94 m3=0.66 m4=1.00
[PHYSICS] pitch=0.00 deg, altFt=-0.00 ft, dt=0.0098 s, rollCorr=0.000 pitchCorr=0.136 m1=1.00 m2=0.94 m3=0.66 m4=1.00
[PHYSICS] pitch=0.00 deg, altFt=-0.00 ft, dt=0.0100 s, rollCorr=0.000 pitchCorr=0.136 m1=1.00 m2=0.94 m3=0.66 m4=1.00
[PHYSICS] pitch=0.00 deg, altFt=-0.00 ft, dt=0.0100 s, rollCorr=0.000 pitchCorr=0.137 m1=1.00 m2=0.94 m3=0.66 m4=1.00
[PHYSICS] pitch=0.00 deg, altFt=-0.00 ft, dt=0.0202 s, rollCorr=0.000 pitchCorr=0.137 m1=1.00 m2=0.94 m3=0.66 m4=1.00
[PHYSICS] pitch=0.00 deg, altFt=-0.00 ft, dt=0.0098 s, rollCorr=0.000 pitchCorr=0.137 m1=1.00 m2=0.94 m3=0.66 m4=1.00
[PHYSICS] pitch=0.00 deg, altFt=-0.00 ft, dt=0.0100 s, rollCorr=0.000 pitchCorr=0.137 m1=1.00 m2=0.94 m3=0.66 m4=1.00
[PHYSICS] pitch=0.00 deg, altFt=-0.00 ft, dt=0.0100 s, rollCorr=0.000 pitchCorr=0.137 m1=1.00 m2=0.94 m3=0.66 m4=1.00
[NAV] WP=1 dist=21.0m bearing=0.0° → pitchTarget=10.51° rollTarget=0.00
[PHYSICS] pitch=0.00 deg, altFt=-0.00 ft, dt=0.0202 s, rollCorr=0.000 pitchCorr=0.137 m1=1.00 m2=0.94 m3=0.66 m4=1.00
[PHYSICS] pitch=0.00 deg, altFt=-0.00 ft, dt=0.0098 s, rollCorr=0.000 pitchCorr=0.137 m1=1.00 m2=0.94 m3=0.66 m4=1.00
[PHYSICS] pitch=0.00 deg, altFt=-0.00 ft, dt=0.0100 s, rollCorr=0.000 pitchCorr=0.137 m1=1.00 m2=0.94 m3=0.66 m4=1.00
[PHYSICS] pitch=0.00 deg, altFt=-0.00 ft, dt=0.0100 s, rollCorr=0.000 pitchCorr=0.138 m1=1.00 m2=0.94 m3=0.66 m4=1.00
[PHYSICS] pitch=0.00 deg, altFt=-0.00 ft, dt=0.0202 s, rollCorr=0.000 pitchCorr=0.138 m1=1.00 m2=0.94 m3=0.66 m4=1.00
[PHYSICS] pitch=0.00 deg, altFt=-0.00 ft, dt=0.0098 s, rollCorr=0.000 pitchCorr=0.138 m1=1.00 m2=0.94 m3=0.66 m4=1.00
[PHYSICS] pitch=0.00 deg, altFt=-0.00 ft, dt=0.0100 s, rollCorr=0.000 pitchCorr=0.138 m1=1.00 m2=0.94 m3=0.66 m4=1.00
[PHYSICS] pitch=0.00 deg, altFt=-0.00 ft, dt=0.0100 s, rollCorr=0.000 pitchCorr=0.138 m1=1.00 m2=0.94 m3=0.66 m4=1.00
[NAV] WP=1 dist=21.0m bearing=0.0° → pitchTarget=10.51° rollTarget=0.00
[PHYSICS] pitch=0.00 deg, altFt=-0.00 ft, dt=0.0202 s, rollCorr=0.000 pitchCorr=0.138 m1=1.00 m2=0.94 m3=0.66 m4=1.00
[PHYSICS] pitch=0.00 deg, altFt=-0.00 ft, dt=0.0098 s, rollCorr=0.000 pitchCorr=0.138 m1=1.00 m2=0.94 m3=0.66 m4=1.00
[PHYSICS] pitch=0.00 deg, altFt=-0.00 ft, dt=0.0100 s, rollCorr=0.000 pitchCorr=0.139 m1=1.00 m2=0.94 m3=0.66 m4=1.00
[PHYSICS] pitch=0.00 deg, altFt=-0.00 ft, dt=0.0100 s, rollCorr=0.000 pitchCorr=0.139 m1=1.00 m2=0.94 m3=0.66 m4=1.00
[PHYSICS] pitch=0.00 deg, altFt=-0.00 ft, dt=0.0202 s, rollCorr=0.000 pitchCorr=0.139 m1=1.00 m2=0.94 m3=0.66 m4=1.00
[PHYSICS] pitch=0.00 deg, altFt=-0.00 ft, dt=0.0098 s, rollCorr=0.000 pitchCorr=0.139 m1=1.00 m2=0.94 m3=0.66 m4=1.00
[PHYSICS] pitch=0.00 deg, altFt=-0.00 ft, dt=0.0100 s, rollCorr=0.000 pitchCorr=0.139 m1=1.00 m2=0.94 m3=0.66 m4=1.00
[PHYSICS] pitch=0.00 deg, altFt=-0.00 ft, dt=0.0100 s, rollCorr=0.000 pitchCorr=0.139 m1=1.00 m2=0.94 m3=0.66 m4=1.00
[NAV] WP=1 dist=21.0m bearing=0.0° → pitchTarget=10.51° rollTarget=0.00
[PHYSICS] pitch=0.00 deg, altFt=-0.00 ft, dt=0.0202 s, rollCorr=0.000 pitchCorr=0.139 m1=1.00 m2=0.94 m3=0.66 m4=1.00
[PHYSICS] pitch=0.00 deg, altFt=-0.00 ft, dt=0.0098 s, rollCorr=0.000 pitchCorr=0.139 m1=1.00 m2=0.94 m3=0.66 m4=1.00
[PHYSICS] pitch=0.00 deg, altFt=-0.00 ft, dt=0.0100 s, rollCorr=0.000 pitchCorr=0.140 m1=1.00 m2=0.94 m3=0.66 m4=1.00
[PHYSICS] pitch=0.00 deg, altFt=-0.00 ft, dt=0.0100 s, rollCorr=0.000 pitchCorr=0.140 m1=1.00 m2=0.94 m3=0.66 m4=1.00
[PHYSICS] pitch=0.00 deg, altFt=-0.00 ft, dt=0.0202 s, rollCorr=0.000 pitchCorr=0.140 m1=1.00 m2=0.94 m3=0.66 m4=1.00
[PHYSICS] pitch=0.00 deg, altFt=-0.00 ft, dt=0.0098 s, rollCorr=0.000 pitchCorr=0.140 m1=1.00 m2=0.94 m3=0.66 m4=1.00
[PHYSICS] pitch=0.00 deg, altFt=-0.00 ft, dt=0.0100 s, rollCorr=0.000 pitchCorr=0.140 m1=1.00 m2=0.94 m3=0.66 m4=1.00
[PHYSICS] pitch=0.00 deg, altFt=-0.00 ft, dt=0.0100 s, rollCorr=0.000 pitchCorr=0.140 m1=1.00 m2=0.94 m3=0.66 m4=1.00
[NAV] WP=1 dist=21.0m bearing=0.0° → pitchTarget=10.51° rollTarget=0.00
[PHYSICS] pitch=0.00 deg, altFt=-0.00 ft, dt=0.0202 s, rollCorr=0.000 pitchCorr=0.140 m1=1.00 m2=0.94 m3=0.66 m4=1.00
[PHYSICS] pitch=0.00 deg, altFt=-0.00 ft, dt=0.0098 s, rollCorr=0.000 pitchCorr=0.141 m1=1.00 m2=0.94 m3=0.66 m4=1.00
[PHYSICS] pitch=0.00 deg, altFt=-0.00 ft, dt=0.0100 s, rollCorr=0.000 pitchCorr=0.141 m1=1.00 m2=0.94 m3=0.66 m4=1.00
[PHYSICS] pitch=0.00 deg, altFt=-0.00 ft, dt=0.0100 s, rollCorr=0.000 pitchCorr=0.141 m1=1.00 m2=0.94 m3=0.66 m4=1.00
[PHYSICS] pitch=0.00 deg, altFt=-0.00 ft, dt=0.0202 s, rollCorr=0.000 pitchCorr=0.141 m1=1.00 m2=0.94 m3=0.66 m4=1.00
[PHYSICS] pitch=0.00 deg, altFt=-0.00 ft, dt=0.0098 s, rollCorr=0.000 pitchCorr=0.141 m1=1.00 m2=0.94 m3=0.66 m4=1.00
[PHYSICS] pitch=0.00 deg, altFt=-0.00 ft, dt=0.0100 s, rollCorr=0.000 pitchCorr=0.141 m1=1.00 m2=0.94 m3=0.66 m4=1.00
[PHYSICS] pitch=0.00 deg, altFt=-0.00 ft, dt=0.0100 s, rollCorr=0.000 pitchCorr=0.141 m1=1.00 m2=0.94 m3=0.66 m4=1.00
[NAV] WP=1 dist=21.0m bearing=0.0° → pitchTarget=10.51° rollTarget=0.00
[PHYSICS] pitch=0.00 deg, altFt=-0.00 ft, dt=0.0202 s, rollCorr=0.000 pitchCorr=0.141 m1=1.00 m2=0.94 m3=0.66 m4=1.00
[PHYSICS] pitch=0.00 deg, altFt=-0.00 ft, dt=0.0098 s, rollCorr=0.000 pitchCorr=0.142 m1=1.00 m2=0.94 m3=0.66 m4=1.00
[PHYSICS] pitch=0.00 deg, altFt=-0.00 ft, dt=0.0100 s, rollCorr=0.000 pitchCorr=0.142 m1=1.00 m2=0.94 m3=0.66 m4=1.00
[PHYSICS] pitch=0.00 deg, altFt=-0.00 ft, dt=0.0100 s, rollCorr=0.000 pitchCorr=0.142 m1=1.00 m2=0.94 m3=0.66 m4=1.00
[PHYSICS] pitch=0.00 deg, altFt=-0.00 ft, dt=0.0202 s, rollCorr=0.000 pitchCorr=0.142 m1=1.00 m2=0.94 m3=0.66 m4=1.00
[PHYSICS] pitch=0.00 deg, altFt=-0.00 ft, dt=0.0098 s, rollCorr=0.000 pitchCorr=0.142 m1=1.00 m2=0.94 m3=0.66 m4=1.00
[PHYSICS] pitch=0.00 deg, altFt=-0.00 ft, dt=0.0100 s, rollCorr=0.000 pitchCorr=0.142 m1=1.00 m2=0.94 m3=0.66 m4=1.00
[PHYSICS] pitch=0.00 deg, altFt=-0.00 ft, dt=0.0100 s, rollCorr=0.000 pitchCorr=0.142 m1=1.00 m2=0.94 m3=0.66 m4=1.00
[NAV] WP=1 dist=21.0m bearing=0.0° → pitchTarget=10.51° rollTarget=0.00
[PHYSICS] pitch=0.00 deg, altFt=-0.00 ft, dt=0.0202 s, rollCorr=0.000 pitchCorr=0.143 m1=1.00 m2=0.94 m3=0.66 m4=1.00
[PHYSICS] pitch=0.00 deg, altFt=-0.00 ft, dt=0.0098 s, rollCorr=0.000 pitchCorr=0.143 m1=1.00 m2=0.94 m3=0.66 m4=1.00
[PHYSICS] pitch=0.00 deg, altFt=-0.00 ft, dt=0.0100 s, rollCorr=0.000 pitchCorr=0.143 m1=1.00 m2=0.94 m3=0.66 m4=1.00
[PHYSICS] pitch=0.00 deg, altFt=-0.00 ft, dt=0.0100 s, rollCorr=0.000 pitchCorr=0.143 m1=1.00 m2=0.94 m3=0.66 m4=1.00
[PHYSICS] pitch=0.00 deg, altFt=-0.00 ft, dt=0.0202 s, rollCorr=0.000 pitchCorr=0.143 m1=1.00 m2=0.94 m3=0.66 m4=1.00
[PHYSICS] pitch=0.00 deg, altFt=-0.00 ft, dt=0.0098 s, rollCorr=0.000 pitchCorr=0.143 m1=1.00 m2=0.94 m3=0.66 m4=1.00
[PHYSICS] pitch=0.00 deg, altFt=-0.00 ft, dt=0.0100 s, rollCorr=0.000 pitchCorr=0.143 m1=1.00 m2=0.94 m3=0.66 m4=1.00
[PHYSICS] pitch=0.00 deg, altFt=-0.00 ft, dt=0.0100 s, rollCorr=0.000 pitchCorr=0.143 m1=1.00 m2=0.94 m3=0.66 m4=1.00
[NAV] WP=1 dist=21.0m bearing=0.0° → pitchTarget=10.51° rollTarget=0.00
[PHYSICS] pitch=0.00 deg, altFt=-0.00 ft, dt=0.0202 s, rollCorr=0.000 pitchCorr=0.144 m1=1.00 m2=0.94 m3=0.66 m4=1.00
[PHYSICS] pitch=0.00 deg, altFt=-0.00 ft, dt=0.0098 s, rollCorr=0.000 pitchCorr=0.144 m1=1.00 m2=0.94 m3=0.66 m4=1.00
[PHYSICS] pitch=0.00 deg, altFt=-0.00 ft, dt=0.0100 s, rollCorr=0.000 pitchCorr=0.144 m1=1.00 m2=0.94 m3=0.66 m4=1.00
[PHYSICS] pitch=0.00 deg, altFt=-0.00 ft, dt=0.0100 s, rollCorr=0.000 pitchCorr=0.144 m1=1.00 m2=0.94 m3=0.66 m4=1.00
[PHYSICS] pitch=0.00 deg, altFt=-0.00 ft, dt=0.0202 s, rollCorr=0.000 pitchCorr=0.144 m1=1.00 m2=0.94 m3=0.66 m4=1.00
[PHYSICS] pitch=0.00 deg, altFt=-0.00 ft, dt=0.0098 s, rollCorr=0.000 pitchCorr=0.144 m1=1.00 m2=0.94 m3=0.66 m4=1.00
[PHYSICS] pitch=0.00 deg, altFt=-0.00 ft, dt=0.0100 s, rollCorr=0.000 pitchCorr=0.144 m1=1.00 m2=0.94 m3=0.66 m4=1.00
[PHYSICS] pitch=0.00 deg, altFt=-0.00 ft, dt=0.0100 s, rollCorr=0.000 pitchCorr=0.144 m1=1.00 m2=0.94 m3=0.66 m4=1.00
[NAV] WP=1 dist=21.0m bearing=0.0° → pitchTarget=10.51° rollTarget=0.00
[PHYSICS] pitch=0.00 deg, altFt=-0.00 ft, dt=0.0202 s, rollCorr=0.000 pitchCorr=0.145 m1=1.00 m2=0.94 m3=0.66 m4=1.00
[PHYSICS] pitch=0.00 deg, altFt=-0.00 ft, dt=0.0098 s, rollCorr=0.000 pitchCorr=0.145 m1=1.00 m2=0.94 m3=0.66 m4=1.00
[PHYSICS] pitch=0.00 deg, altFt=-0.00 ft, dt=0.0100 s, rollCorr=0.000 pitchCorr=0.145 m1=1.00 m2=0.94 m3=0.66 m4=1.00
[PHYSICS] pitch=0.00 deg, altFt=-0.00 ft, dt=0.0100 s, rollCorr=0.000 pitchCorr=0.145 m1=1.00 m2=0.94 m3=0.66 m4=1.00
[PHYSICS] pitch=0.00 deg, altFt=-0.00 ft, dt=0.0202 s, rollCorr=0.000 pitchCorr=0.145 m1=1.00 m2=0.95 m3=0.65 m4=1.00
[PHYSICS] pitch=0.00 deg, altFt=-0.00 ft, dt=0.0098 s, rollCorr=0.000 pitchCorr=0.145 m1=1.00 m2=0.95 m3=0.65 m4=1.00
[PHYSICS] pitch=0.00 deg, altFt=-0.00 ft, dt=0.0100 s, rollCorr=0.000 pitchCorr=0.145 m1=1.00 m2=0.95 m3=0.65 m4=1.00
[PHYSICS] pitch=0.00 deg, altFt=-0.00 ft, dt=0.0100 s, rollCorr=0.000 pitchCorr=0.145 m1=1.00 m2=0.95 m3=0.65 m4=1.00
[NAV] WP=1 dist=21.0m bearing=0.0° → pitchTarget=10.51° rollTarget=0.00
[PHYSICS] pitch=0.00 deg, altFt=-0.00 ft, dt=0.0202 s, rollCorr=0.000 pitchCorr=0.146 m1=1.00 m2=0.95 m3=0.65 m4=1.00
[PHYSICS] pitch=0.00 deg, altFt=-0.00 ft, dt=0.0098 s, rollCorr=0.000 pitchCorr=0.146 m1=1.00 m2=0.95 m3=0.65 m4=1.00
[PHYSICS] pitch=0.00 deg, altFt=-0.00 ft, dt=0.0100 s, rollCorr=0.000 pitchCorr=0.146 m1=1.00 m2=0.95 m3=0.65 m4=1.00
[PHYSICS] pitch=0.00 deg, altFt=-0.00 ft, dt=0.0100 s, rollCorr=0.000 pitchCorr=0.146 m1=1.00 m2=0.95 m3=0.65 m4=1.00
[PHYSICS] pitch=0.00 deg, altFt=-0.00 ft, dt=0.0202 s, rollCorr=0.000 pitchCorr=0.146 m1=1.00 m2=0.95 m3=0.65 m4=1.00
[PHYSICS] pitch=0.00 deg, altFt=-0.00 ft, dt=0.0098 s, rollCorr=0.000 pitchCorr=0.146 m1=1.00 m2=0.95 m3=0.65 m4=1.00
[PHYSICS] pitch=0.00 deg, altFt=-0.00 ft, dt=0.0100 s, rollCorr=0.000 pitchCorr=0.146 m1=1.00 m2=0.95 m3=0.65 m4=1.00
[PHYSICS] pitch=0.00 deg, altFt=-0.00 ft, dt=0.0100 s, rollCorr=0.000 pitchCorr=0.147 m1=1.00 m2=0.95 m3=0.65 m4=1.00
[NAV] WP=1 dist=21.0m bearing=0.0° → pitchTarget=10.51° rollTarget=0.00
[PHYSICS] pitch=0.00 deg, altFt=-0.00 ft, dt=0.0202 s, rollCorr=0.000 pitchCorr=0.147 m1=1.00 m2=0.95 m3=0.65 m4=1.00
[PHYSICS] pitch=0.00 deg, altFt=-0.00 ft, dt=0.0098 s, rollCorr=0.000 pitchCorr=0.147 m1=1.00 m2=0.95 m3=0.65 m4=1.00
[PHYSICS] pitch=0.00 deg, altFt=-0.00 ft, dt=0.0100 s, rollCorr=0.000 pitchCorr=0.147 m1=1.00 m2=0.95 m3=0.65 m4=1.00
[PHYSICS] pitch=0.00 deg, altFt=-0.00 ft, dt=0.0100 s, rollCorr=0.000 pitchCorr=0.147 m1=1.00 m2=0.95 m3=0.65 m4=1.00
[PHYSICS] pitch=0.00 deg, altFt=-0.00 ft, dt=0.0202 s, rollCorr=0.000 pitchCorr=0.147 m1=1.00 m2=0.95 m3=0.65 m4=1.00
[PHYSICS] pitch=0.00 deg, altFt=-0.00 ft, dt=0.0098 s, rollCorr=0.000 pitchCorr=0.147 m1=1.00 m2=0.95 m3=0.65 m4=1.00
[PHYSICS] pitch=0.00 deg, altFt=-0.00 ft, dt=0.0100 s, rollCorr=0.000 pitchCorr=0.147 m1=1.00 m2=0.95 m3=0.65 m4=1.00
[PHYSICS] pitch=0.00 deg, altFt=-0.00 ft, dt=0.0100 s, rollCorr=0.000 pitchCorr=0.148 m1=1.00 m2=0.95 m3=0.65 m4=1.00
[NAV] WP=1 dist=21.0m bearing=0.0° → pitchTarget=10.51° rollTarget=0.00
[PHYSICS] pitch=0.00 deg, altFt=-0.00 ft, dt=0.0202 s, rollCorr=0.000 pitchCorr=0.148 m1=1.00 m2=0.95 m3=0.65 m4=1.00
[PHYSICS] pitch=0.00 deg, altFt=-0.00 ft, dt=0.0098 s, rollCorr=0.000 pitchCorr=0.148 m1=1.00 m2=0.95 m3=0.65 m4=1.00
[PHYSICS] pitch=0.00 deg, altFt=-0.00 ft, dt=0.0100 s, rollCorr=0.000 pitchCorr=0.148 m1=1.00 m2=0.95 m3=0.65 m4=1.00
[PHYSICS] pitch=0.00 deg, altFt=-0.00 ft, dt=0.0100 s, rollCorr=0.000 pitchCorr=0.148 m1=1.00 m2=0.95 m3=0.65 m4=1.00
[PHYSICS] pitch=0.00 deg, altFt=-0.00 ft, dt=0.0202 s, rollCorr=0.000 pitchCorr=0.148 m1=1.00 m2=0.95 m3=0.65 m4=1.00
[PHYSICS] pitch=0.00 deg, altFt=-0.00 ft, dt=0.0098 s, rollCorr=0.000 pitchCorr=0.148 m1=1.00 m2=0.95 m3=0.65 m4=1.00
[PHYSICS] pitch=0.00 deg, altFt=-0.00 ft, dt=0.0100 s, rollCorr=0.000 pitchCorr=0.149 m1=1.00 m2=0.95 m3=0.65 m4=1.00
[PHYSICS] pitch=0.00 deg, altFt=-0.00 ft, dt=0.0100 s, rollCorr=0.000 pitchCorr=0.149 m1=1.00 m2=0.95 m3=0.65 m4=1.00
[NAV] WP=1 dist=21.0m bearing=0.0° → pitchTarget=10.51° rollTarget=0.00
[PHYSICS] pitch=0.00 deg, altFt=-0.00 ft, dt=0.0202 s, rollCorr=0.000 pitchCorr=0.149 m1=1.00 m2=0.95 m3=0.65 m4=1.00
[PHYSICS] pitch=0.00 deg, altFt=-0.00 ft, dt=0.0098 s, rollCorr=0.000 pitchCorr=0.149 m1=1.00 m2=0.95 m3=0.65 m4=1.00
[PHYSICS] pitch=0.00 deg, altFt=-0.00 ft, dt=0.0100 s, rollCorr=0.000 pitchCorr=0.149 m1=1.00 m2=0.95 m3=0.65 m4=1.00
[PHYSICS] pitch=0.00 deg, altFt=-0.00 ft, dt=0.0100 s, rollCorr=0.000 pitchCorr=0.149 m1=1.00 m2=0.95 m3=0.65 m4=1.00
[PHYSICS] pitch=0.00 deg, altFt=-0.00 ft, dt=0.0202 s, rollCorr=0.000 pitchCorr=0.149 m1=1.00 m2=0.95 m3=0.65 m4=1.00
[PHYSICS] pitch=0.00 deg, altFt=-0.00 ft, dt=0.0098 s, rollCorr=0.000 pitchCorr=0.149 m1=1.00 m2=0.95 m3=0.65 m4=1.00
[PHYSICS] pitch=0.00 deg, altFt=-0.00 ft, dt=0.0100 s, rollCorr=0.000 pitchCorr=0.150 m1=1.00 m2=0.95 m3=0.65 m4=1.00
[PHYSICS] pitch=0.00 deg, altFt=-0.00 ft, dt=0.0100 s, rollCorr=0.000 pitchCorr=0.150 m1=1.00 m2=0.95 m3=0.65 m4=1.00
[NAV] WP=1 dist=21.0m bearing=0.0° → pitchTarget=10.51° rollTarget=0.00
[PHYSICS] pitch=0.00 deg, altFt=-0.00 ft, dt=0.0202 s, rollCorr=0.000 pitchCorr=0.150 m1=1.00 m2=0.95 m3=0.65 m4=1.00
[PHYSICS] pitch=0.00 deg, altFt=-0.00 ft, dt=0.0098 s, rollCorr=0.000 pitchCorr=0.150 m1=1.00 m2=0.95 m3=0.65 m4=1.00
[PHYSICS] pitch=0.00 deg, altFt=-0.00 ft, dt=0.0100 s, rollCorr=0.000 pitchCorr=0.150 m1=1.00 m2=0.95 m3=0.65 m4=1.00
[PHYSICS] pitch=0.00 deg, altFt=-0.00 ft, dt=0.0100 s, rollCorr=0.000 pitchCorr=0.150 m1=1.00 m2=0.95 m3=0.65 m4=1.00
[PHYSICS] pitch=0.00 deg, altFt=-0.00 ft, dt=0.0202 s, rollCorr=0.000 pitchCorr=0.150 m1=1.00 m2=0.95 m3=0.65 m4=1.00
[PHYSICS] pitch=0.00 deg, altFt=-0.00 ft, dt=0.0098 s, rollCorr=0.000 pitchCorr=0.151 m1=1.00 m2=0.95 m3=0.65 m4=1.00
[PHYSICS] pitch=0.00 deg, altFt=-0.00 ft, dt=0.0100 s, rollCorr=0.000 pitchCorr=0.151 m1=1.00 m2=0.95 m3=0.65 m4=1.00
[PHYSICS] pitch=0.00 deg, altFt=-0.00 ft, dt=0.0100 s, rollCorr=0.000 pitchCorr=0.151 m1=1.00 m2=0.95 m3=0.65 m4=1.00
[NAV] WP=1 dist=21.0m bearing=0.0° → pitchTarget=10.51° rollTarget=0.00
[PHYSICS] pitch=0.00 deg, altFt=-0.00 ft, dt=0.0202 s, rollCorr=0.000 pitchCorr=0.151 m1=1.00 m2=0.95 m3=0.65 m4=1.00
[PHYSICS] pitch=0.00 deg, altFt=-0.00 ft, dt=0.0098 s, rollCorr=0.000 pitchCorr=0.151 m1=1.00 m2=0.95 m3=0.65 m4=1.00
[PHYSICS] pitch=0.00 deg, altFt=-0.00 ft, dt=0.0100 s, rollCorr=0.000 pitchCorr=0.151 m1=1.00 m2=0.95 m3=0.65 m4=1.00
[PHYSICS] pitch=0.00 deg, altFt=-0.00 ft, dt=0.0100 s, rollCorr=0.000 pitchCorr=0.151 m1=1.00 m2=0.95 m3=0.65 m4=1.00
[PHYSICS] pitch=0.00 deg, altFt=-0.00 ft, dt=0.0202 s, rollCorr=0.000 pitchCorr=0.151 m1=1.00 m2=0.95 m3=0.65 m4=1.00
[PHYSICS] pitch=0.00 deg, altFt=-0.00 ft, dt=0.0098 s, rollCorr=0.000 pitchCorr=0.152 m1=1.00 m2=0.95 m3=0.65 m4=1.00
[PHYSICS] pitch=0.00 deg, altFt=-0.00 ft, dt=0.0100 s, rollCorr=0.000 pitchCorr=0.152 m1=1.00 m2=0.95 m3=0.65 m4=1.00
[PHYSICS] pitch=0.00 deg, altFt=-0.00 ft, dt=0.0100 s, rollCorr=0.000 pitchCorr=0.152 m1=1.00 m2=0.95 m3=0.65 m4=1.00
[NAV] WP=1 dist=21.0m bearing=0.0° → pitchTarget=10.51° rollTarget=0.00
[PHYSICS] pitch=0.00 deg, altFt=-0.00 ft, dt=0.0202 s, rollCorr=0.000 pitchCorr=0.152 m1=1.00 m2=0.95 m3=0.65 m4=1.00
[PHYSICS] pitch=0.00 deg, altFt=-0.00 ft, dt
[GPS + Compass Injection Test] delay 2000ms
=0.0098 s, rollCorr=0.000 pitchCorr=0.152 m1=1.00 m2=0.95 m3=0.65 m4=1.00
[PHYSICS] pitch=0.00 deg, altFt=-0.00 ft, dt=0.0100 s, rollCorr=0.000 pitchCorr=0.152 m1=1.00 m2=0.95 m3=0.65 m4=1.00
[PHYSICS] pitch=0.00 deg, altFt=-0.00 ft, dt=0.0100 s, rollCorr=0.000 pitchCorr=0.152 m1=1.00 m2=0.95 m3=0.65 m4=1.00
[PHYSICS] pitch=0.00 deg, altFt=-0.00 ft, dt=0.0202 s, rollCorr=0.000 pitchCorr=0.153 m1=1.00 m2=0.95 m3=0.65 m4=1.00
[PHYSICS] pitch=0.00 deg, altFt=-0.00 ft, dt=0.0098 s, rollCorr=0.000 pitchCorr=0.153 m1=1.00 m2=0.95 m3=0.65 m4=1.00
[PHYSICS] pitch=0.00 deg, altFt=-0.00 ft, dt=0.0100 s, rollCorr=0.000 pitchCorr=0.153 m1=1.00 m2=0.95 m3=0.65 m4=1.00
[PHYSICS] pitch=0.00 deg, altFt=-0.00 ft, dt=0.0100 s, rollCorr=0.000 pitchCorr=0.153 m1=1.00 m2=0.95 m3=0.65 m4=1.00
[NAV] Reached waypoint 1 — advancing to waypoint 2
[PHYSICS] pitch=0.00 deg, altFt=-0.00 ft, dt=0.0202 s, rollCorr=0.000 pitchCorr=0.153 m1=1.00 m2=0.95 m3=0.65 m4=1.00
[PHYSICS] pitch=0.00 deg, altFt=-0.00 ft, dt=0.0098 s, rollCorr=0.000 pitchCorr=0.153 m1=1.00 m2=0.95 m3=0.65 m4=1.00
[PHYSICS] pitch=0.00 deg, altFt=-0.00 ft, dt=0.0100 s, rollCorr=0.000 pitchCorr=0.153 m1=1.00 m2=0.95 m3=0.65 m4=1.00
[PHYSICS] pitch=0.00 deg, altFt=-0.00 ft, dt=0.0100 s, rollCorr=0.000 pitchCorr=0.153 m1=1.00 m2=0.95 m3=0.65 m4=1.00
[PHYSICS] pitch=0.00 deg, altFt=-0.00 ft, dt=0.0202 s, rollCorr=0.000 pitchCorr=0.154 m1=1.00 m2=0.95 m3=0.65 m4=1.00
[PHYSICS] pitch=0.00 deg, altFt=-0.00 ft, dt=0.0098 s, rollCorr=0.000 pitchCorr=0.154 m1=1.00 m2=0.95 m3=0.65 m4=1.00
[PHYSICS] pitch=0.00 deg, altFt=-0.00 ft, dt=0.0100 s, rollCorr=0.000 pitchCorr=0.154 m1=1.00 m2=0.95 m3=0.65 m4=1.00
[PHYSICS] pitch=0.00 deg, altFt=-0.00 ft, dt=0.0100 s, rollCorr=0.000 pitchCorr=0.154 m1=1.00 m2=0.95 m3=0.65 m4=1.00
[NAV] WP=2 dist=29.9m bearing=270.0° → pitchTarget=-15.00° rollTarget=-15.00
[PHYSICS] pitch=0.00 deg, altFt=-0.00 ft, dt=0.0202 s, rollCorr=-0.300 pitchCorr=-0.300 m1=0.60 m2=0.80 m3=0.80 m4=1.00
[PHYSICS] pitch=0.00 deg, altFt=-0.00 ft, dt=0.0098 s, rollCorr=-0.150 pitchCorr=-0.102 m1=0.95 m2=0.85 m3=0.75 m4=1.00
[PHYSICS] pitch=0.00 deg, altFt=-0.00 ft, dt=0.0100 s, rollCorr=-0.151 pitchCorr=-0.102 m1=0.95 m2=0.85 m3=0.75 m4=1.00
[PHYSICS] pitch=0.00 deg, altFt=-0.00 ft, dt=0.0202 s, rollCorr=-0.151 pitchCorr=-0.102 m1=0.95 m2=0.85 m3=0.75 m4=1.00
[PHYSICS] pitch=0.00 deg, altFt=-0.00 ft, dt=0.0098 s, rollCorr=-0.151 pitchCorr=-0.102 m1=0.95 m2=0.85 m3=0.75 m4=1.00
[PHYSICS] pitch=0.00 deg, altFt=-0.00 ft, dt=0.0198 s, rollCorr=-0.151 pitchCorr=-0.103 m1=0.95 m2=0.85 m3=0.75 m4=1.00
[PHYSICS] pitch=0.00 deg, altFt=-0.00 ft, dt=0.0101 s, rollCorr=-0.152 pitchCorr=-0.103 m1=0.95 m2=0.85 m3=0.75 m4=1.00
[PHYSICS] pitch=0.00 deg, altFt=-0.00 ft, dt=0.0100 s, rollCorr=-0.152 pitchCorr=-0.103 m1=0.95 m2=0.85 m3=0.75 m4=1.00
[NAV] WP=2 dist=29.9m bearing=270.0° → pitchTarget=0.00° rollTarget=-14.95
[PHYSICS] pitch=0.00 deg, altFt=-0.00 ft, dt=0.0202 s, rollCorr=-0.140 pitchCorr=0.300 m1=1.00 m2=1.00 m3=0.36 m4=1.00
[PHYSICS] pitch=0.00 deg, altFt=-0.00 ft, dt=0.0098 s, rollCorr=-0.152 pitchCorr=0.047 m1=1.00 m2=1.00 m3=0.60 m4=1.00
[PHYSICS] pitch=0.00 deg, altFt=-0.00 ft, dt=0.0100 s, rollCorr=-0.152 pitchCorr=0.047 m1=1.00 m2=1.00 m3=0.60 m4=1.00
[PHYSICS] pitch=0.00 deg, altFt=-0.00 ft, dt=0.0100 s, rollCorr=-0.152 pitchCorr=0.047 m1=1.00 m2=1.00 m3=0.60 m4=1.00
[PHYSICS] pitch=0.00 deg, altFt=-0.00 ft, dt=0.0202 s, rollCorr=-0.152 pitchCorr=0.047 m1=1.00 m2=1.00 m3=0.60 m4=1.00
[PHYSICS] pitch=0.00 deg, altFt=-0.00 ft, dt=0.0098 s, rollCorr=-0.152 pitchCorr=0.047 m1=1.00 m2=1.00 m3=0.60 m4=1.00
[PHYSICS] pitch=0.00 deg, altFt=-0.00 ft, dt=0.0100 s, rollCorr=-0.153 pitchCorr=0.047 m1=1.00 m2=1.00 m3=0.60 m4=1.00
[PHYSICS] pitch=0.00 deg, altFt=-0.00 ft, dt=0.0100 s, rollCorr=-0.153 pitchCorr=0.047 m1=1.00 m2=1.00 m3=0.60 m4=1.00
[NAV] WP=2 dist=29.9m bearing=270.0° → pitchTarget=0.00° rollTarget=-14.95
[PHYSICS] pitch=0.00 deg, altFt=-0.00 ft, dt=0.0202 s, rollCorr=-0.153 pitchCorr=0.047 m1=1.00 m2=1.00 m3=0.60 m4=1.00
[PHYSICS] pitch=0.00 deg, altFt=-0.00 ft, dt=0.0098 s, rollCorr=-0.153 pitchCorr=0.047 m1=1.00 m2=1.00 m3=0.60 m4=1.00
[PHYSICS] pitch=0.00 deg, altFt=-0.00 ft, dt=0.0100 s, rollCorr=-0.153 pitchCorr=0.047 m1=1.00 m2=1.00 m3=0.60 m4=1.00
[PHYSICS] pitch=0.00 deg, altFt=-0.00 ft, dt=0.0100 s, rollCorr=-0.153 pitchCorr=0.047 m1=1.00 m2=1.00 m3=0.60 m4=1.00
[PHYSICS] pitch=0.00 deg, altFt=-0.00 ft, dt=0.0202 s, rollCorr=-0.154 pitchCorr=0.047 m1=1.00 m2=1.00 m3=0.60 m4=1.00
[PHYSICS] pitch=0.00 deg, altFt=-0.00 ft, dt=0.0098 s, rollCorr=-0.154 pitchCorr=0.047 m1=1.00 m2=1.00 m3=0.60 m4=1.00
[PHYSICS] pitch=0.00 deg, altFt=-0.00 ft, dt=0.0100 s, rollCorr=-0.154 pitchCorr=0.047 m1=1.00 m2=1.00 m3=0.60 m4=1.00
[PHYSICS] pitch=0.00 deg, altFt=-0.00 ft, dt=0.0100 s, rollCorr=-0.154 pitchCorr=0.047 m1=1.00 m2=1.00 m3=0.60 m4=1.00
[NAV] WP=2 dist=29.9m bearing=270.0° → pitchTarget=0.00° rollTarget=-14.95
[PHYSICS] pitch=0.00 deg, altFt=-0.00 ft, dt=0.0202 s, rollCorr=-0.154 pitchCorr=0.047 m1=1.00 m2=1.00 m3=0.60 m4=1.00
[PHYSICS] pitch=0.00 deg, altFt=-0.00 ft, dt=0.0098 s, rollCorr=-0.155 pitchCorr=0.047 m1=1.00 m2=1.00 m3=0.60 m4=1.00
[PHYSICS] pitch=0.00 deg, altFt=-0.00 ft, dt=0.0100 s, rollCorr=-0.155 pitchCorr=0.047 m1=1.00 m2=1.00 m3=0.60 m4=1.00
[PHYSICS] pitch=0.00 deg, altFt=-0.00 ft, dt=0.0100 s, rollCorr=-0.155 pitchCorr=0.047 m1=1.00 m2=1.00 m3=0.60 m4=1.00
[PHYSICS] pitch=0.00 deg, altFt=-0.00 ft, dt=0.0202 s, rollCorr=-0.155 pitchCorr=0.047 m1=1.00 m2=1.00 m3=0.60 m4=1.00
[PHYSICS] pitch=0.00 deg, altFt=-0.00 ft, dt=0.0098 s, rollCorr=-0.155 pitchCorr=0.047 m1=1.00 m2=1.00 m3=0.60 m4=1.00
[PHYSICS] pitch=0.00 deg, altFt=-0.00 ft, dt=0.0100 s, rollCorr=-0.156 pitchCorr=0.047 m1=1.00 m2=1.00 m3=0.60 m4=1.00
[PHYSICS] pitch=0.00 deg, altFt=-0.00 ft, dt=0.0100 s, rollCorr=-0.156 pitchCorr=0.047 m1=1.00 m2=1.00 m3=0.60 m4=1.00
[NAV] WP=2 dist=29.9m bearing=270.0° → pitchTarget=0.00° rollTarget=-14.95
[PHYSICS] pitch=0.00 deg, altFt=-0.00 ft, dt=0.0202 s, rollCorr=-0.156 pitchCorr=0.047 m1=1.00 m2=1.00 m3=0.60 m4=1.00
[PHYSICS] pitch=0.00 deg, altFt=-0.00 ft, dt=0.0098 s, rollCorr=-0.156 pitchCorr=0.047 m1=1.00 m2=1.00 m3=0.60 m4=1.00
[PHYSICS] pitch=0.00 deg, altFt=-0.00 ft, dt=0.0100 s, rollCorr=-0.156 pitchCorr=0.047 m1=1.00 m2=1.00 m3=0.60 m4=1.00
[PHYSICS] pitch=0.00 deg, altFt=-0.00 ft, dt=0.0100 s, rollCorr=-0.156 pitchCorr=0.047 m1=1.00 m2=1.00 m3=0.60 m4=1.00
[PHYSICS] pitch=0.00 deg, altFt=-0.00 ft, dt=0.0202 s, rollCorr=-0.157 pitchCorr=0.047 m1=1.00 m2=1.00 m3=0.60 m4=1.00
[PHYSICS] pitch=0.00 deg, altFt=-0.00 ft, dt=0.0098 s, rollCorr=-0.157 pitchCorr=0.047 m1=1.00 m2=1.00 m3=0.60 m4=1.00
[PHYSICS] pitch=0.00 deg, altFt=-0.00 ft, dt=0.0100 s, rollCorr=-0.157 pitchCorr=0.047 m1=1.00 m2=1.00 m3=0.60 m4=1.00
[PHYSICS] pitch=0.00 deg, altFt=-0.00 ft, dt=0.0100 s, rollCorr=-0.157 pitchCorr=0.047 m1=1.00 m2=1.00 m3=0.60 m4=1.00
[NAV] WP=2 dist=29.9m bearing=270.0° → pitchTarget=0.00° rollTarget=-14.95
[PHYSICS] pitch=0.00 deg, altFt=-0.00 ft, dt=0.0202 s, rollCorr=-0.157 pitchCorr=0.047 m1=1.00 m2=1.00 m3=0.60 m4=1.00
[PHYSICS] pitch=0.00 deg, altFt=-0.00 ft, dt=0.0098 s, rollCorr=-0.158 pitchCorr=0.047 m1=1.00 m2=1.00 m3=0.60 m4=1.00
[PHYSICS] pitch=0.00 deg, altFt=-0.00 ft, dt=0.0100 s, rollCorr=-0.158 pitchCorr=0.047 m1=1.00 m2=1.00 m3=0.60 m4=1.00
[PHYSICS] pitch=0.00 deg, altFt=-0.00 ft, dt=0.0100 s, rollCorr=-0.158 pitchCorr=0.047 m1=1.00 m2=1.00 m3=0.59 m4=1.00
[PHYSICS] pitch=0.00 deg, altFt=-0.00 ft, dt=0.0202 s, rollCorr=-0.158 pitchCorr=0.047 m1=1.00 m2=1.00 m3=0.59 m4=1.00
[PHYSICS] pitch=0.00 deg, altFt=-0.00 ft, dt=0.0098 s, rollCorr=-0.158 pitchCorr=0.047 m1=1.00 m2=1.00 m3=0.59 m4=1.00
[PHYSICS] pitch=0.00 deg, altFt=-0.00 ft, dt=0.0100 s, rollCorr=-0.159 pitchCorr=0.047 m1=1.00 m2=1.00 m3=0.59 m4=1.00
[PHYSICS] pitch=0.00 deg, altFt=-0.00 ft, dt=0.0100 s, rollCorr=-0.159 pitchCorr=0.047 m1=1.00 m2=1.00 m3=0.59 m4=1.00
[NAV] WP=2 dist=29.9m bearing=270.0° → pitchTarget=0.00° rollTarget=-14.95
[PHYSICS] pitch=0.00 deg, altFt=-0.00 ft, dt=0.0202 s, rollCorr=-0.159 pitchCorr=0.047 m1=1.00 m2=1.00 m3=0.59 m4=1.00
[PHYSICS] pitch=0.00 deg, altFt=-0.00 ft, dt=0.0098 s, rollCorr=-0.159 pitchCorr=0.047 m1=1.00 m2=1.00 m3=0.59 m4=1.00
[PHYSICS] pitch=0.00 deg, altFt=-0.00 ft, dt=0.0100 s, rollCorr=-0.159 pitchCorr=0.047 m1=1.00 m2=1.00 m3=0.59 m4=1.00
[PHYSICS] pitch=0.00 deg, altFt=-0.00 ft, dt=0.0100 s, rollCorr=-0.159 pitchCorr=0.047 m1=1.00 m2=1.00 m3=0.59 m4=1.00
[PHYSICS] pitch=0.00 deg, altFt=-0.00 ft, dt=0.0202 s, rollCorr=-0.160 pitchCorr=0.047 m1=1.00 m2=1.00 m3=0.59 m4=1.00
[PHYSICS] pitch=0.00 deg, altFt=-0.00 ft, dt=0.0098 s, rollCorr=-0.160 pitchCorr=0.047 m1=1.00 m2=1.00 m3=0.59 m4=1.00
[PHYSICS] pitch=0.00 deg, altFt=-0.00 ft, dt=0.0100 s, rollCorr=-0.160 pitchCorr=0.047 m1=1.00 m2=1.00 m3=0.59 m4=1.00
[PHYSICS] pitch=0.00 deg, altFt=-0.00 ft, dt=0.0100 s, rollCorr=-0.160 pitchCorr=0.047 m1=1.00 m2=1.00 m3=0.59 m4=1.00
[NAV] WP=2 dist=29.9m bearing=270.0° → pitchTarget=0.00° rollTarget=-14.95
[PHYSICS] pitch=0.00 deg, altFt=-0.00 ft, dt=0.0202 s, rollCorr=-0.160 pitchCorr=0.047 m1=1.00 m2=1.00 m3=0.59 m4=1.00
[PHYSICS] pitch=0.00 deg, altFt=-0.00 ft, dt=0.0098 s, rollCorr=-0.161 pitchCorr=0.047 m1=1.00 m2=1.00 m3=0.59 m4=1.00
[PHYSICS] pitch=0.00 deg, altFt=-0.00 ft, dt=0.0100 s, rollCorr=-0.161 pitchCorr=0.047 m1=1.00 m2=1.00 m3=0.59 m4=1.00
[PHYSICS] pitch=0.00 deg, altFt=-0.00 ft, dt=0.0100 s, rollCorr=-0.161 pitchCorr=0.047 m1=1.00 m2=1.00 m3=0.59 m4=1.00
[PHYSICS] pitch=0.00 deg, altFt=-0.00 ft, dt=0.0202 s, rollCorr=-0.161 pitchCorr=0.047 m1=1.00 m2=1.00 m3=0.59 m4=1.00
[PHYSICS] pitch=0.00 deg, altFt=-0.00 ft, dt=0.0098 s, rollCorr=-0.161 pitchCorr=0.047 m1=1.00 m2=1.00 m3=0.59 m4=1.00
[PHYSICS] pitch=0.00 deg, altFt=-0.00 ft, dt=0.0100 s, rollCorr=-0.162 pitchCorr=0.047 m1=1.00 m2=1.00 m3=0.59 m4=1.00
[PHYSICS] pitch=0.00 deg, altFt=-0.00 ft, dt=0.0100 s, rollCorr=-0.162 pitchCorr=0.047 m1=1.00 m2=1.00 m3=0.59 m4=1.00
[NAV] WP=2 dist=29.9m bearing=270.0° → pitchTarget=0.00° rollTarget=-14.95
[PHYSICS] pitch=0.00 deg, altFt=-0.00 ft, dt=0.0202 s, rollCorr=-0.162 pitchCorr=0.047 m1=1.00 m2=1.00 m3=0.59 m4=1.00
[PHYSICS] pitch=0.00 deg, altFt=-0.00 ft, dt=0.0098 s, rollCorr=-0.162 pitchCorr=0.047 m1=1.00 m2=1.00 m3=0.59 m4=1.00
[PHYSICS] pitch=0.00 deg, altFt=-0.00 ft, dt=0.0100 s, rollCorr=-0.162 pitchCorr=0.047 m1=1.00 m2=1.00 m3=0.59 m4=1.00
[PHYSICS] pitch=0.00 deg, altFt=-0.00 ft, dt=0.0100 s, rollCorr=-0.162 pitchCorr=0.047 m1=1.00 m2=1.00 m3=0.59 m4=1.00
[PHYSICS] pitch=0.00 deg, altFt=-0.00 ft, dt=0.0202 s, rollCorr=-0.163 pitchCorr=0.047 m1=1.00 m2=1.00 m3=0.59 m4=1.00
[PHYSICS] pitch=0.00 deg, altFt=-0.00 ft, dt=0.0098 s, rollCorr=-0.163 pitchCorr=0.047 m1=1.00 m2=1.00 m3=0.59 m4=1.00
[PHYSICS] pitch=0.00 deg, altFt=-0.00 ft, dt=0.0100 s, rollCorr=-0.163 pitchCorr=0.047 m1=1.00 m2=1.00 m3=0.59 m4=1.00
[PHYSICS] pitch=0.00 deg, altFt=-0.00 ft, dt=0.0100 s, rollCorr=-0.163 pitchCorr=0.047 m1=1.00 m2=1.00 m3=0.59 m4=1.00
[NAV] WP=2 dist=29.9m bearing=270.0° → pitchTarget=0.00° rollTarget=-14.95
[PHYSICS] pitch=0.00 deg, altFt=-0.00 ft, dt=0.0202 s, rollCorr=-0.163 pitchCorr=0.047 m1=1.00 m2=1.00 m3=0.59 m4=1.00
[PHYSICS] pitch=0.00 deg, altFt=-0.00 ft, dt=0.0098 s, rollCorr=-0.164 pitchCorr=0.047 m1=1.00 m2=1.00 m3=0.59 m4=1.00
[PHYSICS] pitch=0.00 deg, altFt=-0.00 ft, dt=0.0100 s, rollCorr=-0.164 pitchCorr=0.047 m1=1.00 m2=1.00 m3=0.59 m4=1.00
[PHYSICS] pitch=0.00 deg, altFt=-0.00 ft, dt=0.0100 s, rollCorr=-0.164 pitchCorr=0.047 m1=1.00 m2=1.00 m3=0.59 m4=1.00
[PHYSICS] pitch=0.00 deg, altFt=-0.00 ft, dt=0.0202 s, rollCorr=-0.164 pitchCorr=0.047 m1=1.00 m2=1.00 m3=0.59 m4=1.00
[PHYSICS] pitch=0.00 deg, altFt=-0.00 ft, dt=0.0098 s, rollCorr=-0.164 pitchCorr=0.047 m1=1.00 m2=1.00 m3=0.59 m4=1.00
[PHYSICS] pitch=0.00 deg, altFt=-0.00 ft, dt=0.0100 s, rollCorr=-0.165 pitchCorr=0.047 m1=1.00 m2=1.00 m3=0.59 m4=1.00
[PHYSICS] pitch=0.00 deg, altFt=-0.00 ft, dt=0.0100 s, rollCorr=-0.165 pitchCorr=0.047 m1=1.00 m2=1.00 m3=0.59 m4=1.00
[NAV] WP=2 dist=29.9m bearing=270.0° → pitchTarget=0.00° rollTarget=-14.95
[PHYSICS] pitch=0.00 deg, altFt=-0.00 ft, dt=0.0202 s, rollCorr=-0.165 pitchCorr=0.047 m1=1.00 m2=1.00 m3=0.59 m4=1.00
[PHYSICS] pitch=0.00 deg, altFt=-0.00 ft, dt=0.0098 s, rollCorr=-0.165 pitchCorr=0.047 m1=1.00 m2=1.00 m3=0.59 m4=1.00
[PHYSICS] pitch=0.00 deg, altFt=-0.00 ft, dt=0.0100 s, rollCorr=-0.165 pitchCorr=0.047 m1=1.00 m2=1.00 m3=0.59 m4=1.00
[PHYSICS] pitch=0.00 deg, altFt=-0.00 ft, dt=0.0100 s, rollCorr=-0.165 pitchCorr=0.047 m1=1.00 m2=1.00 m3=0.59 m4=1.00
[PHYSICS] pitch=0.00 deg, altFt=-0.00 ft, dt=0.0202 s, rollCorr=-0.166 pitchCorr=0.047 m1=1.00 m2=1.00 m3=0.59 m4=1.00
[PHYSICS] pitch=0.00 deg, altFt=-0.00 ft, dt=0.0098 s, rollCorr=-0.166 pitchCorr=0.047 m1=1.00 m2=1.00 m3=0.59 m4=1.00
[PHYSICS] pitch=0.00 deg, altFt=-0.00 ft, dt=0.0100 s, rollCorr=-0.166 pitchCorr=0.047 m1=1.00 m2=1.00 m3=0.59 m4=1.00
[PHYSICS] pitch=0.00 deg, altFt=-0.00 ft, dt=0.0100 s, rollCorr=-0.166 pitchCorr=0.047 m1=1.00 m2=1.00 m3=0.59 m4=1.00
[NAV] WP=2 dist=29.9m bearing=270.0° → pitchTarget=0.00° rollTarget=-14.95
[PHYSICS] pitch=0.00 deg, altFt=-0.00 ft, dt=0.0202 s, rollCorr=-0.166 pitchCorr=0.047 m1=1.00 m2=1.00 m3=0.59 m4=1.00
[PHYSICS] pitch=0.00 deg, altFt=-0.00 ft, dt=0.0098 s, rollCorr=-0.167 pitchCorr=0.047 m1=1.00 m2=1.00 m3=0.59 m4=1.00
[PHYSICS] pitch=0.00 deg, altFt=-0.00 ft, dt=0.0100 s, rollCorr=-0.167 pitchCorr=0.047 m1=1.00 m2=1.00 m3=0.59 m4=1.00
[PHYSICS] pitch=0.00 deg, altFt=-0.00 ft, dt=0.0100 s, rollCorr=-0.167 pitchCorr=0.047 m1=1.00 m2=1.00 m3=0.59 m4=1.00
[PHYSICS] pitch=0.00 deg, altFt=-0.00 ft, dt=0.0202 s, rollCorr=-0.167 pitchCorr=0.047 m1=1.00 m2=1.00 m3=0.59 m4=1.00
[PHYSICS] pitch=0.00 deg, altFt=-0.00 ft, dt=0.0098 s, rollCorr=-0.167 pitchCorr=0.047 m1=1.00 m2=1.00 m3=0.59 m4=1.00
[PHYSICS] pitch=0.00 deg, altFt=-0.00 ft, dt=0.0100 s, rollCorr=-0.167 pitchCorr=0.047 m1=1.00 m2=1.00 m3=0.59 m4=1.00
[PHYSICS] pitch=0.00 deg, altFt=-0.00 ft, dt=0.0100 s, rollCorr=-0.168 pitchCorr=0.047 m1=1.00 m2=1.00 m3=0.59 m4=1.00
[NAV] WP=2 dist=29.9m bearing=270.0° → pitchTarget=0.00° rollTarget=-14.95
[PHYSICS] pitch=0.00 deg, altFt=-0.00 ft, dt=0.0202 s, rollCorr=-0.168 pitchCorr=0.047 m1=1.00 m2=1.00 m3=0.58 m4=1.00
[PHYSICS] pitch=0.00 deg, altFt=-0.00 ft, dt=0.0098 s, rollCorr=-0.168 pitchCorr=0.047 m1=1.00 m2=1.00 m3=0.58 m4=1.00
[PHYSICS] pitch=0.00 deg, altFt=-0.00 ft, dt=0.0100 s, rollCorr=-0.168 pitchCorr=0.047 m1=1.00 m2=1.00 m3=0.58 m4=1.00
[PHYSICS] pitch=0.00 deg, altFt=-0.00 ft, dt=0.0100 s, rollCorr=-0.168 pitchCorr=0.047 m1=1.00 m2=1.00 m3=0.58 m4=1.00
[PHYSICS] pitch=0.00 deg, altFt=-0.00 ft, dt=0.0202 s, rollCorr=-0.169 pitchCorr=0.047 m1=1.00 m2=1.00 m3=0.58 m4=1.00
[PHYSICS] pitch=0.00 deg, altFt=-0.00 ft, dt=0.0098 s, rollCorr=-0.169 pitchCorr=0.047 m1=1.00 m2=1.00 m3=0.58 m4=1.00
[PHYSICS] pitch=0.00 deg, altFt=-0.00 ft, dt=0.0100 s, rollCorr=-0.169 pitchCorr=0.047 m1=1.00 m2=1.00 m3=0.58 m4=1.00
[PHYSICS] pitch=0.00 deg, altFt=-0.00 ft, dt=0.0100 s, rollCorr=-0.169 pitchCorr=0.047 m1=1.00 m2=1.00 m3=0.58 m4=1.00
[NAV] WP=2 dist=29.9m bearing=270.0° → pitchTarget=0.00° rollTarget=-14.95
[PHYSICS] pitch=0.00 deg, altFt=-0.00 ft, dt=0.0202 s, rollCorr=-0.169 pitchCorr=0.047 m1=1.00 m2=1.00 m3=0.58 m4=1.00
[PHYSICS] pitch=0.00 deg, altFt=-0.00 ft, dt=0.0098 s, rollCorr=-0.170 pitchCorr=0.047 m1=1.00 m2=1.00 m3=0.58 m4=1.00
[PHYSICS] pitch=0.00 deg, altFt=-0.00 ft, dt=0.0100 s, rollCorr=-0.170 pitchCorr=0.047 m1=1.00 m2=1.00 m3=0.58 m4=1.00
[PHYSICS] pitch=0.00 deg, altFt=-0.00 ft, dt=0.0100 s, rollCorr=-0.170 pitchCorr=0.047 m1=1.00 m2=1.00 m3=0.58 m4=1.00
[PHYSICS] pitch=0.00 deg, altFt=-0.00 ft, dt=0.0202 s, rollCorr=-0.170 pitchCorr=0.047 m1=1.00 m2=1.00 m3=0.58 m4=1.00
[PHYSICS] pitch=0.00 deg, altFt=-0.00 ft, dt=0.0098 s, rollCorr=-0.170 pitchCorr=0.047 m1=1.00 m2=1.00 m3=0.58 m4=1.00
[PHYSICS] pitch=0.00 deg, altFt=-0.00 ft, dt=0.0100 s, rollCorr=-0.170 pitchCorr=0.047 m1=1.00 m2=1.00 m3=0.58 m4=1.00
[PHYSICS] pitch=0.00 deg, altFt=-0.00 ft, dt=0.0100 s, rollCorr=-0.171 pitchCorr=0.047 m1=1.00 m2=1.00 m3=0.58 m4=1.00
[NAV] WP=2 dist=29.9m bearing=270.0° → pitchTarget=0.00° rollTarget=-14.95
[PHYSICS] pitch=0.00 deg, altFt=-0.00 ft, dt=0.0202 s, rollCorr=-0.171 pitchCorr=0.047 m1=1.00 m2=1.00 m3=0.58 m4=1.00
[PHYSICS] pitch=0.00 deg, altFt=-0.00 ft, dt=0.0098 s, rollCorr=-0.171 pitchCorr=0.047 m1=1.00 m2=1.00 m3=0.58 m4=1.00
[PHYSICS] pitch=0.00 deg, altFt=-0.00 ft, dt=0.0100 s, rollCorr=-0.171 pitchCorr=0.047 m1=1.00 m2=1.00 m3=0.58 m4=1.00
[PHYSICS] pitch=0.00 deg, altFt=-0.00 ft, dt=0.0100 s, rollCorr=-0.171 pitchCorr=0.047 m1=1.00 m2=1.00 m3=0.58 m4=1.00
[PHYSICS] pitch=0.00 deg, altFt=-0.00 ft, dt=0.0202 s, rollCorr=-0.172 pitchCorr=0.047 m1=1.00 m2=1.00 m3=0.58 m4=1.00
[PHYSICS] pitch=0.00 deg, altFt=-0.00 ft, dt=0.0098 s, rollCorr=-0.172 pitchCorr=0.047 m1=1.00 m2=1.00 m3=0.58 m4=1.00
[PHYSICS] pitch=0.00 deg, altFt=-0.00 ft, dt=0.0100 s, rollCorr=-0.172 pitchCorr=0.047 m1=1.00 m2=1.00 m3=0.58 m4=1.00
[PHYSICS] pitch=0.00 deg, altFt=-0.00 ft, dt=0.0100 s, rollCorr=-0.172 pitchCorr=0.047 m1=1.00 m2=1.00 m3=0.58 m4=1.00
[NAV] WP=2 dist=29.9m bearing=270.0° → pitchTarget=0.00° rollTarget=-14.95
[PHYSICS] pitch=0.00 deg, altFt=-0.00 ft, dt=0.0202 s, rollCorr=-0.172 pitchCorr=0.047 m1=1.00 m2=1.00 m3=0.58 m4=1.00
[PHYSICS] pitch=0.00 deg, altFt=-0.00 ft, dt=0.0098 s, rollCorr=-0.173 pitchCorr=0.047 m1=1.00 m2=1.00 m3=0.58 m4=1.00
[PHYSICS] pitch=0.00 deg, altFt=-0.00 ft, dt=0.0100 s, rollCorr=-0.173 pitchCorr=0.047 m1=1.00 m2=1.00 m3=0.58 m4=1.00
[PHYSICS] pitch=0.00 deg, altFt=-0.00 ft, dt=0.0100 s, rollCorr=-0.173 pitchCorr=0.047 m1=1.00 m2=1.00 m3=0.58 m4=1.00
[PHYSICS] pitch=0.00 deg, altFt=-0.00 ft, dt=0.0202 s, rollCorr=-0.173 pitchCorr=0.047 m1=1.00 m2=1.00 m3=0.58 m4=1.00
[PHYSICS] pitch=0.00 deg, altFt=-0.00 ft, dt=0.0098 s, rollCorr=-0.173 pitchCorr=0.047 m1=1.00 m2=1.00 m3=0.58 m4=1.00
[PHYSICS] pitch=0.00 deg, altFt=-0.00 ft, dt=0.0100 s, rollCorr=-0.173 pitchCorr=0.047 m1=1.00 m2=1.00 m3=0.58 m4=1.00
[PHYSICS] pitch=0.00 deg, altFt=-0.00 ft, dt=0.0100 s, rollCorr=-0.174 pitchCorr=0.047 m1=1.00 m2=1.00 m3=0.58 m4=1.00
[NAV] WP=2 dist=29.9m bearing=270.0° → pitchTarget=0.00° rollTarget=-14.95
[PHYSICS] pitch=0.00 deg, altFt=-0.00 ft, dt=0.0202 s, rollCorr=-0.174 pitchCorr=0.047 m1=1.00 m2=1.00 m3=0.58 m4=1.00
[PHYSICS] pitch=0.00 deg, altFt=-0.00 ft, dt=0.0098 s, rollCorr=-0.174 pitchCorr=0.047 m1=1.00 m2=1.00 m3=0.58 m4=1.00
[PHYSICS] pitch=0.00 deg, altFt=-0.00 ft, dt=0.0100 s, rollCorr=-0.174 pitchCorr=0.047 m1=1.00 m2=1.00 m3=0.58 m4=1.00
[PHYSICS] pitch=0.00 deg, altFt=-0.00 ft, dt=0.0100 s, rollCorr=-0.174 pitchCorr=0.047 m1=1.00 m2=1.00 m3=0.58 m4=1.00
[PHYSICS] pitch=0.00 deg, altFt=-0.00 ft, dt=0.0202 s, rollCorr=-0.175 pitchCorr=0.047 m1=1.00 m2=1.00 m3=0.58 m4=1.00
[PHYSICS] pitch=0.00 deg, altFt=-0.00 ft, dt=0.0098 s, rollCorr=-0.175 pitchCorr=0.047 m1=1.00 m2=1.00 m3=0.58 m4=1.00
[PHYSICS] pitch=0.00 deg, altFt=-0.00 ft, dt=0.0100 s, rollCorr=-0.175 pitchCorr=0.047 m1=1.00 m2=1.00 m3=0.58 m4=1.00
[PHYSICS] pitch=0.00 deg, altFt=-0.00 ft, dt=0.0100 s, rollCorr=-0.175 pitchCorr=0.047 m1=1.00 m2=1.00 m3=0.58 m4=1.00
[NAV] WP=2 dist=29.9m bearing=270.0° → pitchTarget=0.00° rollTarget=-14.95
[PHYSICS] pitch=0.00 deg, altFt=-0.00 ft, dt=0.0202 s, rollCorr=-0.175 pitchCorr=0.047 m1=1.00 m2=1.00 m3=0.58 m4=1.00
[PHYSICS] pitch=0.00 deg, altFt=-0.00 ft, dt=0.0098 s, rollCorr=-0.176 pitchCorr=0.047 m1=1.00 m2=1.00 m3=0.58 m4=1.00
[PHYSICS] pitch=0.00 deg, altFt=-0.00 ft, dt=0.0100 s, rollCorr=-0.176 pitchCorr=0.047 m1=1.00 m2=1.00 m3=0.58 m4=1.00
[PHYSICS] pitch=0.00 deg, altFt=-0.00 ft, dt=0.0100 s, rollCorr=-0.176 pitchCorr=0.047 m1=1.00 m2=1.00 m3=0.58 m4=1.00
[PHYSICS] pitch=0.00 deg, altFt=-0.00 ft, dt=0.0202 s, rollCorr=-0.176 pitchCorr=0.047 m1=1.00 m2=1.00 m3=0.58 m4=1.00
[PHYSICS] pitch=0.00 deg, altFt=-0.00 ft, dt=0.0098 s, rollCorr=-0.176 pitchCorr=0.047 m1=1.00 m2=1.00 m3=0.58 m4=1.00
[PHYSICS] pitch=0.00 deg, altFt=-0.00 ft, dt=0.0100 s, rollCorr=-0.176 pitchCorr=0.047 m1=1.00 m2=1.00 m3=0.58 m4=1.00
[PHYSICS] pitch=0.00 deg, altFt=-0.00 ft, dt=0.0100 s, rollCorr=-0.177 pitchCorr=0.047 m1=1.00 m2=1.00 m3=0.58 m4=1.00
[NAV] WP=2 dist=29.9m bearing=270.0° → pitchTarget=0.00° rollTarget=-14.95
[PHYSICS] pitch=0.00 deg, altFt=-0.00 ft, dt=0.
[GPS + Compass Injection Test] delay 3000ms
0202 s, rollCorr=-0.177 pitchCorr=0.047 m1=1.00 m2=1.00 m3=0.58 m4=1.00
[PHYSICS] pitch=0.00 deg, altFt=-0.00 ft, dt=0.0098 s, rollCorr=-0.177 pitchCorr=0.047 m1=1.00 m2=1.00 m3=0.58 m4=1.00
[PHYSICS] pitch=0.00 deg, altFt=-0.00 ft, dt=0.0100 s, rollCorr=-0.177 pitchCorr=0.047 m1=1.00 m2=1.00 m3=0.58 m4=1.00
[PHYSICS] pitch=0.00 deg, altFt=-0.00 ft, dt=0.0100 s, rollCorr=-0.177 pitchCorr=0.047 m1=1.00 m2=1.00 m3=0.58 m4=1.00
[PHYSICS] pitch=0.00 deg, altFt=-0.00 ft, dt=0.0202 s, rollCorr=-0.178 pitchCorr=0.047 m1=1.00 m2=1.00 m3=0.58 m4=1.00
[PHYSICS] pitch=0.00 deg, altFt=-0.00 ft, dt=0.0098 s, rollCorr=-0.178 pitchCorr=0.047 m1=1.00 m2=1.00 m3=0.58 m4=1.00
[PHYSICS] pitch=0.00 deg, altFt=-0.00 ft, dt=0.0100 s, rollCorr=-0.178 pitchCorr=0.047 m1=1.00 m2=1.00 m3=0.57 m4=1.00
[PHYSICS] pitch=0.00 deg, altFt=-0.00 ft, dt=0.0100 s, rollCorr=-0.178 pitchCorr=0.047 m1=1.00 m2=1.00 m3=0.57 m4=1.00
[PHYSICS] pitch=0.00 deg, altFt=-0.00 ft, dt=0.0202 s, rollCorr=0.300 pitchCorr=0.047 m1=1.00 m2=0.55 m3=1.00 m4=0.85
[PHYSICS] pitch=0.00 deg, altFt=-0.00 ft, dt=0.0098 s, rollCorr=-0.029 pitchCorr=0.047 m1=1.00 m2=0.88 m3=0.72 m4=1.00
[PHYSICS] pitch=0.00 deg, altFt=-0.00 ft, dt=0.0100 s, rollCorr=-0.029 pitchCorr=0.047 m1=1.00 m2=0.88 m3=0.72 m4=1.00
[PHYSICS] pitch=0.00 deg, altFt=-0.00 ft, dt=0.0100 s, rollCorr=-0.029 pitchCorr=0.047 m1=1.00 m2=0.88 m3=0.72 m4=1.00
[PHYSICS] pitch=0.00 deg, altFt=-0.00 ft, dt=0.0202 s, rollCorr=-0.029 pitchCorr=0.047 m1=1.00 m2=0.88 m3=0.72 m4=1.00
[PHYSICS] pitch=0.00 deg, altFt=-0.00 ft, dt=0.0098 s, rollCorr=-0.029 pitchCorr=0.047 m1=1.00 m2=0.88 m3=0.72 m4=1.00
[PHYSICS] pitch=0.00 deg, altFt=-0.00 ft, dt=0.0100 s, rollCorr=-0.029 pitchCorr=0.047 m1=1.00 m2=0.88 m3=0.72 m4=1.00
[PHYSICS] pitch=0.00 deg, altFt=-0.00 ft, dt=0.0100 s, rollCorr=-0.029 pitchCorr=0.047 m1=1.00 m2=0.88 m3=0.72 m4=1.00
[PHYSICS] pitch=0.00 deg, altFt=-0.00 ft, dt=0.0202 s, rollCorr=-0.029 pitchCorr=0.047 m1=1.00 m2=0.88 m3=0.72 m4=1.00
[PHYSICS] pitch=0.00 deg, altFt=-0.00 ft, dt=0.0098 s, rollCorr=-0.029 pitchCorr=0.047 m1=1.00 m2=0.88 m3=0.72 m4=1.00
[PHYSICS] pitch=0.00 deg, altFt=-0.00 ft, dt=0.0100 s, rollCorr=-0.029 pitchCorr=0.047 m1=1.00 m2=0.88 m3=0.72 m4=1.00
[PHYSICS] pitch=0.00 deg, altFt=-0.00 ft, dt=0.0100 s, rollCorr=-0.029 pitchCorr=0.047 m1=1.00 m2=0.88 m3=0.72 m4=1.00
[PHYSICS] pitch=0.00 deg, altFt=-0.00 ft, dt=0.0202 s, rollCorr=-0.029 pitchCorr=0.047 m1=1.00 m2=0.88 m3=0.72 m4=1.00
[PHYSICS] pitch=0.00 deg, altFt=-0.00 ft, dt=0.0098 s, rollCorr=-0.029 pitchCorr=0.047 m1=1.00 m2=0.88 m3=0.72 m4=1.00
[PHYSICS] pitch=0.00 deg, altFt=-0.00 ft, dt=0.0100 s, rollCorr=-0.029 pitchCorr=0.047 m1=1.00 m2=0.88 m3=0.72 m4=1.00
[PHYSICS] pitch=0.00 deg, altFt=-0.00 ft, dt=0.0100 s, rollCorr=-0.029 pitchCorr=0.047 m1=1.00 m2=0.88 m3=0.72 m4=1.00
[PHYSICS] pitch=0.00 deg, altFt=-0.00 ft, dt=0.0202 s, rollCorr=-0.029 pitchCorr=0.047 m1=1.00 m2=0.88 m3=0.72 m4=1.00
[PHYSICS] pitch=0.00 deg, altFt=-0.00 ft, dt=0.0098 s, rollCorr=-0.029 pitchCorr=0.047 m1=1.00 m2=0.88 m3=0.72 m4=1.00
[PHYSICS] pitch=0.00 deg, altFt=-0.00 ft, dt=0.0100 s, rollCorr=-0.029 pitchCorr=0.047 m1=1.00 m2=0.88 m3=0.72 m4=1.00
[PHYSICS] pitch=0.00 deg, altFt=-0.00 ft, dt=0.0100 s, rollCorr=-0.029 pitchCorr=0.047 m1=1.00 m2=0.88 m3=0.72 m4=1.00
[PHYSICS] pitch=0.00 deg, altFt=-0.00 ft, dt=0.0202 s, rollCorr=-0.029 pitchCorr=0.047 m1=1.00 m2=0.88 m3=0.72 m4=1.00
[PHYSICS] pitch=0.00 deg, altFt=-0.00 ft, dt=0.0098 s, rollCorr=-0.029 pitchCorr=0.047 m1=1.00 m2=0.88 m3=0.72 m4=1.00
[PHYSICS] pitch=0.00 deg, altFt=-0.00 ft, dt=0.0100 s, rollCorr=-0.029 pitchCorr=0.047 m1=1.00 m2=0.88 m3=0.72 m4=1.00
[PHYSICS] pitch=0.00 deg, altFt=-0.00 ft, dt=0.0100 s, rollCorr=-0.029 pitchCorr=0.047 m1=1.00 m2=0.88 m3=0.72 m4=1.00
[PHYSICS] pitch=0.00 deg, altFt=-0.00 ft, dt=0.0202 s, rollCorr=-0.029 pitchCorr=0.047 m1=1.00 m2=0.88 m3=0.72 m4=1.00
[PHYSICS] pitch=0.00 deg, altFt=-0.00 ft, dt=0.0098 s, rollCorr=-0.029 pitchCorr=0.047 m1=1.00 m2=0.88 m3=0.72 m4=1.00
[PHYSICS] pitch=0.00 deg, altFt=-0.00 ft, dt=0.0100 s, rollCorr=-0.029 pitchCorr=0.047 m1=1.00 m2=0.88 m3=0.72 m4=1.00
[PHYSICS] pitch=0.00 deg, altFt=-0.00 ft, dt=0.0100 s, rollCorr=-0.029 pitchCorr=0.047 m1=1.00 m2=0.88 m3=0.72 m4=1.00
[PHYSICS] pitch=0.00 deg, altFt=-0.00 ft, dt=0.0202 s, rollCorr=-0.029 pitchCorr=0.047 m1=1.00 m2=0.88 m3=0.72 m4=1.00
[PHYSICS] pitch=0.00 deg, altFt=-0.00 ft, dt=0.0098 s, rollCorr=-0.029 pitchCorr=0.047 m1=1.00 m2=0.88 m3=0.72 m4=1.00
[PHYSICS] pitch=0.00 deg, altFt=-0.00 ft, dt=0.0100 s, rollCorr=-0.029 pitchCorr=0.047 m1=1.00 m2=0.88 m3=0.72 m4=1.00
[PHYSICS] pitch=0.00 deg, altFt=-0.00 ft, dt=0.0100 s, rollCorr=-0.029 pitchCorr=0.047 m1=1.00 m2=0.88 m3=0.72 m4=1.00
[PHYSICS] pitch=0.00 deg, altFt=-0.00 ft, dt=0.0202 s, rollCorr=-0.029 pitchCorr=0.047 m1=1.00 m2=0.88 m3=0.72 m4=1.00
[PHYSICS] pitch=0.00 deg, altFt=-0.00 ft, dt=0.0098 s, rollCorr=-0.029 pitchCorr=0.047 m1=1.00 m2=0.88 m3=0.72 m4=1.00
[PHYSICS] pitch=0.00 deg, altFt=-0.00 ft, dt=0.0100 s, rollCorr=-0.029 pitchCorr=0.047 m1=1.00 m2=0.88 m3=0.72 m4=1.00
[PHYSICS] pitch=0.00 deg, altFt=-0.00 ft, dt=0.0100 s, rollCorr=-0.029 pitchCorr=0.047 m1=1.00 m2=0.88 m3=0.72 m4=1.00
[PHYSICS] pitch=0.00 deg, altFt=-0.00 ft, dt=0.0202 s, rollCorr=-0.029 pitchCorr=0.047 m1=1.00 m2=0.88 m3=0.72 m4=1.00
[PHYSICS] pitch=0.00 deg, altFt=-0.00 ft, dt=0.0098 s, rollCorr=-0.029 pitchCorr=0.047 m1=1.00 m2=0.88 m3=0.72 m4=1.00
[PHYSICS] pitch=0.00 deg, altFt=-0.00 ft, dt=0.0100 s, rollCorr=-0.029 pitchCorr=0.047 m1=1.00 m2=0.88 m3=0.72 m4=1.00
[PHYSICS] pitch=0.00 deg, altFt=-0.00 ft, dt=0.0100 s, rollCorr=-0.029 pitchCorr=0.047 m1=1.00 m2=0.88 m3=0.72 m4=1.00
[PHYSICS] pitch=0.00 deg, altFt=-0.00 ft, dt=0.0202 s, rollCorr=-0.029 pitchCorr=0.047 m1=1.00 m2=0.88 m3=0.72 m4=1.00
[PHYSICS] pitch=0.00 deg, altFt=-0.00 ft, dt=0.0098 s, rollCorr=-0.029 pitchCorr=0.047 m1=1.00 m2=0.88 m3=0.72 m4=1.00
[PHYSICS] pitch=0.00 deg, altFt=-0.00 ft, dt=0.0100 s, rollCorr=-0.029 pitchCorr=0.047 m1=1.00 m2=0.88 m3=0.72 m4=1.00
[PHYSICS] pitch=0.00 deg, altFt=-0.00 ft, dt=0.0100 s, rollCorr=-0.029 pitchCorr=0.047 m1=1.00 m2=0.88 m3=0.72 m4=1.00
[PHYSICS] pitch=0.00 deg, altFt=-0.00 ft, dt=0.0202 s, rollCorr=-0.029 pitchCorr=0.047 m1=1.00 m2=0.88 m3=0.72 m4=1.00
[PHYSICS] pitch=0.00 deg, altFt=-0.00 ft, dt=0.0098 s, rollCorr=-0.029 pitchCorr=0.047 m1=1.00 m2=0.88 m3=0.72 m4=1.00
[PHYSICS] pitch=0.00 deg, altFt=-0.00 ft, dt=0.0100 s, rollCorr=-0.029 pitchCorr=0.047 m1=1.00 m2=0.88 m3=0.72 m4=1.00
[PHYSICS] pitch=0.00 deg, altFt=-0.00 ft, dt=0.0100 s, rollCorr=-0.029 pitchCorr=0.047 m1=1.00 m2=0.88 m3=0.72 m4=1.00
[PHYSICS] pitch=0.00 deg, altFt=-0.00 ft, dt=0.0202 s, rollCorr=-0.029 pitchCorr=0.047 m1=1.00 m2=0.88 m3=0.72 m4=1.00
[PHYSICS] pitch=0.00 deg, altFt=-0.00 ft, dt=0.0098 s, rollCorr=-0.029 pitchCorr=0.047 m1=1.00 m2=0.88 m3=0.72 m4=1.00
[PHYSICS] pitch=0.00 deg, altFt=-0.00 ft, dt=0.0100 s, rollCorr=-0.029 pitchCorr=0.047 m1=1.00 m2=0.88 m3=0.72 m4=1.00
[PHYSICS] pitch=0.00 deg, altFt=-0.00 ft, dt=0.0100 s, rollCorr=-0.029 pitchCorr=0.047 m1=1.00 m2=0.88 m3=0.72 m4=1.00
[PHYSICS] pitch=0.00 deg, altFt=-0.00 ft, dt=0.0203 s, rollCorr=-0.029 pitchCorr=0.047 m1=1.00 m2=0.88 m3=0.72 m4=1.00
[PHYSICS] pitch=0.00 deg, altFt=-0.00 ft, dt=0.0097 s, rollCorr=-0.029 pitchCorr=0.047 m1=1.00 m2=0.88 m3=0.72 m4=1.00
[PHYSICS] pitch=0.00 deg, altFt=-0.00 ft, dt=0.0100 s, rollCorr=-0.029 pitchCorr=0.047 m1=1.00 m2=0.88 m3=0.72 m4=1.00
[PHYSICS] pitch=0.00 deg, altFt=-0.00 ft, dt=0.0202 s, rollCorr=-0.029 pitchCorr=0.047 m1=1.00 m2=0.88 m3=0.72 m4=1.00
[PHYSICS] pitch=0.00 deg, altFt=-0.00 ft, dt=0.0098 s, rollCorr=-0.029 pitchCorr=0.047 m1=1.00 m2=0.88 m3=0.72 m4=1.00
[PHYSICS] pitch=0.00 deg, altFt=-0.00 ft, dt=0.0100 s, rollCorr=-0.029 pitchCorr=0.047 m1=1.00 m2=0.88 m3=0.72 m4=1.00
[PHYSICS] pitch=0.00 deg, altFt=-0.00 ft, dt=0.0100 s, rollCorr=-0.029 pitchCorr=0.047 m1=1.00 m2=0.88 m3=0.72 m4=1.00
[PHYSICS] pitch=0.00 deg, altFt=-0.00 ft, dt=0.0202 s, rollCorr=-0.029 pitchCorr=0.047 m1=1.00 m2=0.88 m3=0.72 m4=1.00
[PHYSICS] pitch=0.00 deg, altFt=-0.00 ft, dt=0.0098 s, rollCorr=-0.029 pitchCorr=0.047 m1=1.00 m2=0.88 m3=0.72 m4=1.00
[PHYSICS] pitch=0.00 deg, altFt=-0.00 ft, dt=0.0100 s, rollCorr=-0.029 pitchCorr=0.047 m1=1.00 m2=0.88 m3=0.72 m4=1.00
[PHYSICS] pitch=0.00 deg, altFt=-0.00 ft, dt=0.0100 s, rollCorr=-0.029 pitchCorr=0.047 m1=1.00 m2=0.88 m3=0.72 m4=1.00
[PHYSICS] pitch=0.00 deg, altFt=-0.00 ft, dt=0.0202 s, rollCorr=-0.029 pitchCorr=0.047 m1=1.00 m2=0.88 m3=0.72 m4=1.00
[PHYSICS] pitch=0.00 deg, altFt=-0.00 ft, dt=0.0098 s, rollCorr=-0.029 pitchCorr=0.047 m1=1.00 m2=0.88 m3=0.72 m4=1.00
[PHYSICS] pitch=0.00 deg, altFt=-0.00 ft, dt=0.0100 s, rollCorr=-0.029 pitchCorr=0.047 m1=1.00 m2=0.88 m3=0.72 m4=1.00
[PHYSICS] pitch=0.00 deg, altFt=-0.00 ft, dt=0.0100 s, rollCorr=-0.029 pitchCorr=0.047 m1=1.00 m2=0.88 m3=0.72 m4=1.00
[PHYSICS] pitch=0.00 deg, altFt=-0.00 ft, dt=0.0202 s, rollCorr=-0.029 pitchCorr=0.047 m1=1.00 m2=0.88 m3=0.72 m4=1.00
[PHYSICS] pitch=0.00 deg, altFt=-0.00 ft, dt=0.0098 s, rollCorr=-0.029 pitchCorr=0.047 m1=1.00 m2=0.88 m3=0.72 m4=1.00
[PHYSICS] pitch=0.00 deg, altFt=-0.00 ft, dt=0.0100 s, rollCorr=-0.029 pitchCorr=0.047 m1=1.00 m2=0.88 m3=0.72 m4=1.00
[PHYSICS] pitch=0.00 deg, altFt=-0.00 ft, dt=0.0100 s, rollCorr=-0.029 pitchCorr=0.047 m1=1.00 m2=0.88 m3=0.72 m4=1.00
[PHYSICS] pitch=0.00 deg, altFt=-0.00 ft, dt=0.0202 s, rollCorr=-0.029 pitchCorr=0.047 m1=1.00 m2=0.88 m3=0.72 m4=1.00
[PHYSICS] pitch=0.00 deg, altFt=-0.00 ft, dt=0.0098 s, rollCorr=-0.029 pitchCorr=0.047 m1=1.00 m2=0.88 m3=0.72 m4=1.00
[PHYSICS] pitch=0.00 deg, altFt=-0.00 ft, dt=0.0100 s, rollCorr=-0.029 pitchCorr=0.047 m1=1.00 m2=0.88 m3=0.72 m4=1.00
[PHYSICS] pitch=0.00 deg, altFt=-0.00 ft, dt=0.0100 s, rollCorr=-0.029 pitchCorr=0.047 m1=1.00 m2=0.88 m3=0.72 m4=1.00
[PHYSICS] pitch=0.00 deg, altFt=-0.00 ft, dt=0.0202 s, rollCorr=-0.029 pitchCorr=0.047 m1=1.00 m2=0.88 m3=0.72 m4=1.00
[PHYSICS] pitch=0.00 deg, altFt=-0.00 ft, dt=0.0098 s, rollCorr=-0.029 pitchCorr=0.047 m1=1.00 m2=0.88 m3=0.72 m4=1.00
[PHYSICS] pitch=0.00 deg, altFt=-0.00 ft, dt=0.0100 s, rollCorr=-0.029 pitchCorr=0.047 m1=1.00 m2=0.88 m3=0.72 m4=1.00
[PHYSICS] pitch=0.00 deg, altFt=-0.00 ft, dt=0.0100 s, rollCorr=-0.029 pitchCorr=0.047 m1=1.00 m2=0.88 m3=0.72 m4=1.00
[PHYSICS] pitch=0.00 deg, altFt=-0.00 ft, dt=0.0202 s, rollCorr=-0.029 pitchCorr=0.047 m1=1.00 m2=0.88 m3=0.72 m4=1.00
[PHYSICS] pitch=0.00 deg, altFt=-0.00 ft, dt=0.0098 s, rollCorr=-0.029 pitchCorr=0.047 m1=1.00 m2=0.88 m3=0.72 m4=1.00
[PHYSICS] pitch=0.00 deg, altFt=-0.00 ft, dt=0.0100 s, rollCorr=-0.029 pitchCorr=0.047 m1=1.00 m2=0.88 m3=0.72 m4=1.00
[PHYSICS] pitch=0.00 deg, altFt=-0.00 ft, dt=0.0100 s, rollCorr=-0.029 pitchCorr=0.047 m1=1.00 m2=0.88 m3=0.72 m4=1.00
[PHYSICS] pitch=0.00 deg, altFt=-0.00 ft, dt=0.0202 s, rollCorr=-0.029 pitchCorr=0.047 m1=1.00 m2=0.88 m3=0.72 m4=1.00
[PHYSICS] pitch=0.00 deg, altFt=-0.00 ft, dt=0.0098 s, rollCorr=-0.029 pitchCorr=0.047 m1=1.00 m2=0.88 m3=0.72 m4=1.00
[PHYSICS] pitch=0.00 deg, altFt=-0.00 ft, dt=0.0100 s, rollCorr=-0.029 pitchCorr=0.047 m1=1.00 m2=0.88 m3=0.72 m4=1.00
[PHYSICS] pitch=0.00 deg, altFt=-0.00 ft, dt=0.0100 s, rollCorr=-0.029 pitchCorr=0.047 m1=1.00 m2=0.88 m3=0.72 m4=1.00
[PHYSICS] pitch=0.00 deg, altFt=-0.00 ft, dt=0.0202 s, rollCorr=-0.029 pitchCorr=0.047 m1=1.00 m2=0.88 m3=0.72 m4=1.00
[PHYSICS] pitch=0.00 deg, altFt=-0.00 ft, dt=0.0098 s, rollCorr=-0.029 pitchCorr=0.047 m1=1.00 m2=0.88 m3=0.72 m4=1.00
[PHYSICS] pitch=0.00 deg, altFt=-0.00 ft, dt=0.0100 s, rollCorr=-0.029 pitchCorr=0.047 m1=1.00 m2=0.88 m3=0.72 m4=1.00
[PHYSICS] pitch=0.00 deg, altFt=-0.00 ft, dt=0.0100 s, rollCorr=-0.029 pitchCorr=0.047 m1=1.00 m2=0.88 m3=0.72 m4=1.00
[PHYSICS] pitch=0.00 deg, altFt=-0.00 ft, dt=0.0202 s, rollCorr=-0.029 pitchCorr=0.047 m1=1.00 m2=0.88 m3=0.72 m4=1.00
[PHYSICS] pitch=0.00 deg, altFt=-0.00 ft, dt=0.0098 s, rollCorr=-0.029 pitchCorr=0.047 m1=1.00 m2=0.88 m3=0.72 m4=1.00
[PHYSICS] pitch=0.00 deg, altFt=-0.00 ft, dt=0.0100 s, rollCorr=-0.029 pitchCorr=0.047 m1=1.00 m2=0.88 m3=0.72 m4=1.00
[PHYSICS] pitch=0.00 deg, altFt=-0.00 ft, dt=0.0100 s, rollCorr=-0.029 pitchCorr=0.047 m1=1.00 m2=0.88 m3=0.72 m4=1.00
[PHYSICS] pitch=0.00 deg, altFt=-0.00 ft, dt=0.0202 s, rollCorr=-0.029 pitchCorr=0.047 m1=1.00 m2=0.88 m3=0.72 m4=1.00
[PHYSICS] pitch=0.00 deg, altFt=-0.00 ft, dt=0.0098 s, rollCorr=-0.029 pitchCorr=0.047 m1=1.00 m2=0.88 m3=0.72 m4=1.00
[PHYSICS] pitch=0.00 deg, altFt=-0.00 ft, dt=0.0100 s, rollCorr=-0.029 pitchCorr=0.047 m1=1.00 m2=0.88 m3=0.72 m4=1.00
[PHYSICS] pitch=0.00 deg, altFt=-0.00 ft, dt=0.0100 s, rollCorr=-0.029 pitchCorr=0.047 m1=1.00 m2=0.88 m3=0.72 m4=1.00
[PHYSICS] pitch=0.00 deg, altFt=-0.00 ft, dt=0.0202 s, rollCorr=-0.029 pitchCorr=0.047 m1=1.00 m2=0.88 m3=0.72 m4=1.00
[PHYSICS] pitch=0.00 deg, altFt=-0.00 ft, dt=0.0098 s, rollCorr=-0.029 pitchCorr=0.047 m1=1.00 m2=0.88 m3=0.72 m4=1.00
[PHYSICS] pitch=0.00 deg, altFt=-0.00 ft, dt=0.0100 s, rollCorr=-0.029 pitchCorr=0.047 m1=1.00 m2=0.88 m3=0.72 m4=1.00
[PHYSICS] pitch=0.00 deg, altFt=-0.00 ft, dt=0.0100 s, rollCorr=-0.029 pitchCorr=0.047 m1=1.00 m2=0.88 m3=0.72 m4=1.00
[PHYSICS] pitch=0.00 deg, altFt=-0.00 ft, dt=0.0202 s, rollCorr=-0.029 pitchCorr=0.047 m1=1.00 m2=0.88 m3=0.72 m4=1.00
[PHYSICS] pitch=0.00 deg, altFt=-0.00 ft, dt=0.0098 s, rollCorr=-0.029 pitchCorr=0.047 m1=1.00 m2=0.88 m3=0.72 m4=1.00
[PHYSICS] pitch=0.00 deg, altFt=-0.00 ft, dt=0.0100 s, rollCorr=-0.029 pitchCorr=0.047 m1=1.00 m2=0.88 m3=0.72 m4=1.00
[PHYSICS] pitch=0.00 deg, altFt=-0.00 ft, dt=0.0100 s, rollCorr=-0.029 pitchCorr=0.047 m1=1.00 m2=0.88 m3=0.72 m4=1.00
[PHYSICS] pitch=0.00 deg, altFt=-0.00 ft, dt=0.0202 s, rollCorr=-0.029 pitchCorr=0.047 m1=1.00 m2=0.88 m3=0.72 m4=1.00
[PHYSICS] pitch=0.00 deg, altFt=-0.00 ft, dt=0.0098 s, rollCorr=-0.029 pitchCorr=0.047 m1=1.00 m2=0.88 m3=0.72 m4=1.00
[PHYSICS] pitch=0.00 deg, altFt=-0.00 ft, dt=0.0100 s, rollCorr=-0.029 pitchCorr=0.047 m1=1.00 m2=0.88 m3=0.72 m4=1.00
[PHYSICS] pitch=0.00 deg, altFt=-0.00 ft, dt=0.0100 s, rollCorr=-0.029 pitchCorr=0.047 m1=1.00 m2=0.88 m3=0.72 m4=1.00
[PHYSICS] pitch=0.00 deg, altFt=-0.00 ft, dt=0.0202 s, rollCorr=-0.029 pitchCorr=0.047 m1=1.00 m2=0.88 m3=0.72 m4=1.00
[PHYSICS] pitch=0.00 deg, altFt=-0.00 ft, dt=0.0098 s, rollCorr=-0.029 pitchCorr=0.047 m1=1.00 m2=0.88 m3=0.72 m4=1.00
[PHYSICS] pitch=0.00 deg, altFt=-0.00 ft, dt=0.0100 s, rollCorr=-0.029 pitchCorr=0.047 m1=1.00 m2=0.88 m3=0.72 m4=1.00
[PHYSICS] pitch=0.00 deg, altFt=-0.00 ft, dt=0.0100 s, rollCorr=-0.029 pitchCorr=0.047 m1=1.00 m2=0.88 m3=0.72 m4=1.00
[PHYSICS] pitch=0.00 deg, altFt=-0.00 ft, dt=0.0202 s, rollCorr=-0.029 pitchCorr=0.047 m1=1.00 m2=0.88 m3=0.72 m4=1.00
[PHYSICS] pitch=0.00 deg, altFt=-0.00 ft, dt=0.0098 s, rollCorr=-0.029 pitchCorr=0.047 m1=1.00 m2=0.88 m3=0.72 m4=1.00
[PHYSICS] pitch=0.00 deg, altFt=-0.00 ft, dt=0.0100 s, rollCorr=-0.029 pitchCorr=0.047 m1=1.00 m2=0.88 m3=0.72 m4=1.00
[PHYSICS] pitch=0.00 deg, altFt=-0.00 ft, dt=0.0100 s, rollCorr=-0.029 pitchCorr=0.047 m1=1.00 m2=0.88 m3=0.72 m4=1.00
[PHYSICS] pitch=0.00 deg, altFt=-0.00 ft, dt=0.0202 s, rollCorr=-0.029 pitchCorr=0.047 m1=1.00 m2=0.88 m3=0.72 m4=1.00
[PHYSICS] pitch=0.00 deg, altFt=-0.00 ft, dt=0.0098 s, rollCorr=-0.029 pitchCorr=0.047 m1=1.00 m2=0.88 m3=0.72 m4=1.00
[PHYSICS] pitch=0.00 deg, altFt=-0.00 ft, dt=0.0100 s, rollCorr=-0.029 pitchCorr=0.047 m1=1.00 m2=0.88 m3=0.72 m4=1.00
[PHYSICS] pitch=0.00 deg, altFt=-0.00 ft, dt=0.0100 s, rollCorr=-0.029 pitchCorr=0.047 m1=1.00 m2=0.88 m3=0.72 m4=1.00
[PHYSICS] pitch=0.00 deg, altFt=-0.00 ft, dt=0.0202 s, rollCorr=-0.029 pitchCorr=0.047 m1=1.00 m2=0.88 m3=0.72 m4=1.00
[PHYSICS] pitch=0.00 deg, altFt=-0.00 ft, dt=0.0098 s, rollCorr=-0.029 pitchCorr=0.047 m1=1.00 m2=0.88 m3=0.72 m4=1.00
[PHYSICS] pitch=0.00 deg, altFt=-0.00 ft, dt=0.0100 s, rollCorr=-0.029 pitchCorr=0.047 m1=1.00 m2=0.88 m3=0.72 m4=1.00
[PHYSICS] pitch=0.00 deg, altFt=-0.00 ft, dt=0.0100 s, rollCorr=-0.029 pitchCorr=0.047 m1=1.00 m2=0.88 m3=0.72 m4=1.00
[PHYSICS] pitch=0.00 deg, altFt=-0.00 ft, dt=0.0202 s, rollCorr=-0.029 pitchCorr=0.047 m1=1.00 m2=0.88 m3=0.72 m4=1.00
[PHYSICS] pitch=0.00 deg, altFt=-0.00 ft, dt=0.0098 s, rollCorr=-0.029 pitchCorr=0.047 m1=1.00 m2=0.88 m3=0.72 m4=1.00
[PHYSICS] pitch=0.00 deg, altFt=-0.00 ft, dt=0.0100 s, rollCorr=-0.029 pitchCorr=0.047 m1=1.00 m2=0.88 m3=0.72 m4=1.00
[PHYSICS] pitch=0.00 deg, altFt=-0.00 ft, dt=0.0100 s, rollCorr=-0.029 pitchCorr=0.047 m1=1.00 m2=0.88 m3=0.72 m4=1.00
[PHYSICS] pitch=0.00 deg, altFt=-0.00 ft, dt=0.0202 s, rollCorr=-0.029 pitchCorr=0.047 m1=1.00 m2=0.88 m3=0.72 m4=1.00
[PHYSICS] pitch=0.00 deg, altFt=-0.00 ft, dt=0.0098 s, rollCorr=-0.029 pitchCorr=0.047 m1=1.00 m2=0.88 m3=0.72 m4=1.00
[PHYSICS] pitch=0.00 deg, altFt=-0.00 ft, dt=0.0100 s, rollCorr=-0.029 pitchCorr=0.047 m1=1.00 m2=0.88 m3=0.72 m4=1.00
[PHYSICS] pitch=0.00 deg, altFt=-0.00 ft, dt=0.0100 s, rollCorr=-0.029 pitchCorr=0.047 m1=1.00 m2=0.88 m3=0.72 m4=1.00
[PHYSICS] pitch=0.00 deg, altFt=-0.00 ft, dt=0.0202 s, rollCorr=-0.029 pitchCorr=0.047 m1=1.00 m2=0.88 m3=0.72 m4=1.00
[PHYSICS] pitch=0.00 deg, altFt=-0.00 ft, dt=0.0098 s, rollCorr=-0.029 pitchCorr=0.047 m1=1.00 m2=0.88 m3=0.72 m4=1.00
[PHYSICS] pitch=0.00 deg, altFt=-0.00 ft, dt=0.0100 s, rollCorr=-0.029 pitchCorr=0.047 m1=1.00 m2=0.88 m3=0.72 m4=1.00
[PHYSICS] pitch=0.00 deg, altFt=-0.00 ft, dt=0.0100 s, rollCorr=-0.029 pitchCorr=0.047 m1=1.00 m2=0.88 m3=0.72 m4=1.00
[PHYSICS] pitch=0.00 deg, altFt=-0.00 ft, dt=0.0202 s, rollCorr=-0.029 pitchCorr=0.047 m1=1.00 m2=0.88 m3=0.72 m4=1.00
[PHYSICS] pitch=0.00 deg, altFt=-0.00 ft, dt=0.0098 s, rollCorr=-0.029 pitchCorr=0.047 m1=1.00 m2=0.88 m3=0.72 m4=1.00
[PHYSICS] pitch=0.00 deg, altFt=-0.00 ft, dt=0.0100 s, rollCorr=-0.029 pitchCorr=0.047 m1=1.00 m2=0.88 m3=0.72 m4=1.00
[PHYSICS] pitch=0.00 deg, altFt=-0.00 ft, dt=0.0100 s, rollCorr=-0.029 pitchCorr=0.047 m1=1.00 m2=0.88 m3=0.72 m4=1.00
[PHYSICS] pitch=0.00 deg, altFt=-0.00 ft, dt=0.0202 s, rollCorr=-0.029 pitchCorr=0.047 m1=1.00 m2=0.88 m3=0.72 m4=1.00
[PHYSICS] pitch=0.00 deg, altFt=-0.00 ft, dt=0.0098 s, rollCorr=-0.029 pitchCorr=0.047 m1=1.00 m2=0.88 m3=0.72 m4=1.00
[PHYSICS] pitch=0.00 deg, altFt=-0.00 ft, dt=0.0100 s, rollCorr=-0.029 pitchCorr=0.047 m1=1.00 m2=0.88 m3=0.72 m4=1.00
[PHYSICS] pitch=0.00 deg, altFt=-0.00 ft, dt=0.0100 s, rollCorr=-0.029 pitchCorr=0.047 m1=1.00 m2=0.88 m3=0.72 m4=1.00
[PHYSICS] pitch=0.00 deg, altFt=-0.00 ft, dt=0.0202 s, rollCorr=-0.029 pitchCorr=0.047 m1=1.00 m2=0.88 m3=0.72 m4=1.00
[PHYSICS] pitch=0.00 deg, altFt=-0.00 ft, dt=0.0098 s, rollCorr=-0.029 pitchCorr=0.047 m1=1.00 m2=0.88 m3=0.72 m4=1.00
[PHYSICS] pitch=0.00 deg, altFt=-0.00 ft, dt=0.0100 s, rollCorr=-0.029 pitchCorr=0.047 m1=1.00 m2=0.88 m3=0.72 m4=1.00
[PHYSICS] pitch=0.00 deg, altFt=-0.00 ft, dt=0.0100 s, rollCorr=-0.029 pitchCorr=0.047 m1=1.00 m2=0.88 m3=0.72 m4=1.00
[PHYSICS] pitch=0.00 deg, altFt=-0.00 ft, dt=0.0202 s, rollCorr=-0.029 pitchCorr=0.047 m1=1.00 m2=0.88 m3=0.72 m4=1.00
[PHYSICS] pitch=0.00 deg, altFt=-0.00 ft, dt=0.0098 s, rollCorr=-0.029 pitchCorr=0.047 m1=1.00 m2=0.88 m3=0.72 m4=1.00
[PHYSICS] pitch=0.00 deg, altFt=-0.00 ft, dt=0.0100 s, rollCorr=-0.029 pitchCorr=0.047 m1=1.00 m2=0.88 m3=0.72 m4=1.00
[PHYSICS] pitch=0.00 deg, altFt=-0.00 ft, dt=0.0100 s, rollCorr=-0.029 pitchCorr=0.047 m1=1.00 m2=0.88 m3=0.72 m4=1.00
[PHYSICS] pitch=0.00 deg, altFt=-0.00 ft, dt=0.0202 s, rollCorr=-0.029 pitchCorr=0.047 m1=1.00 m2=0.88 m3=0.72 m4=1.00
[PHYSICS] pitch=0.00 deg, altFt=-0.00 ft, dt=0.0098 s, rollCorr=-0.029 pitchCorr=0.047 m1=1.00 m2=0.88 m3=0.72 m4=1.00
[PHYSICS] pitch=0.00 deg, altFt=-0.00 ft, dt=0.0100 s, rollCorr=-0.029 pitchCorr=0.047 m1=1.00 m2=0.88 m3=0.72 m4=1.00
[PHYSICS] pitch=0.00 deg, altFt=-0.00 ft, dt=0.0100 s, rollCorr=-0.029 pitchCorr=0.047 m1=1.00 m2=0.88 m3=0.72 m4=1.00
[PHYSICS] pitch=0.00 deg, altFt=-0.00 ft, dt=0.0202 s, rollCorr=-0.029 pitchCorr=0.047 m1=1.00 m2=0.88 m3=0.72 m4=1.00
[PHYSICS] pitch=0.00 deg, altFt=-0.00 ft, dt=0.0098 s, rollCorr=-0.029 pitchCorr=0.047 m1=1.00 m2=0.88 m3=0.72 m4=1.00
[PHYSICS] pitch=0.00 deg, altFt=-0.00 ft, dt=0.0100 s, rollCorr=-0.029 pitchCorr=0.047 m1=1.00 m2=0.88 m3=0.72 m4=1.00
[PHYSICS] pitch=0.00 deg, altFt=-0.00 ft, dt=0.0100 s, rollCorr=-0.029 pitchCorr=0.047 m1=1.00 m2=0.88 m3=0.72 m4=1.00
[PHYSICS] pitch=0.00 deg, altFt=-0.00 ft, dt=0.0202 s, rollCorr=-0.029 pitchCorr=0.047 m1=1.00 m2=0.88 m3=0.72 m4=1.00
[PHYSICS] pitch=0.00 deg, altFt=-0.00 ft, dt=0.0098 s, rollCorr=-0.029 pitchCorr=0.047 m1=1.00 m2=0.88 m3=0.72 m4=1.00
[PHYSICS] pitch=0.00 deg, altFt=-0.00 ft, dt=0.0100 s, rollCorr=-0.029 pitchCorr=0.047 m1=1.00 m2=0.88 m3=0.72 m4=1.00
[PHYSICS] pitch=0.00 deg, altFt=-0.00 ft, dt=0.0100 s, rollCorr=-0.029 pitchCorr=0.047 m1=1.00 m2=0.88 m3=0.72 m4=1.00
[PHYSICS] pitch=0.00 deg, altFt=-0.00 ft, dt=0.0202 s, rollCorr=-0.029 pitchCorr=0.047 m1=1.00 m2=0.88 m3=0.72 m4=1.00
[PHYSICS] pitch=0.00 deg, altFt=-0.00 ft, dt=0.0098 s, rollCorr=-0.029 pitchCorr=0.047 m1=1.00 m2=0.88 m3=0.72 m4=1.00
[PHYSICS] pitch=0.00 deg, altFt=-0.00 ft, dt=0.0100 s, rollCorr=-0.029 pitchCorr=0.047 m1=1.00 m2=0.88 m3=0.72 m4=1.00
[PHYSICS] pitch=0.00 deg, altFt=-0.00 ft, dt=0.0100 s, rollCorr=-0.029 pitchCorr=0.047 m1=1.00 m2=0.88 m3=0.72 m4=1.00
[PHYSICS] pitch=0.00 deg, altFt=-0.00 ft, dt=0.0202 s, rollCorr=-0.029 pitchCorr=0.047 m1=1.00 m2=0.88 m3=0.72 m4=1.00
[PHYSICS] pitch=0.00 deg, altFt=-0.00 ft, dt=0.0098 s, rollCorr=-0.029 pitchCorr=0.047 m1=1.00 m2=0.88 m3=0.72 m4=1.00
[PHYSICS] pitch=0.00 deg, altFt=-0.00 ft, dt=0.0100 s, rollCorr=-0.029 pitchCorr=0.047 m1=1.00 m2=0.88 m3=0.72 m4=1.00
[PHYSICS] pitch=0.00 deg, altFt=-0.00 ft, dt=0.0100 s, rollCorr=-0.029 pitchCorr=0.047 m1=1.00 m2=0.88 m3=0.72 m4=1.00
[PHYSICS] pitch=0.00 deg, altFt=-0.00 ft, dt=0.0202 s, rollCorr=-0.029 pitchCorr=0.047 m1=1.00 m2=0.88 m3=0.72 m4=1.00
[PHYSICS] pitch=0.00 deg, altFt=-0.00 ft, dt=0.0098 s, rollCorr=-0.029 pitchCorr=0.047 m1=1.00 m2=0.88 m3=0.72 m4=1.00
[PHYSICS] pitch=0.00 deg, altFt=-0.00 ft, dt=0.0100 s, rollCorr=-0.029 pitchCorr=0.047 m1=1.00 m2=0.88 m3=0.72 m4=1.00
[PHYSICS] pitch=0.00 deg, altFt=-0.00 ft, dt=0.0100 s, rollCorr=-0.029 pitchCorr=0.047 m1=1.00 m2=0.88 m3=0.72 m4=1.00
[PHYSICS] pitch=0.00 deg, altFt=-0.00 ft, dt=0.0202 s, rollCorr=-0.029 pitchCorr=0.047 m1=1.00 m2=0.88 m3=0.72 m4=1.00
[PHYSICS] pitch=0.00 deg, altFt=-0.00 ft, dt=0.0098 s, rollCorr=-0.029 pitchCorr=0.047 m1=1.00 m2=0.88 m3=0.72 m4=1.00
[PHYSICS] pitch=0.00 deg, altFt=-0.00 ft, dt=0.0100 s, rollCorr=-0.029 pitchCorr=0.047 m1=1.00 m2=0.88 m3=0.72 m4=1.00
[PHYSICS] pitch=0.00 deg, altFt=-0.00 ft, dt=0.0100 s, rollCorr=-0.029 pitchCorr=0.047 m1=1.00 m2=0.88 m3=0.72 m4=1.00
[PHYSICS] pitch=0.00 deg, altFt=-0.00 ft, dt=0.0202 s, rollCorr=-0.029 pitchCorr=0.047 m1=1.00 m2=0.88 m3=0.72 m4=1.00
[PHYSICS] pitch=0.00 deg, altFt=-0.00 ft, dt=0.0098 s, rollCorr=-0.029 pitchCorr=0.047 m1=1.00 m2=0.88 m3=0.72 m4=1.00
[PHYSICS] pitch=0.00 deg, altFt=-0.00 ft, dt=0.0100 s, rollCorr=-0.029 pitchCorr=0.047 m1=1.00 m2=0.88 m3=0.72 m4=1.00
[PHYSICS] pitch=0.00 deg, altFt=-0.00 ft, dt=0.0100 s, rollCorr=-0.029 pitchCorr=0.047 m1=1.00 m2=0.88 m3=0.72 m4=1.00
[PHYSICS] pitch=0.00 deg, altFt=-0.00 ft, dt=0.0202 s, rollCorr=-0.029 pitchCorr=0.047 m1=1.00 m2=0.88 m3=0.72 m4=1.00
[PHYSICS] pitch=0.00 deg, altFt=-0.00 ft, dt=0.0098 s, rollCorr=-0.029 pitchCorr=0.047 m1=1.00 m2=0.88 m3=0.72 m4=1.00
[PHYSICS] pitch=0.00 deg, altFt=-0.00 ft, dt=0.0100 s, rollCorr=-0.029 pitchCorr=0.047 m1=1.00 m2=0.88 m3=0.72 m4=1.00
[PHYSICS] pitch=0.00 deg, altFt=-0.00 ft, dt=0.0100 s, rollCorr=-0.029 pitchCorr=0.047 m1=1.00 m2=0.88 m3=0.72 m4=1.00
[PHYSICS] pitch=0.00 deg, altFt=-0.00 ft, dt=0.0202 s, rollCorr=-0.029 pitchCorr=0.047 m1=1.00 m2=0.88 m3=0.72 m4=1.00
[PHYSICS] pitch=0.00 deg, altFt=-0.00 ft, dt=0.0098 s, rollCorr=-0.029 pitchCorr=0.047 m1=1.00 m2=0.88 m3=0.72 m4=1.00
[PHYSICS] pitch=0.00 deg, altFt=-0.00 ft, dt=0.0100 s, rollCorr=-0.029 pitchCorr=0.047 m1=1.00 m2=0.88 m3=0.72 m4=1.00
[PHYSICS] pitch=0.00 deg, altFt=-0.00 ft, dt=0.0100 s, rollCorr=-0.029 pitchCorr=0.047 m1=1.00 m2=0.88 m3=0.72 m4=1.00
[PHYSICS] pitch=0.00 deg, altFt=-0.00 ft, dt=0.0202 s, rollCorr=-0.029 pitchCorr=0.047 m1=1.00 m2=0.88 m3=0.72 m4=1.00
[PHYSICS] pitch=0.00 deg, altFt=-0.00 ft, dt=0.0098 s, rollCorr=-0.029 pitchCorr=0.047 m1=1.00 m2=0.88 m3=0.72 m4=1.00
[PHYSICS] pitch=0.00 deg, altFt=-0.00 ft, dt=0.0100 s, rollCorr=-0.029 pitchCorr=0.047 m1=1.00 m2=0.88 m3=0.72 m4=1.00
[PHYSICS] pitch=0.00 deg, altFt=-0.00 ft, dt=0.0100 s, rollCorr=-0.029 pitchCorr=0.047 m1=1.00 m2=0.88 m3=0.72 m4=1.00
[PHYSICS] pitch=0.00 deg, altFt=-0.00 ft, dt=0.0202 s, rollCorr=-0.029 pitchCorr=0.047 m1=1.00 m2=0.88 m3=0.72 m4=1.00
[PHYSICS] pitch=0.00 deg, altFt=-0.00 ft, dt=0.0098 s, rollCorr=-0.029 pitchCorr=0.047 m1=1.00 m2=0.88 m3=0.72 m4=1.00
[PHYSICS] pitch=0.00 deg, altFt=-0.00 ft, dt=0.0100 s, rollCorr=-0.029 pitchCorr=0.047 m1=1.00 m2=0.88 m3=0.72 m4=1.00
[PHYSICS] pitch=0.00 deg, altFt=-0.00 ft, dt=0.0100 s, rollCorr=-0.029 pitchCorr=0.047 m1=1.00 m2=0.88 m3=0.72 m4=1.00
[PHYSICS] pitch=0.00 deg, altFt=-0.00 ft, dt=0.0202 s, rollCorr=-0.029 pitchCorr=0.047 m1=1.00 m2=0.88 m3=0.72 m4=1.00
[PHYSICS] pitch=0.00 deg, altFt=-0.00 ft, dt=0.0098 s, rollCorr=-0.029 pitchCorr=0.047 m1=1.00 m2=0.88 m3=0.72 m4=1.00
[PHYSICS] pitch=0.00 deg, altFt=-0.00 ft, dt=0.0100 s, rollCorr=-0.029 pitchCorr=0.047 m1=1.00 m2=0.88 m3=0.72 m4=1.00
[PHYSICS] pitch=0.00 deg, altFt=-0.00 ft, dt=0.0100 s, rollCorr=-0.029 pitchCorr=0.047 m1=1.00 m2=0.88 m3=0.72 m4=1.00
[PHYSICS] pitch=0.00 deg, altFt=-0.00 ft, dt=0.0202 s, rollCorr=-0.029 pitchCorr=0.047 m1=1.00 m2=0.88 m3=0.72 m4=1.00
[PHYSICS] pitch=0.00 deg, altFt=-0.00 ft, dt=0.0098 s, rollCorr=-0.029 pitchCorr=0.047 m1=1.00 m2=0.88 m3=0.72 m4=1.00
[PHYSICS] pitch=0.00 deg, altFt=-0.00 ft, dt=0.0100 s, rollCorr=-0.029 pitchCorr=0.047 m1=1.00 m2=0.88 m3=0.72 m4=1.00
[PHYSICS] pitch=0.00 deg, altFt=-0.00 ft, dt=0.0100 s, rollCorr=-0.029 pitchCorr=0.047 m1=1.00 m2=0.88 m3=0.72 m4=1.00
[PHYSICS] pitch=0.00 deg, altFt=-0.00 ft, dt=0.0202 s, rollCorr=-0.029 pitchCorr=0.047 m1=1.00 m2=0.88 m3=0.72 m4=1.00
[PHYSICS] pitch=0.00 deg, altFt=-0.00 ft, dt=0.0098 s, rollCorr=-0.029 pitchCorr=0.047 m1=1.00 m2=0.88 m3=0.72 m4=1.00
[PHYSICS] pitch=0.00 deg, altFt=-0.00 ft, dt=0.0100 s, rollCorr=-0.029 pitchCorr=0.047 m1=1.00 m2=0.88 m3=0.72 m4=1.00
[PHYSICS] pitch=0.00 deg, altFt=-0.00 ft, dt=0.0100 s, rollCorr=-0.029 pitchCorr=0.047 m1=1.00 m2=0.88 m3=0.72 m4=1.00
[PHYSICS] pitch=0.00 deg, altFt=-0.00 ft, dt=0.0202 s, rollCorr=-0.029 pitchCorr=0.047 m1=1.00 m2=0.88 m3=0.72 m4=1.00
[PHYSICS] pitch=0.00 deg, altFt=-0.00 ft, dt=0.0098 s, rollCorr=-0.029 pitchCorr=0.047 m1=1.00 m2=0.88 m3=0.72 m4=1.00
[PHYSICS] pitch=0.00 deg, altFt=-0.00 ft, dt=0.0100 s, rollCorr=-0.029 pitchCorr=0.047 m1=1.00 m2=0.88 m3=0.72 m4=1.00
[PHYSICS] pitch=0.00 deg, altFt=-0.00 ft, dt=0.0100 s, rollCorr=-0.029 pitchCorr=0.047 m1=1.00 m2=0.88 m3=0.72 m4=1.00
[PHYSICS] pitch=0.00 deg, altFt=-0.00 ft, dt=0.0202 s, rollCorr=-0.029 pitchCorr=0.047 m1=1.00 m2=0.88 m3=0.72 m4=1.00
[PHYSICS] pitch=0.00 deg, altFt=-0.00 ft, dt=0.0098 s, rollCorr=-0.029 pitchCorr=0.047 m1=1.00 m2=0.88 m3=0.72 m4=1.00
[PHYSICS] pitch=0.00 deg, altFt=-0.00 ft, dt=0.0100 s, rollCorr=-0.029 pitchCorr=0.047 m1=1.00 m2=0.88 m3=0.72 m4=1.00
[PHYSICS] pitch=0.00 deg, altFt=-0.00 ft, dt=0.0100 s, rollCorr=-0.029 pitchCorr=0.047 m1=1.00 m2=0.88 m3=0.72 m4=1.00
[PHYSICS] pitch=0.00 deg, altFt=-0.00 ft, dt=0.0202 s, rollCorr=-0.029 pitchCorr=0.047 m1=1.00 m2=0.88 m3=0.72 m4=1.00
[PHYSICS] pitch=0.00 deg, altFt=-0.00 ft, dt=0.0098 s, rollCorr=-0.029 pitchCorr=0.047 m1=1.00 m2=0.88 m3=0.72 m4=1.00
[PHYSICS] pitch=0.00 deg, altFt=-0.00 ft, dt=0.0100 s, rollCorr=-0.029 pitchCorr=0.047 m1=1.00 m2=0.88 m3=0.72 m4=1.00
[PHYSICS] pitch=0.00 deg, altFt=-0.00 ft, dt=0.0100 s, rollCorr=-0.029 pitchCorr=0.047 m1=1.00 m2=0.88 m3=0.72 m4=1.00
[PHYSICS] pitch=0.00 deg, altFt=-0.00 ft, dt=0.0202 s, rollCorr=-0.029 pitchCorr=0.047 m1=1.00 m2=0.88 m3=0.72 m4=1.00
[PHYSICS] pitch=0.00 deg, altFt=-0.00 ft, dt=0.0098 s, rollCorr=-0.029 pitchCorr=0.047 m1=1.00 m2=0.88 m3=0.72 m4=1.00
[PHYSICS] pitch=0.00 deg, altFt=-0.00 ft, dt=0.0100 s, rollCorr=-0.029 pitchCorr=0.047 m1=1.00 m2=0.88 m3=0.72 m4=1.00
[PHYSICS] pitch=0.00 deg, altFt=-0.00 ft, dt=0.0100 s, rollCorr=-0.029 pitchCorr=0.047 m1=1.00 m2=0.88 m3=0.72 m4=1.00
[PHYSICS] pitch=0.00 deg, altFt=-0.00 ft, dt=0.0202 s, rollCorr=-0.029 pitchCorr=0.047 m1=1.00 m2=0.88 m3=0.72 m4=1.00
[PHYSICS] pitch=0.00 deg, altFt=-0.00 ft, 
[GPS + Compass Injection Test] delay 2000ms
dt=0.0098 s, rollCorr=-0.029 pitchCorr=0.047 m1=1.00 m2=0.88 m3=0.72 m4=1.00
[PHYSICS] pitch=0.00 deg, altFt=-0.00 ft, dt=0.0100 s, rollCorr=-0.029 pitchCorr=0.047 m1=1.00 m2=0.88 m3=0.72 m4=1.00
[PHYSICS] pitch=0.00 deg, altFt=-0.00 ft, dt=0.0100 s, rollCorr=-0.029 pitchCorr=0.047 m1=1.00 m2=0.88 m3=0.72 m4=1.00
[PHYSICS] pitch=0.00 deg, altFt=-0.00 ft, dt=0.0202 s, rollCorr=-0.029 pitchCorr=0.047 m1=1.00 m2=0.88 m3=0.72 m4=1.00
[PHYSICS] pitch=0.00 deg, altFt=-0.00 ft, dt=0.0098 s, rollCorr=-0.029 pitchCorr=0.047 m1=1.00 m2=0.88 m3=0.72 m4=1.00
[PHYSICS] pitch=0.00 deg, altFt=-0.00 ft, dt=0.0100 s, rollCorr=-0.029 pitchCorr=0.047 m1=1.00 m2=0.88 m3=0.72 m4=1.00
[PHYSICS] pitch=0.00 deg, altFt=-0.00 ft, dt=0.0100 s, rollCorr=-0.029 pitchCorr=0.047 m1=1.00 m2=0.88 m3=0.72 m4=1.00
[NAV] WP=2 dist=29.9m bearing=270.0° → pitchTarget=0.00° rollTarget=-14.95
[PHYSICS] pitch=0.00 deg, altFt=-0.00 ft, dt=0.0202 s, rollCorr=-0.300 pitchCorr=0.047 m1=0.95 m2=1.00 m3=0.45 m4=1.00
[PHYSICS] pitch=0.00 deg, altFt=-0.00 ft, dt=0.0098 s, rollCorr=-0.179 pitchCorr=0.047 m1=1.00 m2=1.00 m3=0.57 m4=1.00
[PHYSICS] pitch=0.00 deg, altFt=-0.00 ft, dt=0.0100 s, rollCorr=-0.179 pitchCorr=0.047 m1=1.00 m2=1.00 m3=0.57 m4=1.00
[PHYSICS] pitch=0.00 deg, altFt=-0.00 ft, dt=0.0100 s, rollCorr=-0.179 pitchCorr=0.047 m1=1.00 m2=1.00 m3=0.57 m4=1.00
[PHYSICS] pitch=0.00 deg, altFt=-0.00 ft, dt=0.0202 s, rollCorr=-0.179 pitchCorr=0.047 m1=1.00 m2=1.00 m3=0.57 m4=1.00
[PHYSICS] pitch=0.00 deg, altFt=-0.00 ft, dt=0.0098 s, rollCorr=-0.179 pitchCorr=0.047 m1=1.00 m2=1.00 m3=0.57 m4=1.00
[PHYSICS] pitch=0.00 deg, altFt=-0.00 ft, dt=0.0100 s, rollCorr=-0.179 pitchCorr=0.047 m1=1.00 m2=1.00 m3=0.57 m4=1.00
[PHYSICS] pitch=0.00 deg, altFt=-0.00 ft, dt=0.0100 s, rollCorr=-0.180 pitchCorr=0.047 m1=1.00 m2=1.00 m3=0.57 m4=1.00
[NAV] WP=2 dist=29.9m bearing=270.0° → pitchTarget=0.00° rollTarget=-14.95
[PHYSICS] pitch=0.00 deg, altFt=-0.00 ft, dt=0.0202 s, rollCorr=-0.180 pitchCorr=0.047 m1=1.00 m2=1.00 m3=0.57 m4=1.00
[PHYSICS] pitch=0.00 deg, altFt=-0.00 ft, dt=0.0098 s, rollCorr=-0.180 pitchCorr=0.047 m1=1.00 m2=1.00 m3=0.57 m4=1.00
[PHYSICS] pitch=0.00 deg, altFt=-0.00 ft, dt=0.0100 s, rollCorr=-0.180 pitchCorr=0.047 m1=1.00 m2=1.00 m3=0.57 m4=1.00
[PHYSICS] pitch=0.00 deg, altFt=-0.00 ft, dt=0.0100 s, rollCorr=-0.180 pitchCorr=0.047 m1=1.00 m2=1.00 m3=0.57 m4=1.00
[PHYSICS] pitch=0.00 deg, altFt=-0.00 ft, dt=0.0202 s, rollCorr=-0.181 pitchCorr=0.047 m1=1.00 m2=1.00 m3=0.57 m4=1.00
[PHYSICS] pitch=0.00 deg, altFt=-0.00 ft, dt=0.0098 s, rollCorr=-0.181 pitchCorr=0.047 m1=1.00 m2=1.00 m3=0.57 m4=1.00
[PHYSICS] pitch=0.00 deg, altFt=-0.00 ft, dt=0.0100 s, rollCorr=-0.181 pitchCorr=0.047 m1=1.00 m2=1.00 m3=0.57 m4=1.00
[PHYSICS] pitch=0.00 deg, altFt=-0.00 ft, dt=0.0100 s, rollCorr=-0.181 pitchCorr=0.047 m1=1.00 m2=1.00 m3=0.57 m4=1.00
[NAV] WP=2 dist=29.9m bearing=270.0° → pitchTarget=0.00° rollTarget=-14.95
[PHYSICS] pitch=0.00 deg, altFt=-0.00 ft, dt=0.0202 s, rollCorr=-0.181 pitchCorr=0.047 m1=1.00 m2=1.00 m3=0.57 m4=1.00
[PHYSICS] pitch=0.00 deg, altFt=-0.00 ft, dt=0.0098 s, rollCorr=-0.182 pitchCorr=0.047 m1=1.00 m2=1.00 m3=0.57 m4=1.00
[PHYSICS] pitch=0.00 deg, altFt=-0.00 ft, dt=0.0100 s, rollCorr=-0.182 pitchCorr=0.047 m1=1.00 m2=1.00 m3=0.57 m4=1.00
[PHYSICS] pitch=0.00 deg, altFt=-0.00 ft, dt=0.0100 s, rollCorr=-0.182 pitchCorr=0.047 m1=1.00 m2=1.00 m3=0.57 m4=1.00
[PHYSICS] pitch=0.00 deg, altFt=-0.00 ft, dt=0.0202 s, rollCorr=-0.182 pitchCorr=0.047 m1=1.00 m2=1.00 m3=0.57 m4=1.00
[PHYSICS] pitch=0.00 deg, altFt=-0.00 ft, dt=0.0098 s, rollCorr=-0.182 pitchCorr=0.047 m1=1.00 m2=1.00 m3=0.57 m4=1.00
[PHYSICS] pitch=0.00 deg, altFt=-0.00 ft, dt=0.0100 s, rollCorr=-0.182 pitchCorr=0.047 m1=1.00 m2=1.00 m3=0.57 m4=1.00
[PHYSICS] pitch=0.00 deg, altFt=-0.00 ft, dt=0.0100 s, rollCorr=-0.183 pitchCorr=0.047 m1=1.00 m2=1.00 m3=0.57 m4=1.00
[NAV] WP=2 dist=29.9m bearing=270.0° → pitchTarget=0.00° rollTarget=-14.95
[PHYSICS] pitch=0.00 deg, altFt=-0.00 ft, dt=0.0202 s, rollCorr=-0.183 pitchCorr=0.047 m1=1.00 m2=1.00 m3=0.57 m4=1.00
[PHYSICS] pitch=0.00 deg, altFt=-0.00 ft, dt=0.0098 s, rollCorr=-0.183 pitchCorr=0.047 m1=1.00 m2=1.00 m3=0.57 m4=1.00
[PHYSICS] pitch=0.00 deg, altFt=-0.00 ft, dt=0.0100 s, rollCorr=-0.183 pitchCorr=0.047 m1=1.00 m2=1.00 m3=0.57 m4=1.00
[PHYSICS] pitch=0.00 deg, altFt=-0.00 ft, dt=0.0100 s, rollCorr=-0.183 pitchCorr=0.047 m1=1.00 m2=1.00 m3=0.57 m4=1.00
[PHYSICS] pitch=0.00 deg, altFt=-0.00 ft, dt=0.0202 s, rollCorr=-0.184 pitchCorr=0.047 m1=1.00 m2=1.00 m3=0.57 m4=1.00
[PHYSICS] pitch=0.00 deg, altFt=-0.00 ft, dt=0.0098 s, rollCorr=-0.184 pitchCorr=0.047 m1=1.00 m2=1.00 m3=0.57 m4=1.00
[PHYSICS] pitch=0.00 deg, altFt=-0.00 ft, dt=0.0100 s, rollCorr=-0.184 pitchCorr=0.047 m1=1.00 m2=1.00 m3=0.57 m4=1.00
[PHYSICS] pitch=0.00 deg, altFt=-0.00 ft, dt=0.0100 s, rollCorr=-0.184 pitchCorr=0.047 m1=1.00 m2=1.00 m3=0.57 m4=1.00
[NAV] WP=2 dist=29.9m bearing=270.0° → pitchTarget=0.00° rollTarget=-14.95
[PHYSICS] pitch=0.00 deg, altFt=-0.00 ft, dt=0.0202 s, rollCorr=-0.184 pitchCorr=0.047 m1=1.00 m2=1.00 m3=0.57 m4=1.00
[PHYSICS] pitch=0.00 deg, altFt=-0.00 ft, dt=0.0098 s, rollCorr=-0.185 pitchCorr=0.047 m1=1.00 m2=1.00 m3=0.57 m4=1.00
[PHYSICS] pitch=0.00 deg, altFt=-0.00 ft, dt=0.0100 s, rollCorr=-0.185 pitchCorr=0.047 m1=1.00 m2=1.00 m3=0.57 m4=1.00
[PHYSICS] pitch=0.00 deg, altFt=-0.00 ft, dt=0.0100 s, rollCorr=-0.185 pitchCorr=0.047 m1=1.00 m2=1.00 m3=0.57 m4=1.00
[PHYSICS] pitch=0.00 deg, altFt=-0.00 ft, dt=0.0202 s, rollCorr=-0.185 pitchCorr=0.047 m1=1.00 m2=1.00 m3=0.57 m4=1.00
[PHYSICS] pitch=0.00 deg, altFt=-0.00 ft, dt=0.0098 s, rollCorr=-0.185 pitchCorr=0.047 m1=1.00 m2=1.00 m3=0.57 m4=1.00
[PHYSICS] pitch=0.00 deg, altFt=-0.00 ft, dt=0.0100 s, rollCorr=-0.185 pitchCorr=0.047 m1=1.00 m2=1.00 m3=0.57 m4=1.00
[PHYSICS] pitch=0.00 deg, altFt=-0.00 ft, dt=0.0100 s, rollCorr=-0.186 pitchCorr=0.047 m1=1.00 m2=1.00 m3=0.57 m4=1.00
[NAV] WP=2 dist=29.9m bearing=270.0° → pitchTarget=0.00° rollTarget=-14.95
[PHYSICS] pitch=0.00 deg, altFt=-0.00 ft, dt=0.0202 s, rollCorr=-0.186 pitchCorr=0.047 m1=1.00 m2=1.00 m3=0.57 m4=1.00
[PHYSICS] pitch=0.00 deg, altFt=-0.00 ft, dt=0.0098 s, rollCorr=-0.186 pitchCorr=0.047 m1=1.00 m2=1.00 m3=0.57 m4=1.00
[PHYSICS] pitch=0.00 deg, altFt=-0.00 ft, dt=0.0100 s, rollCorr=-0.186 pitchCorr=0.047 m1=1.00 m2=1.00 m3=0.57 m4=1.00
[PHYSICS] pitch=0.00 deg, altFt=-0.00 ft, dt=0.0100 s, rollCorr=-0.186 pitchCorr=0.047 m1=1.00 m2=1.00 m3=0.57 m4=1.00
[PHYSICS] pitch=0.00 deg, altFt=-0.00 ft, dt=0.0202 s, rollCorr=-0.187 pitchCorr=0.047 m1=1.00 m2=1.00 m3=0.57 m4=1.00
[PHYSICS] pitch=0.00 deg, altFt=-0.00 ft, dt=0.0098 s, rollCorr=-0.187 pitchCorr=0.047 m1=1.00 m2=1.00 m3=0.57 m4=1.00
[PHYSICS] pitch=0.00 deg, altFt=-0.00 ft, dt=0.0100 s, rollCorr=-0.187 pitchCorr=0.047 m1=1.00 m2=1.00 m3=0.57 m4=1.00
[PHYSICS] pitch=0.00 deg, altFt=-0.00 ft, dt=0.0101 s, rollCorr=-0.187 pitchCorr=0.047 m1=1.00 m2=1.00 m3=0.57 m4=1.00
[NAV] WP=2 dist=29.9m bearing=270.0° → pitchTarget=0.00° rollTarget=-14.95
[PHYSICS] pitch=0.00 deg, altFt=-0.00 ft, dt=0.0201 s, rollCorr=-0.187 pitchCorr=0.047 m1=1.00 m2=1.00 m3=0.57 m4=1.00
[PHYSICS] pitch=0.00 deg, altFt=-0.00 ft, dt=0.0098 s, rollCorr=-0.188 pitchCorr=0.047 m1=1.00 m2=1.00 m3=0.57 m4=1.00
[PHYSICS] pitch=0.00 deg, altFt=-0.00 ft, dt=0.0100 s, rollCorr=-0.188 pitchCorr=0.047 m1=1.00 m2=1.00 m3=0.57 m4=1.00
[PHYSICS] pitch=0.00 deg, altFt=-0.00 ft, dt=0.0100 s, rollCorr=-0.188 pitchCorr=0.047 m1=1.00 m2=1.00 m3=0.57 m4=1.00
[PHYSICS] pitch=0.00 deg, altFt=-0.00 ft, dt=0.0202 s, rollCorr=-0.188 pitchCorr=0.047 m1=1.00 m2=1.00 m3=0.56 m4=1.00
[PHYSICS] pitch=0.00 deg, altFt=-0.00 ft, dt=0.0098 s, rollCorr=-0.188 pitchCorr=0.047 m1=1.00 m2=1.00 m3=0.56 m4=1.00
[PHYSICS] pitch=0.00 deg, altFt=-0.00 ft, dt=0.0100 s, rollCorr=-0.188 pitchCorr=0.047 m1=1.00 m2=1.00 m3=0.56 m4=1.00
[PHYSICS] pitch=0.00 deg, altFt=-0.00 ft, dt=0.0100 s, rollCorr=-0.189 pitchCorr=0.047 m1=1.00 m2=1.00 m3=0.56 m4=1.00
[NAV] WP=2 dist=29.9m bearing=270.0° → pitchTarget=0.00° rollTarget=-14.95
[PHYSICS] pitch=0.00 deg, altFt=-0.00 ft, dt=0.0202 s, rollCorr=-0.189 pitchCorr=0.047 m1=1.00 m2=1.00 m3=0.56 m4=1.00
[PHYSICS] pitch=0.00 deg, altFt=-0.00 ft, dt=0.0098 s, rollCorr=-0.189 pitchCorr=0.047 m1=1.00 m2=1.00 m3=0.56 m4=1.00
[PHYSICS] pitch=0.00 deg, altFt=-0.00 ft, dt=0.0100 s, rollCorr=-0.189 pitchCorr=0.047 m1=1.00 m2=1.00 m3=0.56 m4=1.00
[PHYSICS] pitch=0.00 deg, altFt=-0.00 ft, dt=0.0100 s, rollCorr=-0.189 pitchCorr=0.047 m1=1.00 m2=1.00 m3=0.56 m4=1.00
[PHYSICS] pitch=0.00 deg, altFt=-0.00 ft, dt=0.0202 s, rollCorr=-0.190 pitchCorr=0.047 m1=1.00 m2=1.00 m3=0.56 m4=1.00
[PHYSICS] pitch=0.00 deg, altFt=-0.00 ft, dt=0.0098 s, rollCorr=-0.190 pitchCorr=0.047 m1=1.00 m2=1.00 m3=0.56 m4=1.00
[PHYSICS] pitch=0.00 deg, altFt=-0.00 ft, dt=0.0100 s, rollCorr=-0.190 pitchCorr=0.047 m1=1.00 m2=1.00 m3=0.56 m4=1.00
[PHYSICS] pitch=0.00 deg, altFt=-0.00 ft, dt=0.0100 s, rollCorr=-0.190 pitchCorr=0.047 m1=1.00 m2=1.00 m3=0.56 m4=1.00
[NAV] WP=2 dist=29.9m bearing=270.0° → pitchTarget=0.00° rollTarget=-14.95
[PHYSICS] pitch=0.00 deg, altFt=-0.00 ft, dt=0.0202 s, rollCorr=-0.190 pitchCorr=0.047 m1=1.00 m2=1.00 m3=0.56 m4=1.00
[PHYSICS] pitch=0.00 deg, altFt=-0.00 ft, dt=0.0098 s, rollCorr=-0.191 pitchCorr=0.047 m1=1.00 m2=1.00 m3=0.56 m4=1.00
[PHYSICS] pitch=0.00 deg, altFt=-0.00 ft, dt=0.0100 s, rollCorr=-0.191 pitchCorr=0.047 m1=1.00 m2=1.00 m3=0.56 m4=1.00
[PHYSICS] pitch=0.00 deg, altFt=-0.00 ft, dt=0.0100 s, rollCorr=-0.191 pitchCorr=0.047 m1=1.00 m2=1.00 m3=0.56 m4=1.00
[PHYSICS] pitch=0.00 deg, altFt=-0.00 ft, dt=0.0202 s, rollCorr=-0.191 pitchCorr=0.047 m1=1.00 m2=1.00 m3=0.56 m4=1.00
[PHYSICS] pitch=0.00 deg, altFt=-0.00 ft, dt=0.0098 s, rollCorr=-0.191 pitchCorr=0.047 m1=1.00 m2=1.00 m3=0.56 m4=1.00
[PHYSICS] pitch=0.00 deg, altFt=-0.00 ft, dt=0.0100 s, rollCorr=-0.191 pitchCorr=0.047 m1=1.00 m2=1.00 m3=0.56 m4=1.00
[PHYSICS] pitch=0.00 deg, altFt=-0.00 ft, dt=0.0100 s, rollCorr=-0.192 pitchCorr=0.047 m1=1.00 m2=1.00 m3=0.56 m4=1.00
[NAV] WP=2 dist=29.9m bearing=270.0° → pitchTarget=0.00° rollTarget=-14.95
[PHYSICS] pitch=0.00 deg, altFt=-0.00 ft, dt=0.0202 s, rollCorr=-0.192 pitchCorr=0.047 m1=1.00 m2=1.00 m3=0.56 m4=1.00
[PHYSICS] pitch=0.00 deg, altFt=-0.00 ft, dt=0.0098 s, rollCorr=-0.192 pitchCorr=0.047 m1=1.00 m2=1.00 m3=0.56 m4=1.00
[PHYSICS] pitch=0.00 deg, altFt=-0.00 ft, dt=0.0100 s, rollCorr=-0.192 pitchCorr=0.047 m1=1.00 m2=1.00 m3=0.56 m4=1.00
[PHYSICS] pitch=0.00 deg, altFt=-0.00 ft, dt=0.0100 s, rollCorr=-0.192 pitchCorr=0.047 m1=1.00 m2=1.00 m3=0.56 m4=1.00
[PHYSICS] pitch=0.00 deg, altFt=-0.00 ft, dt=0.0202 s, rollCorr=-0.193 pitchCorr=0.047 m1=1.00 m2=1.00 m3=0.56 m4=1.00
[PHYSICS] pitch=0.00 deg, altFt=-0.00 ft, dt=0.0098 s, rollCorr=-0.193 pitchCorr=0.047 m1=1.00 m2=1.00 m3=0.56 m4=1.00
[PHYSICS] pitch=0.00 deg, altFt=-0.00 ft, dt=0.0100 s, rollCorr=-0.193 pitchCorr=0.047 m1=1.00 m2=1.00 m3=0.56 m4=1.00
[PHYSICS] pitch=0.00 deg, altFt=-0.00 ft, dt=0.0100 s, rollCorr=-0.193 pitchCorr=0.047 m1=1.00 m2=1.00 m3=0.56 m4=1.00
[NAV] WP=2 dist=29.9m bearing=270.0° → pitchTarget=0.00° rollTarget=-14.95
[PHYSICS] pitch=0.00 deg, altFt=-0.00 ft, dt=0.0202 s, rollCorr=-0.193 pitchCorr=0.047 m1=1.00 m2=1.00 m3=0.56 m4=1.00
[PHYSICS] pitch=0.00 deg, altFt=-0.00 ft, dt=0.0098 s, rollCorr=-0.194 pitchCorr=0.047 m1=1.00 m2=1.00 m3=0.56 m4=1.00
[PHYSICS] pitch=0.00 deg, altFt=-0.00 ft, dt=0.0100 s, rollCorr=-0.194 pitchCorr=0.047 m1=1.00 m2=1.00 m3=0.56 m4=1.00
[PHYSICS] pitch=0.00 deg, altFt=-0.00 ft, dt=0.0100 s, rollCorr=-0.194 pitchCorr=0.047 m1=1.00 m2=1.00 m3=0.56 m4=1.00
[PHYSICS] pitch=0.00 deg, altFt=-0.00 ft, dt=0.0202 s, rollCorr=-0.194 pitchCorr=0.047 m1=1.00 m2=1.00 m3=0.56 m4=1.00
[PHYSICS] pitch=0.00 deg, altFt=-0.00 ft, dt=0.0098 s, rollCorr=-0.194 pitchCorr=0.047 m1=1.00 m2=1.00 m3=0.56 m4=1.00
[PHYSICS] pitch=0.00 deg, altFt=-0.00 ft, dt=0.0100 s, rollCorr=-0.194 pitchCorr=0.047 m1=1.00 m2=1.00 m3=0.56 m4=1.00
[PHYSICS] pitch=0.00 deg, altFt=-0.00 ft, dt=0.0100 s, rollCorr=-0.195 pitchCorr=0.047 m1=1.00 m2=1.00 m3=0.56 m4=1.00
[NAV] WP=2 dist=29.9m bearing=270.0° → pitchTarget=0.00° rollTarget=-14.95
[PHYSICS] pitch=0.00 deg, altFt=-0.00 ft, dt=0.0202 s, rollCorr=-0.195 pitchCorr=0.047 m1=1.00 m2=1.00 m3=0.56 m4=1.00
[PHYSICS] pitch=0.00 deg, altFt=-0.00 ft, dt=0.0098 s, rollCorr=-0.195 pitchCorr=0.047 m1=1.00 m2=1.00 m3=0.56 m4=1.00
[PHYSICS] pitch=0.00 deg, altFt=-0.00 ft, dt=0.0100 s, rollCorr=-0.195 pitchCorr=0.047 m1=1.00 m2=1.00 m3=0.56 m4=1.00
[PHYSICS] pitch=0.00 deg, altFt=-0.00 ft, dt=0.0100 s, rollCorr=-0.195 pitchCorr=0.047 m1=1.00 m2=1.00 m3=0.56 m4=1.00
[PHYSICS] pitch=0.00 deg, altFt=-0.00 ft, dt=0.0202 s, rollCorr=-0.196 pitchCorr=0.047 m1=1.00 m2=1.00 m3=0.56 m4=1.00
[PHYSICS] pitch=0.00 deg, altFt=-0.00 ft, dt=0.0098 s, rollCorr=-0.196 pitchCorr=0.047 m1=1.00 m2=1.00 m3=0.56 m4=1.00
[PHYSICS] pitch=0.00 deg, altFt=-0.00 ft, dt=0.0100 s, rollCorr=-0.196 pitchCorr=0.047 m1=1.00 m2=1.00 m3=0.56 m4=1.00
[PHYSICS] pitch=0.00 deg, altFt=-0.00 ft, dt=0.0100 s, rollCorr=-0.196 pitchCorr=0.047 m1=1.00 m2=1.00 m3=0.56 m4=1.00
[NAV] WP=2 dist=29.9m bearing=270.0° → pitchTarget=0.00° rollTarget=-14.95
[PHYSICS] pitch=0.00 deg, altFt=-0.00 ft, dt=0.0202 s, rollCorr=-0.196 pitchCorr=0.047 m1=1.00 m2=1.00 m3=0.56 m4=1.00
[PHYSICS] pitch=0.00 deg, altFt=-0.00 ft, dt=0.0098 s, rollCorr=-0.197 pitchCorr=0.047 m1=1.00 m2=1.00 m3=0.56 m4=1.00
[PHYSICS] pitch=0.00 deg, altFt=-0.00 ft, dt=0.0100 s, rollCorr=-0.197 pitchCorr=0.047 m1=1.00 m2=1.00 m3=0.56 m4=1.00
[PHYSICS] pitch=0.00 deg, altFt=-0.00 ft, dt=0.0100 s, rollCorr=-0.197 pitchCorr=0.047 m1=1.00 m2=1.00 m3=0.56 m4=1.00
[PHYSICS] pitch=0.00 deg, altFt=-0.00 ft, dt=0.0202 s, rollCorr=-0.197 pitchCorr=0.047 m1=1.00 m2=1.00 m3=0.56 m4=1.00
[PHYSICS] pitch=0.00 deg, altFt=-0.00 ft, dt=0.0098 s, rollCorr=-0.197 pitchCorr=0.047 m1=1.00 m2=1.00 m3=0.56 m4=1.00
[PHYSICS] pitch=0.00 deg, altFt=-0.00 ft, dt=0.0100 s, rollCorr=-0.197 pitchCorr=0.047 m1=1.00 m2=1.00 m3=0.56 m4=1.00
[PHYSICS] pitch=0.00 deg, altFt=-0.00 ft, dt=0.0100 s, rollCorr=-0.198 pitchCorr=0.047 m1=1.00 m2=1.00 m3=0.56 m4=1.00
[NAV] WP=2 dist=29.9m bearing=270.0° → pitchTarget=0.00° rollTarget=-14.95
[PHYSICS] pitch=0.00 deg, altFt=-0.00 ft, dt=0.0202 s, rollCorr=-0.198 pitchCorr=0.047 m1=1.00 m2=1.00 m3=0.55 m4=1.00
[PHYSICS] pitch=0.00 deg, altFt=-0.00 ft, dt=0.0098 s, rollCorr=-0.198 pitchCorr=0.047 m1=1.00 m2=1.00 m3=0.55 m4=1.00
[PHYSICS] pitch=0.00 deg, altFt=-0.00 ft, dt=0.0100 s, rollCorr=-0.198 pitchCorr=0.047 m1=1.00 m2=1.00 m3=0.55 m4=1.00
[PHYSICS] pitch=0.00 deg, altFt=-0.00 ft, dt=0.0100 s, rollCorr=-0.198 pitchCorr=0.047 m1=1.00 m2=1.00 m3=0.55 m4=1.00
[PHYSICS] pitch=0.00 deg, altFt=-0.00 ft, dt=0.0202 s, rollCorr=-0.199 pitchCorr=0.047 m1=1.00 m2=1.00 m3=0.55 m4=1.00
[PHYSICS] pitch=0.00 deg, altFt=-0.00 ft, dt=0.0098 s, rollCorr=-0.199 pitchCorr=0.047 m1=1.00 m2=1.00 m3=0.55 m4=1.00
[PHYSICS] pitch=0.00 deg, altFt=-0.00 ft, dt=0.0100 s, rollCorr=-0.199 pitchCorr=0.047 m1=1.00 m2=1.00 m3=0.55 m4=1.00
[PHYSICS] pitch=0.00 deg, altFt=-0.00 ft, dt=0.0100 s, rollCorr=-0.199 pitchCorr=0.047 m1=1.00 m2=1.00 m3=0.55 m4=1.00
[NAV] WP=2 dist=29.9m bearing=270.0° → pitchTarget=0.00° rollTarget=-14.95
[PHYSICS] pitch=0.00 deg, altFt=-0.00 ft, dt=0.0202 s, rollCorr=-0.199 pitchCorr=0.047 m1=1.00 m2=1.00 m3=0.55 m4=1.00
[PHYSICS] pitch=0.00 deg, altFt=-0.00 ft, dt=0.0098 s, rollCorr=-0.199 pitchCorr=0.047 m1=1.00 m2=1.00 m3=0.55 m4=1.00
[PHYSICS] pitch=0.00 deg, altFt=-0.00 ft, dt=0.0100 s, rollCorr=-0.200 pitchCorr=0.047 m1=1.00 m2=1.00 m3=0.55 m4=1.00
[PHYSICS] pitch=0.00 deg, altFt=-0.00 ft, dt=0.0100 s, rollCorr=-0.200 pitchCorr=0.047 m1=1.00 m2=1.00 m3=0.55 m4=1.00
[PHYSICS] pitch=0.00 deg, altFt=-0.00 ft, dt=0.0202 s, rollCorr=-0.200 pitchCorr=0.047 m1=1.00 m2=1.00 m3=0.55 m4=1.00
[PHYSICS] pitch=0.00 deg, altFt=-0.00 ft, dt=0.0098 s, rollCorr=-0.200 pitchCorr=0.047 m1=1.00 m2=1.00 m3=0.55 m4=1.00
[PHYSICS] pitch=0.00 deg, altFt=-0.00 ft, dt=0.0100 s, rollCorr=-0.200 pitchCorr=0.047 m1=1.00 m2=1.00 m3=0.55 m4=1.00
[PHYSICS] pitch=0.00 deg, altFt=-0.00 ft, dt=0.0100 s, rollCorr=-0.201 pitchCorr=0.047 m1=1.00 m2=1.00 m3=0.55 m4=1.00
[NAV] WP=2 dist=29.9m bearing=270.0° → pitchTarget=0.00° rollTarget=-14.95
[PHYSICS] pitch=0.00 deg, altFt=-0.00 ft, dt=0.0202 s, rollCorr=-0.201 pitchCorr=0.047 m1=1.00 m2=1.00 m3=0.55 m4=1.00
[PHYSICS] pitch=0.00 deg, altFt=-0.00 ft, dt=0.0098 s, rollCorr=-0.201 pitchCorr=0.047 m1=1.00 m2=1.00 m3=0.55 m4=1.00
[PHYSICS] pitch=0.00 deg, altFt=-0.00 ft, dt=0.0100 s, rollCorr=-0.201 pitchCorr=0.047 m1=1.00 m2=1.00 m3=0.55 m4=1.00
[PHYSICS] pitch=0.00 deg, altFt=-0.00 ft, dt=0.0100 s, rollCorr=-0.201 pitchCorr=0.047 m1=1.00 m2=1.00 m3=0.55 m4=1.00
[PHYSICS] pitch=0.00 deg, altFt=-0.00 ft, dt=0.0202 s, rollCorr=-0.202 pitchCorr=0.047 m1=1.00 m2=1.00 m3=0.55 m4=1.00
[PHYSICS] pitch=0.00 deg, altFt=-0.00 ft, dt=0.0098 s, rollCorr=-0.202 pitchCorr=0.047 m1=1.00 m2=1.00 m3=0.55 m4=1.00
[PHYSICS] pitch=0.00 deg, altFt=-0.00 ft, dt=0.0100 s, rollCorr=-0.202 pitchCorr=0.047 m1=1.00 m2=1.00 m3=0.55 m4=1.00
[PHYSICS] pitch=0.00 deg, altFt=-0.00 ft, dt=0.0100 s, rollCorr=-0.202 pitchCorr=0.047 m1=1.00 m2=1.00 m3=0.55 m4=1.00
[NAV] WP=2 dist=29.9m bearing=270.0° → pitchTarget=0.00° rollTarget=-14.95
[PHYSICS] pitch=0.00 deg, altFt=-0.00 ft, dt=0.0202 s, rollCorr=-0.202 pitchCorr=0.047 m1=1.00 m2=1.00 m3=0.55 m4=1.00
[PHYSICS] pitch=0.00 deg, altFt=-0.00 ft, dt=0.0098 s, rollCorr=-0.202 pitchCorr=0.047 m1=1.00 m2=1.00 m3=0.55 m4=1.00
[PHYSICS] pitch=0.00 deg, altFt=-0.00 ft, dt=0.0100 s, rollCorr=-0.203 pitchCorr=0.047 m1=1.00 m2=1.00 m3=0.55 m4=1.00
[PHYSICS] pitch=0.00 deg, altFt=-0.00 ft, dt=0.0100 s, rollCorr=-0.203 pitchCorr=0.047 m1=1.00 m2=1.00 m3=0.55 m4=1.00
[PHYSICS] pitch=0.00 deg, altFt=-0.00 ft, dt=0.0202 s, rollCorr=-0.203 pitchCorr=0.047 m1=1.00 m2=1.00 m3=0.55 m4=1.00
[PHYSICS] pitch=0.00 deg, altFt=-0.00 ft, dt=0.0098 s, rollCorr=-0.203 pitchCorr=0.047 m1=1.00 m2=1.00 m3=0.55 m4=1.00
[PHYSICS] pitch=0.00 deg, altFt=-0.00 ft, dt=0.0100 s, rollCorr=-0.203 pitchCorr=0.047 m1=1.00 m2=1.00 m3=0.55 m4=1.00
[PHYSICS] pitch=0.00 deg, altFt=-0.00 ft, dt=0.0100 s, rollCorr=-0.204 pitchCorr=0.047 m1=1.00 m2=1.00 m3=0.55 m4=1.00
[NAV] WP=2 dist=29.9m bearing=270.0° → pitchTarget=0.00° rollTarget=-14.95
[PHYSICS] pitch=0.00 deg, altFt=-0.00 ft, dt=0.0202 s, rollCorr=-0.204 pitchCorr=0.047 m1=1.00 m2=1.00 m3=0.55 m4=1.00
[PHYSICS] pitch=0.00 deg, altFt=-0.00 ft, dt=0.0098 s, rollCorr=-0.204 pitchCorr=0.047 m1=1.00 m2=1.00 m3=0.55 m4=1.00
[PHYSICS] pitch=0.00 deg, altFt=-0.00 ft, dt=0.0100 s, rollCorr=-0.204 pitchCorr=0.047 m1=1.00 m2=1.00 m3=0.55 m4=1.00
[PHYSICS] pitch=0.00 deg, altFt=-0.00 ft, dt=0.0100 s, rollCorr=-0.204 pitchCorr=0.047 m1=1.00 m2=1.00 m3=0.55 m4=1.00
[PHYSICS] pitch=0.00 deg, altFt=-0.00 ft, dt=0.0202 s, rollCorr=-0.205 pitchCorr=0.047 m1=1.00 m2=1.00 m3=0.55 m4=1.00
[PHYSICS] pitch=0.00 deg, altFt=-0.00 ft, dt=0.0098 s, rollCorr=-0.205 pitchCorr=0.047 m1=1.00 m2=1.00 m3=0.55 m4=1.00
[PHYSICS] pitch=0.00 deg, altFt=-0.00 ft, dt=0.0100 s, rollCorr=-0.205 pitchCorr=0.047 m1=1.00 m2=1.00 m3=0.55 m4=1.00
[PHYSICS] pitch=0.00 deg, altFt=-0.00 ft, dt=0.0100 s, rollCorr=-0.205 pitchCorr=0.047 m1=1.00 m2=1.00 m3=0.55 m4=1.00
[NAV] WP=2 dist=29.9m bearing=270.0° → pitchTarget=0.00° rollTarget=-14.95
[PHYSICS] pitch=0.00 deg, altFt=-0.00 ft, dt=0.0202 s, rollCorr=-0.205 pitchCorr=0.047 m1=1.00 m2=1.00 m3=0.55 m4=1.00
[PHYSICS] pitch=0.00 deg, altFt=-0.00 ft, dt=0.0098 s, rollCorr=-0.205 pitchCorr=0.047 m1=1.00 m2=1.00 m3=0.55 m4=1.00
[PHYSICS] pitch=0.00 deg, altFt=-0.00 ft, dt=0.0100 s, rollCorr=-0.206 pitchCorr=0.047 m1=1.00 m2=1.00 m3=0.55 m4=1.00
[PHYSICS] pitch=0.00 deg, altFt=-0.00 ft, dt=0.0100 s, rollCorr=-0.206 pitchCorr=0.047 m1=1.00 m2=1.00 m3=0.55 m4=1.00
[PHYSICS] pitch=0.00 deg, altFt=-0.00 ft, dt=0.0202 s, rollCorr=-0.206 pitchCorr=0.047 m1=1.00 m2=1.00 m3=0.55 m4=1.00
[PHYSICS] pitch=0.00 deg, altFt=-0.00 ft, dt=0.0098 s, rollCorr=-0.206 pitchCorr=0.047 m1=1.00 m2=1.00 m3=0.55 m4=1.00
[PHYSICS] pitch=0.00 deg, altFt=-0.00 ft, dt=0.0100 s, rollCorr=-0.206 pitchCorr=0.047 m1=1.00 m2=1.00 m3=0.55 m4=1.00
[PHYSICS] pitch=0.00 deg, altFt=-0.00 ft, dt=0.0100 s, rollCorr=-0.207 pitchCorr=0.047 m1=1.00 m2=1.00 m3=0.55 m4=1.00
[NAV] WP=2 dist=29.9m bearing=270.0° → pitchTarget=0.00° rollTarget=-14.95
[PHYSICS] pitch=0.00 deg, altFt=-0.00 ft, dt=0.0202 s, rollCorr=-0.207 pitchCorr=0.047 m1=1.00 m2=1.00 m3=0.55 m4=1.00
[PHYSICS] pitch=0.00 deg, altFt=-0.00 ft, d
[GPS + Compass Injection Test] delay 5000ms
t=0.0098 s, rollCorr=-0.207 pitchCorr=0.047 m1=1.00 m2=1.00 m3=0.55 m4=1.00
[PHYSICS] pitch=0.00 deg, altFt=-0.00 ft, dt=0.0100 s, rollCorr=-0.207 pitchCorr=0.047 m1=1.00 m2=1.00 m3=0.55 m4=1.00
[PHYSICS] pitch=0.00 deg, altFt=-0.00 ft, dt=0.0101 s, rollCorr=-0.207 pitchCorr=0.047 m1=1.00 m2=1.00 m3=0.55 m4=1.00
[PHYSICS] pitch=0.00 deg, altFt=-0.00 ft, dt=0.0201 s, rollCorr=-0.208 pitchCorr=0.047 m1=1.00 m2=1.00 m3=0.55 m4=1.00
[PHYSICS] pitch=0.00 deg, altFt=-0.00 ft, dt=0.0098 s, rollCorr=-0.208 pitchCorr=0.047 m1=1.00 m2=1.00 m3=0.55 m4=1.00
[PHYSICS] pitch=0.00 deg, altFt=-0.00 ft, dt=0.0100 s, rollCorr=-0.208 pitchCorr=0.047 m1=1.00 m2=1.00 m3=0.54 m4=1.00
[PHYSICS] pitch=0.00 deg, altFt=-0.00 ft, dt=0.0100 s, rollCorr=-0.208 pitchCorr=0.047 m1=1.00 m2=1.00 m3=0.54 m4=1.00
[NAV] WP=2 dist=29.9m bearing=270.0° → pitchTarget=0.00° rollTarget=-14.95
[PHYSICS] pitch=0.00 deg, altFt=-0.00 ft, dt=0.0202 s, rollCorr=-0.208 pitchCorr=0.047 m1=0.64 m2=1.00 m3=0.94 m4=0.96
[PHYSICS] pitch=0.00 deg, altFt=-0.00 ft, dt=0.0098 s, rollCorr=-0.208 pitchCorr=0.047 m1=1.00 m2=1.00 m3=0.54 m4=1.00
[PHYSICS] pitch=0.00 deg, altFt=-0.00 ft, dt=0.0100 s, rollCorr=-0.209 pitchCorr=0.047 m1=1.00 m2=1.00 m3=0.54 m4=1.00
[PHYSICS] pitch=0.00 deg, altFt=-0.00 ft, dt=0.0100 s, rollCorr=-0.209 pitchCorr=0.047 m1=1.00 m2=1.00 m3=0.54 m4=1.00
[PHYSICS] pitch=0.00 deg, altFt=-0.00 ft, dt=0.0202 s, rollCorr=-0.209 pitchCorr=0.047 m1=1.00 m2=1.00 m3=0.54 m4=1.00
[PHYSICS] pitch=0.00 deg, altFt=-0.00 ft, dt=0.0098 s, rollCorr=-0.209 pitchCorr=0.047 m1=1.00 m2=1.00 m3=0.54 m4=1.00
[PHYSICS] pitch=0.00 deg, altFt=-0.00 ft, dt=0.0100 s, rollCorr=-0.209 pitchCorr=0.047 m1=1.00 m2=1.00 m3=0.54 m4=1.00
[PHYSICS] pitch=0.00 deg, altFt=-0.00 ft, dt=0.0100 s, rollCorr=-0.210 pitchCorr=0.047 m1=1.00 m2=1.00 m3=0.54 m4=1.00
[NAV] WP=2 dist=29.9m bearing=270.0° → pitchTarget=0.00° rollTarget=-14.95
[PHYSICS] pitch=0.00 deg, altFt=-0.00 ft, dt=0.0202 s, rollCorr=-0.210 pitchCorr=0.047 m1=1.00 m2=1.00 m3=0.54 m4=1.00
[PHYSICS] pitch=0.00 deg, altFt=-0.00 ft, dt=0.0098 s, rollCorr=-0.210 pitchCorr=0.047 m1=1.00 m2=1.00 m3=0.54 m4=1.00
[PHYSICS] pitch=0.00 deg, altFt=-0.00 ft, dt=0.0100 s, rollCorr=-0.210 pitchCorr=0.047 m1=1.00 m2=1.00 m3=0.54 m4=1.00
[PHYSICS] pitch=0.00 deg, altFt=-0.00 ft, dt=0.0100 s, rollCorr=-0.210 pitchCorr=0.047 m1=1.00 m2=1.00 m3=0.54 m4=1.00
[PHYSICS] pitch=0.00 deg, altFt=-0.00 ft, dt=0.0202 s, rollCorr=-0.211 pitchCorr=0.047 m1=1.00 m2=1.00 m3=0.54 m4=1.00
[PHYSICS] pitch=0.00 deg, altFt=-0.00 ft, dt=0.0098 s, rollCorr=-0.211 pitchCorr=0.047 m1=1.00 m2=1.00 m3=0.54 m4=1.00
[PHYSICS] pitch=0.00 deg, altFt=-0.00 ft, dt=0.0100 s, rollCorr=-0.211 pitchCorr=0.047 m1=1.00 m2=1.00 m3=0.54 m4=1.00
[PHYSICS] pitch=0.00 deg, altFt=-0.00 ft, dt=0.0100 s, rollCorr=-0.211 pitchCorr=0.047 m1=1.00 m2=1.00 m3=0.54 m4=1.00
[NAV] WP=2 dist=29.9m bearing=270.0° → pitchTarget=0.00° rollTarget=-14.95
[PHYSICS] pitch=0.00 deg, altFt=-0.00 ft, dt=0.0202 s, rollCorr=-0.211 pitchCorr=0.047 m1=1.00 m2=1.00 m3=0.54 m4=1.00
[PHYSICS] pitch=0.00 deg, altFt=-0.00 ft, dt=0.0098 s, rollCorr=-0.211 pitchCorr=0.047 m1=1.00 m2=1.00 m3=0.54 m4=1.00
[PHYSICS] pitch=0.00 deg, altFt=-0.00 ft, dt=0.0100 s, rollCorr=-0.212 pitchCorr=0.047 m1=1.00 m2=1.00 m3=0.54 m4=1.00
[PHYSICS] pitch=0.00 deg, altFt=-0.00 ft, dt=0.0100 s, rollCorr=-0.212 pitchCorr=0.047 m1=1.00 m2=1.00 m3=0.54 m4=1.00
[PHYSICS] pitch=0.00 deg, altFt=-0.00 ft, dt=0.0202 s, rollCorr=-0.212 pitchCorr=0.047 m1=1.00 m2=1.00 m3=0.54 m4=1.00
[PHYSICS] pitch=0.00 deg, altFt=-0.00 ft, dt=0.0098 s, rollCorr=-0.212 pitchCorr=0.047 m1=1.00 m2=1.00 m3=0.54 m4=1.00
[PHYSICS] pitch=0.00 deg, altFt=-0.00 ft, dt=0.0100 s, rollCorr=-0.212 pitchCorr=0.047 m1=1.00 m2=1.00 m3=0.54 m4=1.00
[PHYSICS] pitch=0.00 deg, altFt=-0.00 ft, dt=0.0100 s, rollCorr=-0.213 pitchCorr=0.047 m1=1.00 m2=1.00 m3=0.54 m4=1.00
[NAV] WP=2 dist=29.9m bearing=270.0° → pitchTarget=0.00° rollTarget=-14.95
[PHYSICS] pitch=0.00 deg, altFt=-0.00 ft, dt=0.0202 s, rollCorr=-0.213 pitchCorr=0.047 m1=1.00 m2=1.00 m3=0.54 m4=1.00
[PHYSICS] pitch=0.00 deg, altFt=-0.00 ft, dt=0.0098 s, rollCorr=-0.213 pitchCorr=0.047 m1=1.00 m2=1.00 m3=0.54 m4=1.00
[PHYSICS] pitch=0.00 deg, altFt=-0.00 ft, dt=0.0100 s, rollCorr=-0.213 pitchCorr=0.047 m1=1.00 m2=1.00 m3=0.54 m4=1.00
[PHYSICS] pitch=0.00 deg, altFt=-0.00 ft, dt=0.0100 s, rollCorr=-0.213 pitchCorr=0.047 m1=1.00 m2=1.00 m3=0.54 m4=1.00
[PHYSICS] pitch=0.00 deg, altFt=-0.00 ft, dt=0.0202 s, rollCorr=-0.214 pitchCorr=0.047 m1=1.00 m2=1.00 m3=0.54 m4=1.00
[PHYSICS] pitch=0.00 deg, altFt=-0.00 ft, dt=0.0098 s, rollCorr=-0.214 pitchCorr=0.047 m1=1.00 m2=1.00 m3=0.54 m4=1.00
[PHYSICS] pitch=0.00 deg, altFt=-0.00 ft, dt=0.0100 s, rollCorr=-0.214 pitchCorr=0.047 m1=1.00 m2=1.00 m3=0.54 m4=1.00
[PHYSICS] pitch=0.00 deg, altFt=-0.00 ft, dt=0.0100 s, rollCorr=-0.214 pitchCorr=0.047 m1=1.00 m2=1.00 m3=0.54 m4=1.00
[NAV] WP=2 dist=29.9m bearing=270.0° → pitchTarget=0.00° rollTarget=-14.95
[PHYSICS] pitch=0.00 deg, altFt=-0.00 ft, dt=0.0202 s, rollCorr=-0.214 pitchCorr=0.047 m1=1.00 m2=1.00 m3=0.54 m4=1.00
[PHYSICS] pitch=0.00 deg, altFt=-0.00 ft, dt=0.0098 s, rollCorr=-0.214 pitchCorr=0.047 m1=1.00 m2=1.00 m3=0.54 m4=1.00
[PHYSICS] pitch=0.00 deg, altFt=-0.00 ft, dt=0.0100 s, rollCorr=-0.215 pitchCorr=0.047 m1=1.00 m2=1.00 m3=0.54 m4=1.00
[PHYSICS] pitch=0.00 deg, altFt=-0.00 ft, dt=0.0100 s, rollCorr=-0.215 pitchCorr=0.047 m1=1.00 m2=1.00 m3=0.54 m4=1.00
[PHYSICS] pitch=0.00 deg, altFt=-0.00 ft, dt=0.0202 s, rollCorr=-0.215 pitchCorr=0.047 m1=1.00 m2=1.00 m3=0.54 m4=1.00
[PHYSICS] pitch=0.00 deg, altFt=-0.00 ft, dt=0.0098 s, rollCorr=-0.215 pitchCorr=0.047 m1=1.00 m2=1.00 m3=0.54 m4=1.00
[PHYSICS] pitch=0.00 deg, altFt=-0.00 ft, dt=0.0100 s, rollCorr=-0.215 pitchCorr=0.047 m1=1.00 m2=1.00 m3=0.54 m4=1.00
[PHYSICS] pitch=0.00 deg, altFt=-0.00 ft, dt=0.0100 s, rollCorr=-0.216 pitchCorr=0.047 m1=1.00 m2=1.00 m3=0.54 m4=1.00
[NAV] WP=2 dist=29.9m bearing=270.0° → pitchTarget=0.00° rollTarget=-14.95
[PHYSICS] pitch=0.00 deg, altFt=-0.00 ft, dt=0.0202 s, rollCorr=-0.216 pitchCorr=0.047 m1=1.00 m2=1.00 m3=0.54 m4=1.00
[PHYSICS] pitch=0.00 deg, altFt=-0.00 ft, dt=0.0098 s, rollCorr=-0.216 pitchCorr=0.047 m1=1.00 m2=1.00 m3=0.54 m4=1.00
[PHYSICS] pitch=0.00 deg, altFt=-0.00 ft, dt=0.0100 s, rollCorr=-0.216 pitchCorr=0.047 m1=1.00 m2=1.00 m3=0.54 m4=1.00
[PHYSICS] pitch=0.00 deg, altFt=-0.00 ft, dt=0.0100 s, rollCorr=-0.216 pitchCorr=0.047 m1=1.00 m2=1.00 m3=0.54 m4=1.00
[PHYSICS] pitch=0.00 deg, altFt=-0.00 ft, dt=0.0202 s, rollCorr=-0.217 pitchCorr=0.047 m1=1.00 m2=1.00 m3=0.54 m4=1.00
[PHYSICS] pitch=0.00 deg, altFt=-0.00 ft, dt=0.0098 s, rollCorr=-0.217 pitchCorr=0.047 m1=1.00 m2=1.00 m3=0.54 m4=1.00
[PHYSICS] pitch=0.00 deg, altFt=-0.00 ft, dt=0.0100 s, rollCorr=-0.217 pitchCorr=0.047 m1=1.00 m2=1.00 m3=0.54 m4=1.00
[PHYSICS] pitch=0.00 deg, altFt=-0.00 ft, dt=0.0100 s, rollCorr=-0.217 pitchCorr=0.047 m1=1.00 m2=1.00 m3=0.54 m4=1.00
[NAV] WP=2 dist=29.9m bearing=270.0° → pitchTarget=0.00° rollTarget=-14.95
[PHYSICS] pitch=0.00 deg, altFt=-0.00 ft, dt=0.0202 s, rollCorr=-0.217 pitchCorr=0.047 m1=1.00 m2=1.00 m3=0.54 m4=1.00
[PHYSICS] pitch=0.00 deg, altFt=-0.00 ft, dt=0.0098 s, rollCorr=-0.217 pitchCorr=0.047 m1=1.00 m2=1.00 m3=0.54 m4=1.00
[PHYSICS] pitch=0.00 deg, altFt=-0.00 ft, dt=0.0100 s, rollCorr=-0.218 pitchCorr=0.047 m1=1.00 m2=1.00 m3=0.54 m4=1.00
[PHYSICS] pitch=0.00 deg, altFt=-0.00 ft, dt=0.0100 s, rollCorr=-0.218 pitchCorr=0.047 m1=1.00 m2=1.00 m3=0.54 m4=1.00
[PHYSICS] pitch=0.00 deg, altFt=-0.00 ft, dt=0.0202 s, rollCorr=-0.218 pitchCorr=0.047 m1=1.00 m2=1.00 m3=0.53 m4=1.00
[PHYSICS] pitch=0.00 deg, altFt=-0.00 ft, dt=0.0098 s, rollCorr=-0.218 pitchCorr=0.047 m1=1.00 m2=1.00 m3=0.53 m4=1.00
[PHYSICS] pitch=0.00 deg, altFt=-0.00 ft, dt=0.0100 s, rollCorr=-0.218 pitchCorr=0.047 m1=1.00 m2=1.00 m3=0.53 m4=1.00
[PHYSICS] pitch=0.00 deg, altFt=-0.00 ft, dt=0.0100 s, rollCorr=-0.218 pitchCorr=0.047 m1=1.00 m2=1.00 m3=0.53 m4=1.00
[NAV] WP=2 dist=29.9m bearing=270.0° → pitchTarget=0.00° rollTarget=-14.95
[PHYSICS] pitch=0.00 deg, altFt=-0.00 ft, dt=0.0202 s, rollCorr=-0.219 pitchCorr=0.047 m1=1.00 m2=1.00 m3=0.53 m4=1.00
[PHYSICS] pitch=0.00 deg, altFt=-0.00 ft, dt=0.0098 s, rollCorr=-0.219 pitchCorr=0.047 m1=1.00 m2=1.00 m3=0.53 m4=1.00
[PHYSICS] pitch=0.00 deg, altFt=-0.00 ft, dt=0.0100 s, rollCorr=-0.219 pitchCorr=0.047 m1=1.00 m2=1.00 m3=0.53 m4=1.00
[PHYSICS] pitch=0.00 deg, altFt=-0.00 ft, dt=0.0100 s, rollCorr=-0.219 pitchCorr=0.047 m1=1.00 m2=1.00 m3=0.53 m4=1.00
[PHYSICS] pitch=0.00 deg, altFt=-0.00 ft, dt=0.0202 s, rollCorr=-0.220 pitchCorr=0.047 m1=1.00 m2=1.00 m3=0.53 m4=1.00
[PHYSICS] pitch=0.00 deg, altFt=-0.00 ft, dt=0.0098 s, rollCorr=-0.220 pitchCorr=0.047 m1=1.00 m2=1.00 m3=0.53 m4=1.00
[PHYSICS] pitch=0.00 deg, altFt=-0.00 ft, dt=0.0100 s, rollCorr=-0.220 pitchCorr=0.047 m1=1.00 m2=1.00 m3=0.53 m4=1.00
[PHYSICS] pitch=0.00 deg, altFt=-0.00 ft, dt=0.0100 s, rollCorr=-0.220 pitchCorr=0.047 m1=1.00 m2=1.00 m3=0.53 m4=1.00
[NAV] WP=2 dist=29.9m bearing=270.0° → pitchTarget=0.00° rollTarget=-14.95
[PHYSICS] pitch=0.00 deg, altFt=-0.00 ft, dt=0.0202 s, rollCorr=-0.220 pitchCorr=0.047 m1=1.00 m2=1.00 m3=0.53 m4=1.00
[PHYSICS] pitch=0.00 deg, altFt=-0.00 ft, dt=0.0098 s, rollCorr=-0.220 pitchCorr=0.047 m1=1.00 m2=1.00 m3=0.53 m4=1.00
[PHYSICS] pitch=0.00 deg, altFt=-0.00 ft, dt=0.0100 s, rollCorr=-0.221 pitchCorr=0.047 m1=1.00 m2=1.00 m3=0.53 m4=1.00
[PHYSICS] pitch=0.00 deg, altFt=-0.00 ft, dt=0.0100 s, rollCorr=-0.221 pitchCorr=0.047 m1=1.00 m2=1.00 m3=0.53 m4=1.00
[PHYSICS] pitch=0.00 deg, altFt=-0.00 ft, dt=0.0202 s, rollCorr=-0.221 pitchCorr=0.047 m1=1.00 m2=1.00 m3=0.53 m4=1.00
[PHYSICS] pitch=0.00 deg, altFt=-0.00 ft, dt=0.0098 s, rollCorr=-0.221 pitchCorr=0.047 m1=1.00 m2=1.00 m3=0.53 m4=1.00
[PHYSICS] pitch=0.00 deg, altFt=-0.00 ft, dt=0.0100 s, rollCorr=-0.221 pitchCorr=0.047 m1=1.00 m2=1.00 m3=0.53 m4=1.00
[PHYSICS] pitch=0.00 deg, altFt=-0.00 ft, dt=0.0100 s, rollCorr=-0.221 pitchCorr=0.047 m1=1.00 m2=1.00 m3=0.53 m4=1.00
[NAV] WP=2 dist=29.9m bearing=270.0° → pitchTarget=0.00° rollTarget=-14.95
[PHYSICS] pitch=0.00 deg, altFt=-0.00 ft, dt=0.0202 s, rollCorr=-0.222 pitchCorr=0.047 m1=1.00 m2=1.00 m3=0.53 m4=1.00
[PHYSICS] pitch=0.00 deg, altFt=-0.00 ft, dt=0.0098 s, rollCorr=-0.222 pitchCorr=0.047 m1=1.00 m2=1.00 m3=0.53 m4=1.00
[PHYSICS] pitch=0.00 deg, altFt=-0.00 ft, dt=0.0100 s, rollCorr=-0.222 pitchCorr=0.047 m1=1.00 m2=1.00 m3=0.53 m4=1.00
[PHYSICS] pitch=0.00 deg, altFt=-0.00 ft, dt=0.0100 s, rollCorr=-0.222 pitchCorr=0.047 m1=1.00 m2=1.00 m3=0.53 m4=1.00
[PHYSICS] pitch=0.00 deg, altFt=-0.00 ft, dt=0.0202 s, rollCorr=-0.223 pitchCorr=0.047 m1=1.00 m2=1.00 m3=0.53 m4=1.00
[PHYSICS] pitch=0.00 deg, altFt=-0.00 ft, dt=0.0098 s, rollCorr=-0.223 pitchCorr=0.047 m1=1.00 m2=1.00 m3=0.53 m4=1.00
[PHYSICS] pitch=0.00 deg, altFt=-0.00 ft, dt=0.0100 s, rollCorr=-0.223 pitchCorr=0.047 m1=1.00 m2=1.00 m3=0.53 m4=1.00
[PHYSICS] pitch=0.00 deg, altFt=-0.00 ft, dt=0.0100 s, rollCorr=-0.223 pitchCorr=0.047 m1=1.00 m2=1.00 m3=0.53 m4=1.00
[NAV] WP=2 dist=29.9m bearing=270.0° → pitchTarget=0.00° rollTarget=-14.95
[PHYSICS] pitch=0.00 deg, altFt=-0.00 ft, dt=0.0202 s, rollCorr=-0.223 pitchCorr=0.047 m1=1.00 m2=1.00 m3=0.53 m4=1.00
[PHYSICS] pitch=0.00 deg, altFt=-0.00 ft, dt=0.0098 s, rollCorr=-0.223 pitchCorr=0.047 m1=1.00 m2=1.00 m3=0.53 m4=1.00
[PHYSICS] pitch=0.00 deg, altFt=-0.00 ft, dt=0.0100 s, rollCorr=-0.224 pitchCorr=0.047 m1=1.00 m2=1.00 m3=0.53 m4=1.00
[PHYSICS] pitch=0.00 deg, altFt=-0.00 ft, dt=0.0100 s, rollCorr=-0.224 pitchCorr=0.047 m1=1.00 m2=1.00 m3=0.53 m4=1.00
[PHYSICS] pitch=0.00 deg, altFt=-0.00 ft, dt=0.0202 s, rollCorr=-0.224 pitchCorr=0.047 m1=1.00 m2=1.00 m3=0.53 m4=1.00
[PHYSICS] pitch=0.00 deg, altFt=-0.00 ft, dt=0.0098 s, rollCorr=-0.224 pitchCorr=0.047 m1=1.00 m2=1.00 m3=0.53 m4=1.00
[PHYSICS] pitch=0.00 deg, altFt=-0.00 ft, dt=0.0100 s, rollCorr=-0.224 pitchCorr=0.047 m1=1.00 m2=1.00 m3=0.53 m4=1.00
[PHYSICS] pitch=0.00 deg, altFt=-0.00 ft, dt=0.0100 s, rollCorr=-0.224 pitchCorr=0.047 m1=1.00 m2=1.00 m3=0.53 m4=1.00
[NAV] WP=2 dist=29.9m bearing=270.0° → pitchTarget=0.00° rollTarget=-14.95
[PHYSICS] pitch=0.00 deg, altFt=-0.00 ft, dt=0.0202 s, rollCorr=-0.225 pitchCorr=0.047 m1=1.00 m2=1.00 m3=0.53 m4=1.00
[PHYSICS] pitch=0.00 deg, altFt=-0.00 ft, dt=0.0098 s, rollCorr=-0.225 pitchCorr=0.047 m1=1.00 m2=1.00 m3=0.53 m4=1.00
[PHYSICS] pitch=0.00 deg, altFt=-0.00 ft, dt=0.0100 s, rollCorr=-0.225 pitchCorr=0.047 m1=1.00 m2=1.00 m3=0.53 m4=1.00
[PHYSICS] pitch=0.00 deg, altFt=-0.00 ft, dt=0.0100 s, rollCorr=-0.225 pitchCorr=0.047 m1=1.00 m2=1.00 m3=0.53 m4=1.00
[PHYSICS] pitch=0.00 deg, altFt=-0.00 ft, dt=0.0202 s, rollCorr=-0.226 pitchCorr=0.047 m1=1.00 m2=1.00 m3=0.53 m4=1.00
[PHYSICS] pitch=0.00 deg, altFt=-0.00 ft, dt=0.0098 s, rollCorr=-0.226 pitchCorr=0.047 m1=1.00 m2=1.00 m3=0.53 m4=1.00
[PHYSICS] pitch=0.00 deg, altFt=-0.00 ft, dt=0.0100 s, rollCorr=-0.226 pitchCorr=0.047 m1=1.00 m2=1.00 m3=0.53 m4=1.00
[PHYSICS] pitch=0.00 deg, altFt=-0.00 ft, dt=0.0100 s, rollCorr=-0.226 pitchCorr=0.047 m1=1.00 m2=1.00 m3=0.53 m4=1.00
[NAV] WP=2 dist=29.9m bearing=270.0° → pitchTarget=0.00° rollTarget=-14.95
[PHYSICS] pitch=0.00 deg, altFt=-0.00 ft, dt=0.0202 s, rollCorr=-0.226 pitchCorr=0.047 m1=1.00 m2=1.00 m3=0.53 m4=1.00
[PHYSICS] pitch=0.00 deg, altFt=-0.00 ft, dt=0.0098 s, rollCorr=-0.226 pitchCorr=0.047 m1=1.00 m2=1.00 m3=0.53 m4=1.00
[PHYSICS] pitch=0.00 deg, altFt=-0.00 ft, dt=0.0100 s, rollCorr=-0.227 pitchCorr=0.047 m1=1.00 m2=1.00 m3=0.53 m4=1.00
[PHYSICS] pitch=0.00 deg, altFt=-0.00 ft, dt=0.0100 s, rollCorr=-0.227 pitchCorr=0.047 m1=1.00 m2=1.00 m3=0.53 m4=1.00
[PHYSICS] pitch=0.00 deg, altFt=-0.00 ft, dt=0.0202 s, rollCorr=-0.227 pitchCorr=0.047 m1=1.00 m2=1.00 m3=0.53 m4=1.00
[PHYSICS] pitch=0.00 deg, altFt=-0.00 ft, dt=0.0098 s, rollCorr=-0.227 pitchCorr=0.047 m1=1.00 m2=1.00 m3=0.53 m4=1.00
[PHYSICS] pitch=0.00 deg, altFt=-0.00 ft, dt=0.0100 s, rollCorr=-0.227 pitchCorr=0.047 m1=1.00 m2=1.00 m3=0.53 m4=1.00
[PHYSICS] pitch=0.00 deg, altFt=-0.00 ft, dt=0.0100 s, rollCorr=-0.227 pitchCorr=0.047 m1=1.00 m2=1.00 m3=0.53 m4=1.00
[NAV] WP=2 dist=29.9m bearing=270.0° → pitchTarget=0.00° rollTarget=-14.95
[PHYSICS] pitch=0.00 deg, altFt=-0.00 ft, dt=0.0202 s, rollCorr=-0.228 pitchCorr=0.047 m1=1.00 m2=1.00 m3=0.53 m4=1.00
[PHYSICS] pitch=0.00 deg, altFt=-0.00 ft, dt=0.0098 s, rollCorr=-0.228 pitchCorr=0.047 m1=1.00 m2=1.00 m3=0.52 m4=1.00
[PHYSICS] pitch=0.00 deg, altFt=-0.00 ft, dt=0.0100 s, rollCorr=-0.228 pitchCorr=0.047 m1=1.00 m2=1.00 m3=0.52 m4=1.00
[PHYSICS] pitch=0.00 deg, altFt=-0.00 ft, dt=0.0100 s, rollCorr=-0.228 pitchCorr=0.047 m1=1.00 m2=1.00 m3=0.52 m4=1.00
[PHYSICS] pitch=0.00 deg, altFt=-0.00 ft, dt=0.0202 s, rollCorr=-0.229 pitchCorr=0.047 m1=1.00 m2=1.00 m3=0.52 m4=1.00
[PHYSICS] pitch=0.00 deg, altFt=-0.00 ft, dt=0.0098 s, rollCorr=-0.229 pitchCorr=0.047 m1=1.00 m2=1.00 m3=0.52 m4=1.00
[PHYSICS] pitch=0.00 deg, altFt=-0.00 ft, dt=0.0100 s, rollCorr=-0.229 pitchCorr=0.047 m1=1.00 m2=1.00 m3=0.52 m4=1.00
[PHYSICS] pitch=0.00 deg, altFt=-0.00 ft, dt=0.0100 s, rollCorr=-0.229 pitchCorr=0.047 m1=1.00 m2=1.00 m3=0.52 m4=1.00
[NAV] WP=2 dist=29.9m bearing=270.0° → pitchTarget=0.00° rollTarget=-14.95
[PHYSICS] pitch=0.00 deg, altFt=-0.00 ft, dt=0.0202 s, rollCorr=-0.229 pitchCorr=0.047 m1=1.00 m2=1.00 m3=0.52 m4=1.00
[PHYSICS] pitch=0.00 deg, altFt=-0.00 ft, dt=0.0098 s, rollCorr=-0.229 pitchCorr=0.047 m1=1.00 m2=1.00 m3=0.52 m4=1.00
[PHYSICS] pitch=0.00 deg, altFt=-0.00 ft, dt=0.0100 s, rollCorr=-0.230 pitchCorr=0.047 m1=1.00 m2=1.00 m3=0.52 m4=1.00
[PHYSICS] pitch=0.00 deg, altFt=-0.00 ft, dt=0.0100 s, rollCorr=-0.230 pitchCorr=0.047 m1=1.00 m2=1.00 m3=0.52 m4=1.00
[PHYSICS] pitch=0.00 deg, altFt=-0.00 ft, dt=0.0202 s, rollCorr=-0.230 pitchCorr=0.047 m1=1.00 m2=1.00 m3=0.52 m4=1.00
[PHYSICS] pitch=0.00 deg, altFt=-0.00 ft, dt=0.0098 s, rollCorr=-0.230 pitchCorr=0.047 m1=1.00 m2=1.00 m3=0.52 m4=1.00
[PHYSICS] pitch=0.00 deg, altFt=-0.00 ft, dt=0.0100 s, rollCorr=-0.230 pitchCorr=0.047 m1=1.00 m2=1.00 m3=0.52 m4=1.00
[PHYSICS] pitch=0.00 deg, altFt=-0.00 ft, dt=0.0100 s, rollCorr=-0.230 pitchCorr=0.047 m1=1.00 m2=1.00 m3=0.52 m4=1.00
[NAV] WP=2 dist=29.9m bearing=270.0° → pitchTarget=0.00° rollTarget=-14.95
[PHYSICS] pitch=0.00 deg, altFt=-0.00 ft, dt=0.0202 s, rollCorr=-0.231 pitchCorr=0.047 m1=1.00 m2=1.00 m3=0.52 m4=1.00
[PHYSICS] pitch=0.00 deg, altFt=-0.00 ft, dt=0.0098 s, rollCorr=-0.231 pitchCorr=0.047 m1=1.00 m2=1.00 m3=0.52 m4=1.00
[PHYSICS] pitch=0.00 deg, altFt=-0.00 ft, dt=0.0100 s, rollCorr=-0.231 pitchCorr=0.047 m1=1.00 m2=1.00 m3=0.52 m4=1.00
[PHYSICS] pitch=0.00 deg, altFt=-0.00 ft, dt=0.0100 s, rollCorr=-0.231 pitchCorr=0.047 m1=1.00 m2=1.00 m3=0.52 m4=1.00
[PHYSICS] pitch=0.00 deg, altFt=-0.00 ft, dt=0.0202 s, rollCorr=-0.232 pitchCorr=0.047 m1=1.00 m2=1.00 m3=0.52 m4=1.00
[PHYSICS] pitch=0.00 deg, altFt=-0.00 ft, dt=0.0098 s, rollCorr=-0.232 pitchCorr=0.047 m1=1.00 m2=1.00 m3=0.52 m4=1.00
[PHYSICS] pitch=0.00 deg, altFt=-0.00 ft, dt=0.0100 s, rollCorr=-0.232 pitchCorr=0.047 m1=1.00 m2=1.00 m3=0.52 m4=1.00
[PHYSICS] pitch=0.00 deg, altFt=-0.00 ft, dt=0.0100 s, rollCorr=-0.232 pitchCorr=0.047 m1=1.00 m2=1.00 m3=0.52 m4=1.00
[NAV] WP=2 dist=29.9m bearing=270.0° → pitchTarget=0.00° rollTarget=-14.95
[PHYSICS] pitch=0.00 deg, altFt=-0.00 ft, dt=0.0202 s, rollCorr=-0.232 pitchCorr=0.047 m1=1.00 m2=1.00 m3=0.52 m4=1.00
[PHYSICS] pitch=0.00 deg, altFt=-0.00 ft, dt=0.0098 s, rollCorr=-0.232 pitchCorr=0.047 m1=1.00 m2=1.00 m3=0.52 m4=1.00
[PHYSICS] pitch=0.00 deg, altFt=-0.00 ft, dt=0.0100 s, rollCorr=-0.233 pitchCorr=0.047 m1=1.00 m2=1.00 m3=0.52 m4=1.00
[PHYSICS] pitch=0.00 deg, altFt=-0.00 ft, dt=0.0100 s, rollCorr=-0.233 pitchCorr=0.047 m1=1.00 m2=1.00 m3=0.52 m4=1.00
[PHYSICS] pitch=0.00 deg, altFt=-0.00 ft, dt=0.0202 s, rollCorr=-0.233 pitchCorr=0.047 m1=1.00 m2=1.00 m3=0.52 m4=1.00
[PHYSICS] pitch=0.00 deg, altFt=-0.00 ft, dt=0.0098 s, rollCorr=-0.233 pitchCorr=0.047 m1=1.00 m2=1.00 m3=0.52 m4=1.00
[PHYSICS] pitch=0.00 deg, altFt=-0.00 ft, dt=0.0100 s, rollCorr=-0.233 pitchCorr=0.047 m1=1.00 m2=1.00 m3=0.52 m4=1.00
[PHYSICS] pitch=0.00 deg, altFt=-0.00 ft, dt=0.0100 s, rollCorr=-0.233 pitchCorr=0.047 m1=1.00 m2=1.00 m3=0.52 m4=1.00
[NAV] WP=2 dist=29.9m bearing=270.0° → pitchTarget=0.00° rollTarget=-14.95
[PHYSICS] pitch=0.00 deg, altFt=-0.00 ft, dt=0.0202 s, rollCorr=-0.234 pitchCorr=0.047 m1=1.00 m2=1.00 m3=0.52 m4=1.00
[PHYSICS] pitch=0.00 deg, altFt=-0.00 ft, dt=0.0098 s, rollCorr=-0.234 pitchCorr=0.047 m1=1.00 m2=1.00 m3=0.52 m4=1.00
[PHYSICS] pitch=0.00 deg, altFt=-0.00 ft, dt=0.0100 s, rollCorr=-0.234 pitchCorr=0.047 m1=1.00 m2=1.00 m3=0.52 m4=1.00
[PHYSICS] pitch=0.00 deg, altFt=-0.00 ft, dt=0.0100 s, rollCorr=-0.234 pitchCorr=0.047 m1=1.00 m2=1.00 m3=0.52 m4=1.00
[PHYSICS] pitch=0.00 deg, altFt=-0.00 ft, dt=0.0202 s, rollCorr=-0.234 pitchCorr=0.047 m1=1.00 m2=1.00 m3=0.52 m4=1.00
[PHYSICS] pitch=0.00 deg, altFt=-0.00 ft, dt=0.0098 s, rollCorr=-0.235 pitchCorr=0.047 m1=1.00 m2=1.00 m3=0.52 m4=1.00
[PHYSICS] pitch=0.00 deg, altFt=-0.00 ft, dt=0.0100 s, rollCorr=-0.235 pitchCorr=0.047 m1=1.00 m2=1.00 m3=0.52 m4=1.00
[PHYSICS] pitch=0.00 deg, altFt=-0.00 ft, dt=0.0100 s, rollCorr=-0.235 pitchCorr=0.047 m1=1.00 m2=1.00 m3=0.52 m4=1.00
[NAV] WP=2 dist=29.9m bearing=270.0° → pitchTarget=0.00° rollTarget=-14.95
[PHYSICS] pitch=0.00 deg, altFt=-0.00 ft, dt=0.0202 s, rollCorr=-0.235 pitchCorr=0.047 m1=1.00 m2=1.00 m3=0.52 m4=1.00
[PHYSICS] pitch=0.00 deg, altFt=-0.00 ft, dt=0.0098 s, rollCorr=-0.235 pitchCorr=0.047 m1=1.00 m2=1.00 m3=0.52 m4=1.00
[PHYSICS] pitch=0.00 deg, altFt=-0.00 ft, dt=0.0100 s, rollCorr=-0.236 pitchCorr=0.047 m1=1.00 m2=1.00 m3=0.52 m4=1.00
[PHYSICS] pitch=0.00 deg, altFt=-0.00 ft, dt=0.0100 s, rollCorr=-0.236 pitchCorr=0.047 m1=1.00 m2=1.00 m3=0.52 m4=1.00
[PHYSICS] pitch=0.00 deg, altFt=-0.00 ft, dt=0.0202 s, rollCorr=-0.236 pitchCorr=0.047 m1=1.00 m2=1.00 m3=0.52 m4=1.00
[PHYSICS] pitch=0.00 deg, altFt=-0.00 ft, dt=0.0098 s, rollCorr=-0.236 pitchCorr=0.047 m1=1.00 m2=1.00 m3=0.52 m4=1.00
[PHYSICS] pitch=0.00 deg, altFt=-0.00 ft, dt=0.0100 s, rollCorr=-0.236 pitchCorr=0.047 m1=1.00 m2=1.00 m3=0.52 m4=1.00
[PHYSICS] pitch=0.00 deg, altFt=-0.00 ft, dt=0.0100 s, rollCorr=-0.236 pitchCorr=0.047 m1=1.00 m2=1.00 m3=0.52 m4=1.00
[NAV] WP=2 dist=29.9m bearing=270.0° → pitchTarget=0.00° rollTarget=-14.95
[PHYSICS] pitch=0.00 deg, altFt=-0.00 ft, dt=0.0202 s, rollCorr=-0.237 pitchCorr=0.047 m1=1.00 m2=1.00 m3=0.52 m4=1.00
[PHYSICS] pitch=0.00 deg, altFt=-0.00 ft, dt=0.0098 s, rollCorr=-0.237 pitchCorr=0.047 m1=1.00 m2=1.00 m3=0.52 m4=1.00
[PHYSICS] pitch=0.00 deg, altFt=-0.00 ft, dt=0.0100 s, rollCorr=-0.237 pitchCorr=0.047 m1=1.00 m2=1.00 m3=0.52 m4=1.00
[PHYSICS] pitch=0.00 deg, altFt=-0.00 ft, dt=0.0100 s, rollCorr=-0.237 pitchCorr=0.047 m1=1.00 m2=1.00 m3=0.52 m4=1.00
[PHYSICS] pitch=0.00 deg, altFt=-0.00 ft, dt=0.0202 s, rollCorr=-0.237 pitchCorr=0.047 m1=1.00 m2=1.00 m3=0.52 m4=1.00
[PHYSICS] pitch=0.00 deg, altFt=-0.00 ft, dt=0.0098 s, rollCorr=-0.238 pitchCorr=0.047 m1=1.00 m2=1.00 m3=0.52 m4=1.00
[PHYSICS] pitch=0.00 deg, altFt=-0.00 ft, dt=0.0100 s, rollCorr=-0.238 pitchCorr=0.047 m1=1.00 m2=1.00 m3=0.52 m4=1.00
[PHYSICS] pitch=0.00 deg, altFt=-0.00 ft, dt=0.0100 s, rollCorr=-0.238 pitchCorr=0.047 m1=1.00 m2=1.00 m3=0.51 m4=1.00
[NAV] WP=2 dist=29.9m bearing=270.0° → pitchTarget=0.00° rollTarget=-14.95
[PHYSICS] pitch=0.00 deg, altFt=-0.00 ft, dt=0.0202 s, rollCorr=-0.238 pitchCorr=0.047 m1=1.00 m2=1.00 m3=0.51 m4=1.00
[PHYSICS] pitch=0.00 deg, altFt=-0.00 ft, dt=0.0098 s, rollCorr=-0.238 pitchCorr=0.047 m1=1.00 m2=1.00 m3=0.51 m4=1.00
[PHYSICS] pitch=0.00 deg, altFt=-0.00 ft, dt=0.0100 s, rollCorr=-0.239 pitchCorr=0.047 m1=1.00 m2=1.00 m3=0.51 m4=1.00
[PHYSICS] pitch=0.00 deg, altFt=-0.00 ft, dt=0.0100 s, rollCorr=-0.239 pitchCorr=0.047 m1=1.00 m2=1.00 m3=0.51 m4=1.00
[PHYSICS] pitch=0.00 deg, altFt=-0.00 ft, dt=0.0202 s, rollCorr=-0.239 pitchCorr=0.047 m1=1.00 m2=1.00 m3=0.51 m4=1.00
[PHYSICS] pitch=0.00 deg, altFt=-0.00 ft, dt=0.0098 s, rollCorr=-0.239 pitchCorr=0.047 m1=1.00 m2=1.00 m3=0.51 m4=1.00
[PHYSICS] pitch=0.00 deg, altFt=-0.00 ft, dt=0.0100 s, rollCorr=-0.239 pitchCorr=0.047 m1=1.00 m2=1.00 m3=0.51 m4=1.00
[PHYSICS] pitch=0.00 deg, altFt=-0.00 ft, dt=0.0100 s, rollCorr=-0.239 pitchCorr=0.047 m1=1.00 m2=1.00 m3=0.51 m4=1.00
[NAV] WP=2 dist=29.9m bearing=270.0° → pitchTarget=0.00° rollTarget=-14.95
[PHYSICS] pitch=0.00 deg, altFt=-0.00 ft, dt=0.0202 s, rollCorr=-0.240 pitchCorr=0.047 m1=1.00 m2=1.00 m3=0.51 m4=1.00
[PHYSICS] pitch=0.00 deg, altFt=-0.00 ft, dt=0.0098 s, rollCorr=-0.240 pitchCorr=0.047 m1=1.00 m2=1.00 m3=0.51 m4=1.00
[PHYSICS] pitch=0.00 deg, altFt=-0.00 ft, dt=0.0100 s, rollCorr=-0.240 pitchCorr=0.047 m1=1.00 m2=1.00 m3=0.51 m4=1.00
[PHYSICS] pitch=0.00 deg, altFt=-0.00 ft, dt=0.0100 s, rollCorr=-0.240 pitchCorr=0.047 m1=1.00 m2=1.00 m3=0.51 m4=1.00
[PHYSICS] pitch=0.00 deg, altFt=-0.00 ft, dt=0.0202 s, rollCorr=-0.240 pitchCorr=0.047 m1=1.00 m2=1.00 m3=0.51 m4=1.00
[PHYSICS] pitch=0.00 deg, altFt=-0.00 ft, dt=0.0098 s, rollCorr=-0.241 pitchCorr=0.047 m1=1.00 m2=1.00 m3=0.51 m4=1.00
[PHYSICS] pitch=0.00 deg, altFt=-0.00 ft, dt=0.0100 s, rollCorr=-0.241 pitchCorr=0.047 m1=1.00 m2=1.00 m3=0.51 m4=1.00
[PHYSICS] pitch=0.00 deg, altFt=-0.00 ft, dt=0.0101 s, rollCorr=-0.241 pitchCorr=0.047 m1=1.00 m2=1.00 m3=0.51 m4=1.00
[NAV] WP=2 dist=29.9m bearing=270.0° → pitchTarget=0.00° rollTarget=-14.95
[PHYSICS] pitch=0.00 deg, altFt=-0.00 ft, dt=0.0201 s, rollCorr=-0.241 pitchCorr=0.047 m1=1.00 m2=1.00 m3=0.51 m4=1.00
[PHYSICS] pitch=0.00 deg, altFt=-0.00 ft, dt=0.0098 s, rollCorr=-0.241 pitchCorr=0.047 m1=1.00 m2=1.00 m3=0.51 m4=1.00
[PHYSICS] pitch=0.00 deg, altFt=-0.00 ft, dt=0.0100 s, rollCorr=-0.242 pitchCorr=0.047 m1=1.00 m2=1.00 m3=0.51 m4=1.00
[PHYSICS] pitch=0.00 deg, altFt=-0.00 ft, dt=0.0100 s, rollCorr=-0.242 pitchCorr=0.047 m1=1.00 m2=1.00 m3=0.51 m4=1.00
[PHYSICS] pitch=0.00 deg, altFt=-0.00 ft, dt=0.0202 s, rollCorr=-0.242 pitchCorr=0.047 m1=1.00 m2=1.00 m3=0.51 m4=1.00
[PHYSICS] pitch=0.00 deg, altFt=-0.00 ft, dt=0.0098 s, rollCorr=-0.242 pitchCorr=0.047 m1=1.00 m2=1.00 m3=0.51 m4=1.00
[PHYSICS] pitch=0.00 deg, altFt=-0.00 ft, dt=0.0100 s, rollCorr=-0.242 pitchCorr=0.047 m1=1.00 m2=1.00 m3=0.51 m4=1.00
[PHYSICS] pitch=0.00 deg, altFt=-0.00 ft, dt=0.0100 s, rollCorr=-0.242 pitchCorr=0.047 m1=1.00 m2=1.00 m3=0.51 m4=1.00
[NAV] WP=2 dist=29.9m bearing=270.0° → pitchTarget=0.00° rollTarget=-14.95
[PHYSICS] pitch=0.00 deg, altFt=-0.00 ft, dt=0.0202 s, rollCorr=-0.243 pitchCorr=0.047 m1=1.00 m2=1.00 m3=0.51 m4=1.00
[PHYSICS] pitch=0.00 deg, altFt=-0.00 ft, dt=0.0098 s, rollCorr=-0.243 pitchCorr=0.047 m1=1.00 m2=1.00 m3=0.51 m4=1.00
[PHYSICS] pitch=0.00 deg, altFt=-0.00 ft, dt=0.0100 s, rollCorr=-0.243 pitchCorr=0.047 m1=1.00 m2=1.00 m3=0.51 m4=1.00
[PHYSICS] pitch=0.00 deg, altFt=-0.00 ft, dt=0.0100 s, rollCorr=-0.243 pitchCorr=0.047 m1=1.00 m2=1.00 m3=0.51 m4=1.00
[PHYSICS] pitch=0.00 deg, altFt=-0.00 ft, dt=0.0202 s, rollCorr=-0.243 pitchCorr=0.047 m1=1.00 m2=1.00 m3=0.51 m4=1.00
[PHYSICS] pitch=0.00 deg, altFt=-0.00 ft, dt=0.0098 s, rollCorr=-0.244 pitchCorr=0.047 m1=1.00 m2=1.00 m3=0.51 m4=1.00
[PHYSICS] pitch=0.00 deg, altFt=-0.00 ft, dt=0.0100 s, rollCorr=-0.244 pitchCorr=0.047 m1=1.00 m2=1.00 m3=0.51 m4=1.00
[PHYSICS] pitch=0.00 deg, altFt=-0.00 ft, dt=0.0100 s, rollCorr=-0.244 pitchCorr=0.047 m1=1.00 m2=1.00 m3=0.51 m4=1.00
[NAV] WP=2 dist=29.9m bearing=270.0° → pitchTarget=0.00° rollTarget=-14.95
[PHYSICS] pitch=0.00 deg, altFt=-0.00 ft, dt=0.0202 s, rollCorr=-0.244 pitchCorr=0.047 m1=1.00 m2=1.00 m3=0.51 m4=1.00
[PHYSICS] pitch=0.00 deg, altFt=-0.00 ft, dt=0.0098 s, rollCorr=-0.244 pitchCorr=0.047 m1=1.00 m2=1.00 m3=0.51 m4=1.00
[PHYSICS] pitch=0.00 deg, altFt=-0.00 ft, dt=0.0100 s, rollCorr=-0.245 pitchCorr=0.047 m1=1.00 m2=1.00 m3=0.51 m4=1.00
[PHYSICS] pitch=0.00 deg, altFt=-0.00 ft, dt=0.0100 s, rollCorr=-0.245 pitchCorr=0.047 m1=1.00 m2=1.00 m3=0.51 m4=1.00
[PHYSICS] pitch=0.00 deg, altFt=-0.00 ft, dt=0.0202 s, rollCorr=-0.245 pitchCorr=0.047 m1=1.00 m2=1.00 m3=0.51 m4=1.00
[PHYSICS] pitch=0.00 deg, altFt=-0.00 ft, dt=0.0098 s, rollCorr=-0.245 pitchCorr=0.047 m1=1.00 m2=1.00 m3=0.51 m4=1.00
[PHYSICS] pitch=0.00 deg, altFt=-0.00 ft, dt=0.0100 s, rollCorr=-0.245 pitchCorr=0.047 m1=1.00 m2=1.00 m3=0.51 m4=1.00
[PHYSICS] pitch=0.00 deg, altFt=-0.00 ft, dt=0.0100 s, rollCorr=-0.245 pitchCorr=0.047 m1=1.00 m2=1.00 m3=0.51 m4=1.00
[NAV] WP=2 dist=29.9m bearing=270.0° → pitchTarget=0.00° rollTarget=-14.95
[PHYSICS] pitch=0.00 deg, altFt=-0.00 ft, dt=0.0202 s, rollCorr=-0.246 pitchCorr=0.047 m1=1.00 m2=1.00 m3=0.51 m4=1.00
[PHYSICS] pitch=0.00 deg, altFt=-0.00 ft, dt=0.0098 s, rollCorr=-0.246 pitchCorr=0.047 m1=1.00 m2=1.00 m3=0.51 m4=1.00
[PHYSICS] pitch=0.00 deg, altFt=-0.00 ft, dt=0.0100 s, rollCorr=-0.246 pitchCorr=0.047 m1=1.00 m2=1.00 m3=0.51 m4=1.00
[PHYSICS] pitch=0.00 deg, altFt=-0.00 ft, dt=0.0100 s, rollCorr=-0.246 pitchCorr=0.047 m1=1.00 m2=1.00 m3=0.51 m4=1.00
[PHYSICS] pitch=0.00 deg, altFt=-0.00 ft, dt=0.0202 s, rollCorr=-0.246 pitchCorr=0.047 m1=1.00 m2=1.00 m3=0.51 m4=1.00
[PHYSICS] pitch=0.00 deg, altFt=-0.00 ft, dt=0.0098 s, rollCorr=-0.247 pitchCorr=0.047 m1=1.00 m2=1.00 m3=0.51 m4=1.00
[PHYSICS] pitch=0.00 deg, altFt=-0.00 ft, dt=0.0100 s, rollCorr=-0.247 pitchCorr=0.047 m1=1.00 m2=1.00 m3=0.51 m4=1.00
[PHYSICS] pitch=0.00 deg, altFt=-0.00 ft, dt=0.0100 s, rollCorr=-0.247 pitchCorr=0.047 m1=1.00 m2=1.00 m3=0.51 m4=1.00
[NAV] WP=2 dist=29.9m bearing=270.0° → pitchTarget=0.00° rollTarget=-14.95
[PHYSICS] pitch=0.00 deg, altFt=-0.00 ft, dt=0.0202 s, rollCorr=-0.247 pitchCorr=0.047 m1=1.00 m2=1.00 m3=0.51 m4=1.00
[PHYSICS] pitch=0.00 deg, altFt=-0.00 ft, dt=0.0098 s, rollCorr=-0.247 pitchCorr=0.047 m1=1.00 m2=1.00 m3=0.51 m4=1.00
[PHYSICS] pitch=0.00 deg, altFt=-0.00 ft, dt=0.0100 s, rollCorr=-0.248 pitchCorr=0.047 m1=1.00 m2=1.00 m3=0.51 m4=1.00
[PHYSICS] pitch=0.00 deg, altFt=-0.00 ft, dt=0.0100 s, rollCorr=-0.248 pitchCorr=0.047 m1=1.00 m2=1.00 m3=0.51 m4=1.00
[PHYSICS] pitch=0.00 deg, altFt=-0.00 ft, dt=0.0202 s, rollCorr=-0.248 pitchCorr=0.047 m1=1.00 m2=1.00 m3=0.50 m4=1.00
[PHYSICS] pitch=0.00 deg, altFt=-0.00 ft, dt=0.0098 s, rollCorr=-0.248 pitchCorr=0.047 m1=1.00 m2=1.00 m3=0.50 m4=1.00
[PHYSICS] pitch=0.00 deg, altFt=-0.00 ft, dt=0.0100 s, rollCorr=-0.248 pitchCorr=0.047 m1=1.00 m2=1.00 m3=0.50 m4=1.00
[PHYSICS] pitch=0.00 deg, altFt=-0.00 ft, dt=0.0100 s, rollCorr=-0.248 pitchCorr=0.047 m1=1.00 m2=1.00 m3=0.50 m4=1.00
[NAV] WP=2 dist=29.9m bearing=270.0° → pitchTarget=0.00° rollTarget=-14.95
[PHYSICS] pitch=0.00 deg, altFt=-0.00 ft, dt=0.0202 s, rollCorr=-0.249 pitchCorr=0.047 m1=1.00 m2=1.00 m3=0.50 m4=1.00
[PHYSICS] pitch=0.00 deg, altFt=-0.00 ft, dt=0.0098 s, rollCorr=-0.249 pitchCorr=0.047 m1=1.00 m2=1.00 m3=0.50 m4=1.00
[PHYSICS] pitch=0.00 deg, altFt=-0.00 ft, dt=0.0100 s, rollCorr=-0.249 pitchCorr=0.047 m1=1.00 m2=1.00 m3=0.50 m4=1.00
[PHYSICS] pitch=0.00 deg, altFt=-0.00 ft, dt=0.0100 s, rollCorr=-0.249 pitchCorr=0.047 m1=1.00 m2=1.00 m3=0.50 m4=1.00
[PHYSICS] pitch=0.00 deg, altFt=-0.00 ft, dt=0.0202 s, rollCorr=-0.249 pitchCorr=0.047 m1=1.00 m2=1.00 m3=0.50 m4=1.00
[PHYSICS] pitch=0.00 deg, altFt=-0.00 ft, dt=0.0098 s, rollCorr=-0.250 pitchCorr=0.047 m1=1.00 m2=1.00 m3=0.50 m4=1.00
[PHYSICS] pitch=0.00 deg, altFt=-0.00 ft, dt=0.0100 s, rollCorr=-0.250 pitchCorr=0.047 m1=1.00 m2=1.00 m3=0.50 m4=1.00
[PHYSICS] pitch=0.00 deg, altFt=-0.00 ft, dt=0.0100 s, rollCorr=-0.250 pitchCorr=0.047 m1=1.00 m2=1.00 m3=0.50 m4=1.00
[NAV] WP=2 dist=29.9m bearing=270.0° → pitchTarget=0.00° rollTarget=-14.95
[PHYSICS] pitch=0.00 deg, altFt=-0.00 ft, dt=0.0202 s, rollCorr=-0.250 pitchCorr=0.047 m1=1.00 m2=1.00 m3=0.50 m4=1.00
[PHYSICS] pitch=0.00 deg, altFt=-0.00 ft, dt=0.0098 s, rollCorr=-0.250 pitchCorr=0.047 m1=1.00 m2=1.00 m3=0.50 m4=1.00
[PHYSICS] pitch=0.00 deg, altFt=-0.00 ft, dt=0.0100 s, rollCorr=-0.250 pitchCorr=0.047 m1=1.00 m2=1.00 m3=0.50 m4=1.00
[PHYSICS] pitch=0.00 deg, altFt=-0.00 ft, dt=0.0100 s, rollCorr=-0.251 pitchCorr=0.047 m1=1.00 m2=1.00 m3=0.50 m4=1.00
[PHYSICS] pitch=0.00 deg, altFt=-0.00 ft, dt=0.0202 s, rollCorr=-0.251 pitchCorr=0.047 m1=1.00 m2=1.00 m3=0.50 m4=1.00
[PHYSICS] pitch=0.00 deg, altFt=-0.00 ft, dt=0.0098 s, rollCorr=-0.251 pitchCorr=0.047 m1=1.00 m2=1.00 m3=0.50 m4=1.00
[PHYSICS] pitch=0.00 deg, altFt=-0.00 ft, dt=0.0100 s, rollCorr=-0.251 pitchCorr=0.047 m1=1.00 m2=1.00 m3=0.50 m4=1.00
[PHYSICS] pitch=0.00 deg, altFt=-0.00 ft, dt=0.0100 s, rollCorr=-0.251 pitchCorr=0.047 m1=1.00 m2=1.00 m3=0.50 m4=1.00
[NAV] WP=2 dist=29.9m bearing=270.0° → pitchTarget=0.00° rollTarget=-14.95
[PHYSICS] pitch=0.00 deg, altFt=-0.00 ft, dt=0.0202 s, rollCorr=-0.252 pitchCorr=0.047 m1=1.00 m2=1.00 m3=0.50 m4=1.00
[PHYSICS] pitch=0.00 deg, altFt=-0.00 ft, dt=0.0098 s, rollCorr=-0.252 pitchCorr=0.047 m1=1.00 m2=1.00 m3=0.50 m4=1.00
[PHYSICS] pitch=0.00 deg, altFt=-0.00 ft, dt=0.0100 s, rollCorr=-0.252 pitchCorr=0.047 m1=1.00 m2=1.00 m3=0.50 m4=1.00
[PHYSICS] pitch=0.00 deg, altFt=-0.00 ft, dt=0.0100 s, rollCorr=-0.252 pitchCorr=0.047 m1=1.00 m2=1.00 m3=0.50 m4=1.00
[PHYSICS] pitch=0.00 deg, altFt=-0.00 ft, dt=0.0202 s, rollCorr=-0.252 pitchCorr=0.047 m1=0.99 m2=1.00 m3=0.50 m4=1.00
[PHYSICS] pitch=0.00 deg, altFt=-0.00 ft, dt=0.0098 s, rollCorr=-0.253 pitchCorr=0.047 m1=0.99 m2=1.00 m3=0.50 m4=1.00
[PHYSICS] pitch=0.00 deg, altFt=-0.00 ft, dt=0.0100 s, rollCorr=-0.253 pitchCorr=0.047 m1=0.99 m2=1.00 m3=0.50 m4=1.00
[PHYSICS] pitch=0.00 deg, altFt=-0.00 ft, dt=0.0100 s, rollCorr=-0.253 pitchCorr=0.047 m1=0.99 m2=1.00 m3=0.50 m4=1.00
[NAV] WP=2 dist=29.9m bearing=270.0° → pitchTarget=0.00° rollTarget=-14.95
[PHYSICS] pitch=0.00 deg, altFt=-0.00 ft, dt=0.0202 s, rollCorr=-0.253 pitchCorr=0.047 m1=0.99 m2=1.00 m3=0.50 m4=1.00
[PHYSICS] pitch=0.00 deg, altFt=-0.00 ft, dt=0.0098 s, rollCorr=-0.253 pitchCorr=0.047 m1=0.99 m2=1.00 m3=0.50 m4=1.00
[PHYSICS] pitch=0.00 deg, altFt=-0.00 ft, dt=0.0100 s, rollCorr=-0.253 pitchCorr=0.047 m1=0.99 m2=1.00 m3=0.50 m4=1.00
[PHYSICS] pitch=0.00 deg, altFt=-0.00 ft, dt=0.0100 s, rollCorr=-0.254 pitchCorr=0.047 m1=0.99 m2=1.00 m3=0.50 m4=1.00
[PHYSICS] pitch=0.00 deg, altFt=-0.00 ft, dt=0.0202 s, rollCorr=-0.254 pitchCorr=0.047 m1=0.99 m2=1.00 m3=0.50 m4=1.00
[PHYSICS] pitch=0.00 deg, altFt=-0.00 ft, dt=0.0098 s, rollCorr=-0.254 pitchCorr=0.047 m1=0.99 m2=1.00 m3=0.50 m4=1.00
[PHYSICS] pitch=0.00 deg, altFt=-0.00 ft, dt=0.0100 s, rollCorr=-0.254 pitchCorr=0.047 m1=0.99 m2=1.00 m3=0.50 m4=1.00
[PHYSICS] pitch=0.00 deg, altFt=-0.00 ft, dt=0.0100 s, rollCorr=-0.254 pitchCorr=0.047 m1=0.99 m2=1.00 m3=0.50 m4=1.00
[NAV] WP=2 dist=29.9m bearing=270.0° → pitchTarget=0.00° rollTarget=-14.95
[PHYSICS] pitch=0.00 deg, altFt=-0.00 ft, dt=0.0202 s, rollCorr=-0.255 pitchCorr=0.047 m1=0.99 m2=1.00 m3=0.50 m4=1.00
[PHYSICS] pitch=0.00 deg, altFt=-0.00 ft, dt=0.0098 s, rollCorr=-0.255 pitchCorr=0.047 m1=0.99 m2=1.00 m3=0.50 m4=1.00
[PHYSICS] pitch=0.00 deg, altFt=-0.00 ft, dt=0.0100 s, rollCorr=-0.255 pitchCorr=0.047 m1=0.99 m2=1.00 m3=0.50 m4=1.00
[PHYSICS] pitch=0.00 deg, altFt=-0.00 ft, dt=0.0100 s, rollCorr=-0.255 pitchCorr=0.047 m1=0.99 m2=1.00 m3=0.50 m4=1.00
[PHYSICS] pitch=0.00 deg, altFt=-0.00 ft, dt=0.0202 s, rollCorr=-0.255 pitchCorr=0.047 m1=0.99 m2=1.00 m3=0.50 m4=1.00
[PHYSICS] pitch=0.00 deg, altFt=-0.00 ft, dt=0.0098 s, rollCorr=-0.256 pitchCorr=0.047 m1=0.99 m2=1.00 m3=0.50 m4=1.00
[PHYSICS] pitch=0.00 deg, altFt=-0.00 ft, dt=0.0100 s, rollCorr=-0.256 pitchCorr=0.047 m1=0.99 m2=1.00 m3=0.50 m4=1.00
[PHYSICS] pitch=0.00 deg, altFt=-0.00 ft, dt=0.0100 s, rollCorr=-0.256 pitchCorr=0.047 m1=0.99 m2=1.00 m3=0.50 m4=1.00
[NAV] WP=2 dist=29.9m bearing=270.0° → pitchTarget=0.00° rollTarget=-14.95
[PHYSICS] pitch=0.00 deg, altFt=-0.00 ft, dt=0.0202 s, rollCorr=-0.256 pitchCorr=0.047 m1=0.99 m2=1.00 m3=0.50 m4=1.00
[PHYSICS] pitch=0.00 deg, altFt=-0.00 ft, dt=0.0098 s, rollCorr=-0.256 pitchCorr=0.047 m1=0.99 m2=1.00 m3=0.50 m4=1.00
[PHYSICS] pitch=0.00 deg, altFt=-0.00 ft, dt=0.0100 s, rollCorr=-0.256 pitchCorr=0.047 m1=0.99 m2=1.00 m3=0.50 m4=1.00
[PHYSICS] pitch=0.00 deg, altFt=-0.00 ft, dt=0.0100 s, rollCorr=-0.257 pitchCorr=0.047 m1=0.99 m2=1.00 m3=0.50 m4=1.00
[PHYSICS] pitch=0.00 deg, altFt=-0.00 ft, dt=0.0202 s, rollCorr=-0.257 pitchCorr=0.047 m1=0.99 m2=1.00 m3=0.50 m4=1.00
[PHYSICS] pitch=0.00 deg, altFt=-0.00 ft, dt=0.0098 s, rollCorr=-0.257 pitchCorr=0.047 m1=0.99 m2=1.00 m3=0.50 m4=1.00
[PHYSICS] pitch=0.00 deg, altFt=-0.00 ft, dt=0.0100 s, rollCorr=-0.257 pitchCorr=0.047 m1=0.99 m2=1.00 m3=0.50 m4=1.00
[PHYSICS] pitch=0.00 deg, altFt=-0.00 ft, dt=0.0100 s, rollCorr=-0.257 pitchCorr=0.047 m1=0.99 m2=1.00 m3=0.50 m4=1.00
[NAV] WP=2 dist=29.9m bearing=270.0° → pitchTarget=0.00° rollTarget=-14.95
[PHYSICS] pitch=0.00 deg, altFt=-0.00 ft, dt=0.0202 s, rollCorr=-0.258 pitchCorr=0.047 m1=0.99 m2=1.00 m3=0.50 m4=1.00
[PHYSICS] pitch=0.00 deg, altFt=-0.00 ft, dt=0.0098 s, rollCorr=-0.258 pitchCorr=0.047 m1=0.99 m2=1.00 m3=0.50 m4=1.00
[PHYSICS] pitch=0.00 deg, altFt=-0.00 ft, dt=0.0100 s, rollCorr=-0.258 pitchCorr=0.047 m1=0.99 m2=1.00 m3=0.49 m4=1.00
[PHYSICS] pitch=0.00 deg, altFt=-0.00 ft, dt=0.0100 s, rollCorr=-0.258 pitchCorr=0.047 m1=0.99 m2=1.00 m3=0.49 m4=1.00
[PHYSICS] pitch=0.00 deg, altFt=-0.00 ft, dt=0.0202 s, rollCorr=-0.258 pitchCorr=0.047 m1=0.99 m2=1.00 m3=0.49 m4=1.00
[PHYSICS] pitch=0.00 deg, altFt=-0.00 ft, dt=0.0098 s, rollCorr=-0.259 pitchCorr=0.047 m1=0.99 m2=1.00 m3=0.49 m4=1.00
[PHYSICS] pitch=0.00 deg, altFt=-0.00 ft, dt=0.0100 s, rollCorr=-0.259 pitchCorr=0.047 m1=0.99 m2=1.00 m3=0.49 m4=1.00
[PHYSICS] pitch=0.00 deg, altFt=-0.00 ft, dt=0.0100 s, rollCorr=-0.259 pitchCorr=0.047 m1=0.99 m2=1.00 m3=0.49 m4=1.00
[NAV] WP=2 dist=29.9m bearing=270.0° → pitchTarget=0.00° rollTarget=-14.95
[PHYSICS] pitch=0.00 deg, altFt=-0.00 ft, dt=0.0202 s, rollCorr=-0.259 pitchCorr=0.047 m1=0.99 m2=1.00 m3=0.49 m4=1.00
[PHYSICS] pitch=0.00 deg, altFt=-0.00 ft, dt=0.0098 s, rollCorr=-0.259 pitchCorr=0.047 m1=0.99 m2=1.00 m3=0.49 m4=1.00
[PHYSICS] pitch=0.00 deg, altFt=-0.00 ft, dt=0.0100 s, rollCorr=-0.259 pitchCorr=0.047 m1=0.99 m2=1.00 m3=0.49 m4=1.00
[PHYSICS] pitch=0.00 deg, altFt=-0.00 ft, dt=0.0100 s, rollCorr=-0.260 pitchCorr=0.047 m1=0.99 m2=1.00 m3=0.49 m4=1.00
[PHYSICS] pitch=0.00 deg, altFt=-0.00 ft, dt=0.0202 s, rollCorr=-0.260 pitchCorr=0.047 m1=0.99 m2=1.00 m3=0.49 m4=1.00
[PHYSICS] pitch=0.00 deg, altFt=-0.00 ft, dt=0.0098 s, rollCorr=-0.260 pitchCorr=0.047 m1=0.99 m2=1.00 m3=0.49 m4=1.00
[PHYSICS] pitch=0.00 deg, altFt=-0.00 ft, dt=0.0100 s, rollCorr=-0.260 pitchCorr=0.047 m1=0.99 m2=1.00 m3=0.49 m4=1.00
[PHYSICS] pitch=0.00 deg, altFt=-0.00 ft, dt=0.0100 s, rollCorr=-0.260 pitchCorr=0.047 m1=0.99 m2=1.00 m3=0.49 m4=1.00
[NAV] WP=2 dist=29.9m bearing=270.0° → pitchTarget=0.00° rollTarget=-14.95
[PHYSICS] pitch=0.00 deg, altFt=-0.00 ft, dt=0.0202 s, rollCorr=-0.261 pitchCorr=0.047 m1=0.99 m2=1.00 m3=0.49 m4=1.00
[PHYSICS] pitch=0.00 deg, altFt=-0.00 ft, dt=0.0098 s, rollCorr=-0.261 pitchCorr=0.047 m1=0.99 m2=1.00 m3=0.49 m4=1.00
[PHYSICS] pitch=0.00 deg, altFt=-0.00 ft, dt=0.0100 s, rollCorr=-0.261 pitchCorr=0.047 m1=0.99 m2=1.00 m3=0.49 m4=1.00
[PHYSICS] pitch=0.00 deg, altFt=-0.00 ft, dt=0.0100 s, rollCorr=-0.261 pitchCorr=0.047 m1=0.99 m2=1.00 m3=0.49 m4=1.00
[PHYSICS] pitch=0.00 deg, altFt=-0.00 ft, dt=0.0202 s, rollCorr=-0.261 pitchCorr=0.047 m1=0.99 m2=1.00 m3=0.49 m4=1.00
[PHYSICS] pitch=0.00 deg, altFt=-0.00 ft, dt=0.0098 s, rollCorr=-0.262 pitchCorr=0.047 m1=0.99 m2=1.00 m3=0.49 m4=1.00
[PHYSICS] pitch=0.00 deg, altFt=-0.00 ft, dt=0.0100 s, rollCorr=-0.262 pitchCorr=0.047 m1=0.99 m2=1.00 m3=0.49 m4=1.00
[PHYSICS] pitch=0.00 deg, altFt=-0.00 ft, dt=0.0100 s, rollCorr=-0.262 pitchCorr=0.047 m1=0.99 m2=1.00 m3=0.49 m4=1.00
[NAV] WP=2 dist=29.9m bearing=270.0° → pitchTarget=0.00° rollTarget=-14.95
[PHYSICS] pitch=0.00 deg, altFt=-0.00 ft, dt=0.0202 s, rollCorr=-0.262 pitchCorr=0.047 m1=0.98 m2=1.00 m3=0.49 m4=1.00
[PHYSICS] pitch=0.00 deg, altFt=-0.00 ft, dt=0.0098 s, rollCorr=-0.262 pitchCorr=0.047 m1=0.98 m2=1.00 m3=0.49 m4=1.00
[PHYSICS] pitch=0.00 deg, altFt=-0.00 ft, dt=0.0100 s, rollCorr=-0.262 pitchCorr=0.047 m1=0.98 m2=1.00 m3=0.49 m4=1.00
[PHYSICS] pitch=0.00 deg, altFt=-0.00 ft, dt=0.0100 s, rollCorr=-0.263 pitchCorr=0.047 m1=0.98 m2=1.00 m3=0.49 m4=1.00
[PHYSICS] pitch=0.00 deg, altFt=-0.00 ft, dt=0.0202 s, rollCorr=-0.263 pitchCorr=0.047 m1=0.98 m2=1.00 m3=0.49 m4=1.00
[PHYSICS] pitch=0.00 deg, altFt=-0.00 ft, dt=0.0098 s, rollCorr=-0.263 pitchCorr=0.047 m1=0.98 m2=1.00 m3=0.49 m4=1.00
[PHYSICS] pitch=0.00 deg, altFt=-0.00 ft, dt=0.0100 s, rollCorr=-0.263 pitchCorr=0.047 m1=0.98 m2=1.00 m3=0.49 m4=1.00
[PHYSICS] pitch=0.00 deg, altFt=-0.00 ft, dt=0.0100 s, rollCorr=-0.263 pitchCorr=0.047 m1=0.98 m2=1.00 m3=0.49 m4=1.00
[NAV] WP=2 dist=29.9m bearing=270.0° → pitchTarget=0.00° rollTarget=-14.95
[PHYSICS] pitch=0.00 deg, altFt=-0.00 ft, dt=0.0202 s, rollCorr=-0.264 pitchCorr=0.047 m1=0.98 m2=1.00 m3=0.49 m4=1.00
[PHYSICS] pitch=0.00 deg, altFt=-0.00 ft, dt=0.0098 s, rollCorr=-0.264 pitchCorr=0.047 m1=0.98 m2=1.00 m3=0.49 m4=1.00
[PHYSICS] pitch=0.00 deg, altFt=-0.00 ft, dt=0.0100 s, rollCorr=-0.264 pitchCorr=0.047 m1=0.98 m2=1.00 m3=0.49 m4=1.00
[PHYSICS] pitch=0.00 deg, altFt=-0.00 ft, dt=0.0100 s, rollCorr=-0.264 pitchCorr=0.047 m1=0.98 m2=1.00 m3=0.49 m4=1.00
[PHYSICS] pitch=0.00 deg, altFt=-0.00 ft, dt=0.0202 s, rollCorr=-0.264 pitchCorr=0.047 m1=0.98 m2=1.00 m3=0.49 m4=1.00
[PHYSICS] pitch=0.00 deg, altFt=-0.00 ft, dt=0.0098 s, rollCorr=-0.265 pitchCorr=0.047 m1=0.98 m2=1.00 m3=0.49 m4=1.00
[PHYSICS] pitch=0.00 deg, altFt=-0.00 ft, dt=0.0100 s, rollCorr=-0.265 pitchCorr=0.047 m1=0.98 m2=1.00 m3=0.49 m4=1.00
[PHYSICS] pitch=0.00 deg, altFt=-0.00 ft, dt=0.0100 s, rollCorr=-0.265 pitchCorr=0.047 m1=0.98 m2=1.00 m3=0.49 m4=1.00
[NAV] WP=2 dist=29.9m bearing=270.0° → pitchTarget=0.00° rollTarget=-14.95
[PHYSICS] pitch=0.00 deg, altFt=-0.00 ft, dt=0.0202 s, rollCorr=-0.265 pitchCorr=0.047 m1=0.98 m2=1.00 m3=0.49 m4=1.00
[PHYSICS] pitch=0.00 deg, altFt=-0.00 ft, dt=0.0098 s, rollCorr=-0.265 pitchCorr=0.047 m1=0.98 m2=1.00 m3=0.49 m4=1.00
[PHYSICS] pitch=0.00 deg, altFt=-0.00 ft, dt=0.0100 s, rollCorr=-0.265 pitchCorr=0.047 m1=0.98 m2=1.00 m3=0.49 m4=1.00
[PHYSICS] pitch=0.00 deg, altFt=-0.00 ft, dt=0.0100 s, rollCorr=-0.266 pitchCorr=0.047 m1=0.98 m2=1.00 m3=0.49 m4=1.00
[PHYSICS] pitch=0.00 deg, altFt=-0.00 ft, dt=0.0202 s, rollCorr=-0.266 pitchCorr=0.047 m1=0.98 m2=1.00 m3=0.49 m4=1.00
[PHYSICS] pitch=0.00 deg, altFt=-0.00 ft, dt=0.0098 s, rollCorr=-0.266 pitchCorr=0.047 m1=0.98 m2=1.00 m3=0.49 m4=1.00
[PHYSICS] pitch=0.00 deg, altFt=-0.00 ft, dt=0.0100 s, rollCorr=-0.266 pitchCorr=0.047 m1=0.98 m2=1.00 m3=0.49 m4=1.00
[PHYSICS] pitch=0.00 deg, altFt=-0.00 ft, dt=0.0100 s, rollCorr=-0.266 pitchCorr=0.047 m1=0.98 m2=1.00 m3=0.49 m4=1.00
[NAV] WP=2 dist=29.9m bearing=270.0° → pitchTarget=0.00° rollTarget=-14.95
[PHYSICS] pitch=0.00 deg, altFt=-0.00 ft, dt=0.0202 s, rollCorr=-0.267 pitchCorr=0.047 m1=0.98 m2=1.00 m3=0.49 m4=1.00
[PHYSICS] pitch=0.00 deg, altFt=-0.00 ft, dt=0.0098 s, rollCorr=-0.267 pitchCorr=0.047 m1=0.98 m2=1.00 m3=0.49 m4=1.00
[PHYSICS] pitch=0.00 deg, altFt=-0.00 ft, dt=0.0100 s, rollCorr=-0.267 pitchCorr=0.047 m1=0.98 m2=1.00 m3=0.49 m4=1.00
[PHYSICS] pitch=0.00 deg, altFt=-0.00 ft, dt=0.0100 s, rollCorr=-0.267 pitchCorr=0.047 m1=0.98 m2=1.00 m3=0.49 m4=1.00
[PHYSICS] pitch=0.00 deg, altFt=-0.00 ft, dt=0.0202 s, rollCorr=-0.267 pitchCorr=0.047 m1=0.98 m2=1.00 m3=0.49 m4=1.00
[PHYSICS] pitch=0.00 deg, altFt=-0.00 ft, dt=0.0098 s, rollCorr=-0.268 pitchCorr=0.047 m1=0.98 m2=1.00 m3=0.49 m4=1.00
[PHYSICS] pitch=0.00 deg, altFt=-0.00 ft, dt=0.0100 s, rollCorr=-0.268 pitchCorr=0.047 m1=0.98 m2=1.00 m3=0.49 m4=1.00
[PHYSICS] pitch=0.00 deg, altFt=-0.00 ft, dt=0.0100 s, rollCorr=-0.268 pitchCorr=0.047 m1=0.98 m2=1.00 m3=0.49 m4=1.00
[NAV] WP=2 dist=29.9m bearing=270.0° → pitchTarget=0.00° rollTarget=-14.95
[PHYSICS] pitch=0.00 deg, altFt=-0.00 ft, dt=0.0202 s, rollCorr=-0.268 pitchCorr=0.047 m1=0.98 m2=1.00 m3=0.48 m4=1.00
[PHYSICS] pitch=0.00 deg, altFt=-0.00 ft, dt=0.0098 s, rollCorr=-0.268 pitchCorr=0.047 m1=0.98 m2=1.00 m3=0.48 m4=1.00
[PHYSICS] pitch=0.00 deg, altFt=-0.00 ft, dt=0.0100 s, rollCorr=-0.268 pitchCorr=0.047 m1=0.98 m2=1.00 m3=0.48 m4=1.00
[PHYSICS] pitch=0.00 deg, altFt=-0.00 ft, dt=0.0100 s, rollCorr=-0.269 pitchCorr=0.047 m1=0.98 m2=1.00 m3=0.48 m4=1.00
[PHYSICS] pitch=0.00 deg, altFt=-0.00 ft, dt=0.0202 s, rollCorr=-0.269 pitchCorr=0.047 m1=0.98 m2=1.00 m3=0.48 m4=1.00
[PHYSICS] pitch=0.00 deg, altFt=-0.00 ft, dt=0.0098 s, rollCorr=-0.269 pitchCorr=0.047 m1=0.98 m2=1.00 m3=0.48 m4=1.00
[PHYSICS] pitch=0.00 deg, altFt=-0.00 ft, dt=0.0100 s, rollCorr=-0.269 pitchCorr=0.047 m1=0.98 m2=1.00 m3=0.48 m4=1.00
[PHYSICS] pitch=0.00 deg, altFt=-0.00 ft, dt=0.0100 s, rollCorr=-0.269 pitchCorr=0.047 m1=0.98 m2=1.00 m3=0.48 m4=1.00
[NAV] WP=2 dist=29.9m bearing=270.0° → pitchTarget=0.00° rollTarget=-14.95
[PHYSICS] pitch=0.00 deg, altFt=-0.00 ft, dt=0.0202 s, rollCorr=-0.270 pitchCorr=0.047 m1=0.98 m2=1.00 m3=0.48 m4=1.00
[PHYSICS] pitch=0.00 deg, altFt=-0.00 ft, dt=0.0098 s, rollCorr=-0.270 pitchCorr=0.047 m1=0.98 m2=1.00 m3=0.48 m4=1.00
[PHYSICS] pitch=0.00 deg, altFt=-0.00 ft, dt=0.0100 s, rollCorr=-0.270 pitchCorr=0.047 m1=0.98 m2=1.00 m3=0.48 m4=1.00
[PHYSICS] pitch=0.00 deg, altFt=-0.00 ft, dt=0.0100 s, rollCorr=-0.270 pitchCorr=0.047 m1=0.98 m2=1.00 m3=0.48 m4=1.00
[PHYSICS] pitch=0.00 deg, altFt=-0.00 ft, dt=0.0202 s, rollCorr=-0.270 pitchCorr=0.047 m1=0.98 m2=1.00 m3=0.48 m4=1.00
[PHYSICS] pitch=0.00 deg, altFt=-0.00 ft, dt=0.0098 s, rollCorr=-0.271 pitchCorr=0.047 m1=0.98 m2=1.00 m3=0.48 m4=1.00
[PHYSICS] pitch=0.00 deg, altFt=-0.00 ft, dt=0.0100 s, rollCorr=-0.271 pitchCorr=0.047 m1=0.98 m2=1.00 m3=0.48 m4=1.00
[PHYSICS] pitch=0.00 deg, altFt=-0.00 ft, dt=0.0100 s, rollCorr=-0.271 pitchCorr=0.047 m1=0.98 m2=1.00 m3=0.48 m4=1.00
[NAV] WP=2 dist=29.9m bearing=270.0° → pitchTarget=0.00° rollTarget=-14.95
[PHYSICS] pitch=0.00 deg, altFt=-0.00 ft, dt=0.0202 s, rollCorr=-0.271 pitchCorr=0.047 m1=0.98 m2=1.00 m3=0.48 m4=1.00
[PHYSICS] pitch=0.00 deg, altFt=-0.00 ft, dt=0.0098 s, rollCorr=-0.271 pitchCorr=0.047 m1=0.98 m2=1.00 m3=0.48 m4=1.00
[PHYSICS] pitch=0.00 deg, altFt=-0.00 ft, dt=0.0100 s, rollCorr=-0.271 pitchCorr=0.047 m1=0.98 m2=1.00 m3=0.48 m4=1.00
[PHYSICS] pitch=0.00 deg, altFt=-0.00 ft, dt=0.0100 s, rollCorr=-0.272 pitchCorr=0.047 m1=0.98 m2=1.00 m3=0.48 m4=1.00
[PHYSICS] pitch=0.00 deg, altFt=-0.00 ft, dt=0.0202 s, rollCorr=-0.272 pitchCorr=0.047 m1=0.98 m2=1.00 m3=0.48 m4=1.00
[PHYSICS] pitch=0.00 deg, altFt=-0.00 ft, dt=0.0098 s, rollCorr=-0.272 pitchCorr=0.047 m1=0.98 m2=1.00 m3=0.48 m4=1.00
[PHYSICS] pitch=0.00 deg, altFt=-0.00 ft, dt=0.0100 s, rollCorr=-0.272 pitchCorr=0.047 m1=0.97 m2=1.00 m3=0.48 m4=1.00
[PHYSICS] pitch=0.00 deg, altFt=-0.00 ft, dt=0.0100 s, rollCorr=-0.272 pitchCorr=0.047 m1=0.97 m2=1.00 m3=0.48 m4=1.00
[NAV] WP=2 dist=29.9m bearing=270.0° → pitchTarget=0.00° rollTarget=-14.95
[PHYSICS] pitch=0.00 deg, altFt=-0.00 ft, dt=0.0202 s, rollCorr=-0.273 pitchCorr=0.047 m1=0.97 m2=1.00 m3=0.48 m4=1.00
[PHYSICS] pitch=0.00 deg, altFt=-0.00 ft, dt=0.0098 s, rollCorr=-0.273 pitchCorr=0.047 m1=0.97 m2=1.00 m3=0.48 m4=1.00
[PHYSICS] pitch=0.00 deg, altFt=-0.00 ft, dt=0.0100 s, rollCorr=-0.273 pitchCorr=0.047 m1=0.97 m2=1.00 m3=0.48 m4=1.00
[PHYSICS] pitch=0.00 deg, altFt=-0.00 ft, dt=0.0100 s, rollCorr=-0.273 pitchCorr=0.047 m1=0.97 m2=1.00 m3=0.48 m4=1.00
[PHYSICS] pitch=0.00 deg, altFt=-0.00 ft, dt=0.0202 s, rollCorr=-0.273 pitchCorr=0.047 m1=0.97 m2=1.00 m3=0.48 m4=1.00
[PHYSICS] pitch=0.00 deg, altFt=-0.00 ft, dt=0.0098 s, rollCorr=-0.274 pitchCorr=0.047 m1=0.97 m2=1.00 m3=0.48 m4=1.00
[PHYSICS] pitch=0.00 deg, altFt=-0.00 ft, dt=0.0100 s, rollCorr=-0.274 pitchCorr=0.047 m1=0.97 m2=1.00 m3=0.48 m4=1.00
[PHYSICS] pitch=0.00 deg, altFt=-0.00 ft, dt=0.0100 s, rollCorr=-0.274 pitchCorr=0.047 m1=0.97 m2=1.00 m3=0.48 m4=1.00
[NAV] WP=2 dist=29.9m bearing=270.0° → pitchTarget=0.00° rollTarget=-14.95
[PHYSICS] pitch=0.00 deg, altFt=-0.00 ft, dt=0.0202 s, rollCorr=-0.274 pitchCorr=0.047 m1=0.97 m2=1.00 m3=0.48 m4=1.00
[PHYSICS] pitch=0.00 deg, altFt=-0.00 ft, dt=0.0098 s, rollCorr=-0.274 pitchCorr=0.047 m1=0.97 m2=1.00 m3=0.48 m4=1.00
[PHYSICS] pitch=0.00 deg, altFt=-0.00 ft, dt=0.0100 s, rollCorr=-0.274 pitchCorr=0.047 m1=0.97 m2=1.00 m3=0.48 m4=1.00
[PHYSICS] pitch=0.00 deg, altFt=-0.00 ft, dt=0.0100 s, rollCorr=-0.275 pitchCorr=0.047 m1=0.97 m2=1.00 m3=0.48 m4=1.00
[PHYSICS] pitch=0.00 deg, altFt=-0.00 ft, dt=0.0202 s, rollCorr=-0.275 pitchCorr=0.047 m1=0.97 m2=1.00 m3=0.48 m4=1.00
[PHYSICS] pitch=0.00 deg, altFt=-0.00 ft, dt=0.0098 s, rollCorr=-0.275 pitchCorr=0.047 m1=0.97 m2=1.00 m3=0.48 m4=1.00
[PHYSICS] pitch=0.00 deg, altFt=-0.00 ft, dt=0.0100 s, rollCorr=-0.275 pitchCorr=0.047 m1=0.97 m2=1.00 m3=0.48 m4=1.00
[PHYSICS] pitch=0.00 deg, altFt=-0.00 ft, dt=0.0100 s, rollCorr=-0.275 pitchCorr=0.047 m1=0.97 m2=1.00 m3=0.48 m4=1.00
[NAV] WP=2 dist=29.9m bearing=270.0° → pitchTarget=0.00° rollTarget=-14.95
[PHYSICS] pitch=0.00 deg, altFt=-0.00 ft, dt=0.0202 s, rollCorr=-0.276 pitchCorr=0.047 m1=0.97 m2=1.00 m3=0.48 m4=1.00
[PHYSICS] pitch=0.00 deg, altFt=-0.00 ft, dt=0.0098 s, rollCorr=-0.276 pitchCorr=0.047 m1=0.97 m2=1.00 m3=0.48 m4=1.00
[PHYSICS] pitch=0.00 deg, altFt=-0.00 ft, dt=0.0100 s, rollCorr=-0.276 pitchCorr=0.047 m1=0.97 m2=1.00 m3=0.48 m4=1.00
[PHYSICS] pitch=0.00 deg, altFt=-0.00 ft, dt=0.0100 s, rollCorr=-0.276 pitchCorr=0.047 m1=0.97 m2=1.00 m3=0.48 m4=1.00
[PHYSICS] pitch=0.00 deg, altFt=-0.00 ft, dt=0.0202 s, rollCorr=-0.276 pitchCorr=0.047 m1=0.97 m2=1.00 m3=0.48 m4=1.00
[PHYSICS] pitch=0.00 deg, altFt=-0.00 ft, dt=0.0098 s, rollCorr=-0.277 pitchCorr=0.047 m1=0.97 m2=1.00 m3=0.48 m4=1.00
[PHYSICS] pitch=0.00 deg, altFt=-0.00 ft, dt=0.0100 s, rollCorr=-0.277 pitchCorr=0.047 m1=0.97 m2=1.00 m3=0.48 m4=1.00
[PHYSICS] pitch=0.00 deg, altFt=-0.00 ft, dt=0.0100 s, rollCorr=-0.277 pitchCorr=0.047 m1=0.97 m2=1.00 m3=0.48 m4=1.00
[NAV] WP=2 dist=29.9m bearing=270.0° → pitchTarget=0.00° rollTarget=-14.95
[PHYSICS] pitch=0.00 deg, altFt=-0.00 ft, dt=0.0202 s, rollCorr=-0.277 pitchCorr=0.047 m1=0.97 m2=1.00 m3=0.48 m4=1.00
[PHYSICS] pitch=0.00 deg, altFt=-0.00 ft, dt=0.0098 s, rollCorr=-0.277 pitchCorr=0.047 m1=0.97 m2=1.00 m3=0.48 m4=1.00
[PHYSICS] pitch=0.00 deg, altFt=-0.00 ft, dt=0.0100 s, rollCorr=-0.277 pitchCorr=0.047 m1=0.97 m2=1.00 m3=0.48 m4=1.00
[PHYSICS] pitch=0.00 deg, altFt=-0.00 ft, dt=0.0100 s, rollCorr=-0.278 pitchCorr=0.047 m1=0.97 m2=1.00 m3=0.48 m4=1.00
[PHYSICS] pitch=0.00 deg, altFt=-0.00 ft, dt=0.0202 s, rollCorr=-0.278 pitchCorr=0.047 m1=0.97 m2=1.00 m3=0.47 m4=1.00
[PHYSICS] pitch=0.00 deg, altFt=-0.00 ft, dt=0.0098 s, rollCorr=-0.278 pitchCorr=0.047 m1=0.97 m2=1.00 m3=0.47 m4=1.00
[PHYSICS] pitch=0.00 deg, altFt=-0.00 ft, dt=0.0100 s, rollCorr=-0.278 pitchCorr=0.047 m1=0.97 m2=1.00 m3=0.47 m4=1.00
[PHYSICS] pitch=0.00 deg, altFt=-0.00 ft, dt=0.0100 s, rollCorr=-0.278 pitchCorr=0.047 m1=0.97 m2=1.00 m3=0.47 m4=1.00
[NAV] WP=2 dist=29.9m bearing=270.0° → pitchTarget=0.00° rollTarget=-14.95
[PHYSICS] pitch=0.00 deg, altFt=-0.00 ft, dt=0.0202 s, rollCorr=-0.279 pitchCorr=0.047 m1=0.97 m2=1.00 m3=0.47 m4=1.00
[PHYSICS] pitch=0.00 deg, altFt=-0.00 ft, dt=0.0098 s, rollCorr=-0.279 pitchCorr=0.047 m1=0.97 m2=1.00 m3=0.47 m4=1.00
[PHYSICS] pitch=0.00 deg, altFt=-0.00 ft, dt=0.0100 s, rollCorr=-0.279 pitchCorr=0.047 m1=0.97 m2=1.00 m3=0.47 m4=1.00
[PHYSICS] pitch=0.00 deg, altFt=-0.00 ft, dt=0.0100 s, rollCorr=-0.279 pitchCorr=0.047 m1=0.97 m2=1.00 m3=0.47 m4=1.00
[PHYSICS] pitch=0.00 deg, altFt=-0.00 ft, dt=0.0202 s, rollCorr=-0.279 pitchCorr=0.047 m1=0.97 m2=1.00 m3=0.47 m4=1.00
[PHYSICS] pitch=0.00 deg, altFt=-0.00 ft, dt=0.0098 s, rollCorr=-0.280 pitchCorr=0.047 m1=0.97 m2=1.00 m3=0.47 m4=1.00
[PHYSICS] pitch=0.00 deg, altFt=-0.00 ft, dt=0.0100 s, rollCorr=-0.280 pitchCorr=0.047 m1=0.97 m2=1.00 m3=0.47 m4=1.00
[PHYSICS] pitch=0.00 deg, altFt=-0.00 ft, dt=0.0100 s, rollCorr=-0.280 pitchCorr=0.047 m1=0.97 m2=1.00 m3=0.47 m4=1.00
[NAV] WP=2 dist=29.9m bearing=270.0° → pitchTarget=0.00° rollTarget=-14.95
[PHYSICS] pitch=0.00 deg, altFt=-0.00 ft, dt=0.0202 s, rollCorr=-0.280 pitchCorr=0.047 m1=0.97 m2=1.00 m3=0.47 m4=1.00
[PHYSICS] pitch=0.00 deg, altFt=-0.00 ft, dt=0.0098 s, rollCorr=-0.280 pitchCorr=0.047 m1=0.97 m2=1.00 m3=0.47 m4=1.00
[PHYSICS] pitch=0.00 deg, altFt=-0.00 ft, dt=0.0100 s, rollCorr=-0.280 pitchCorr=0.047 m1=0.97 m2=1.00 m3=0.47 m4=1.00
[PHYSICS] pitch=0.00 deg, altFt=-0.00 ft, dt=0.0100 s, rollCorr=-0.281 pitchCorr=0.047 m1=0.97 m2=1.00 m3=0.47 m4=1.00
[PHYSICS] pitch=0.00 deg, altFt=-0.00 ft, dt=0.0202 s, rollCorr=-0.281 pitchCorr=0.047 m1=0.97 m2=1.00 m3=0.47 m4=1.00
[PHYSICS] pitch=0.00 deg, altFt=-0.00 ft, dt=0.0098 s, rollCorr=-0.281 pitchCorr=0.047 m1=0.97 m2=1.00 m3=0.47 m4=1.00
[PHYSICS] pitch=0.00 deg, altFt=-0.00 ft, dt=0.0100 s, rollCorr=-0.281 pitchCorr=0.047 m1=0.97 m2=1.00 m3=0.47 m4=1.00
[PHYSICS] pitch=0.00 deg, altFt=-0.00 ft, dt=0.0100 s, rollCorr=-0.281 pitchCorr=0.047 m1=0.97 m2=1.00 m3=0.47 m4=1.00
[NAV] WP=2 dist=29.9m bearing=270.0° → pitchTarget=0.00° rollTarget=-14.95
[PHYSICS] pitch=0.00 deg, altFt=-0.00 ft, dt=0.0202 s, rollCorr=-0.282 pitchCorr=0.047 m1=0.97 m2=1.00 m3=0.47 m4=1.00
[PHYSICS] pitch=0.00 deg, altFt=-0.00 ft, d
[GPS + Compass Injection Test] delay 2000ms
t=0.0098 s, rollCorr=-0.282 pitchCorr=0.047 m1=0.97 m2=1.00 m3=0.47 m4=1.00
[PHYSICS] pitch=0.00 deg, altFt=-0.00 ft, dt=0.0100 s, rollCorr=-0.282 pitchCorr=0.047 m1=0.97 m2=1.00 m3=0.47 m4=1.00
[PHYSICS] pitch=0.00 deg, altFt=-0.00 ft, dt=0.0100 s, rollCorr=-0.282 pitchCorr=0.047 m1=0.97 m2=1.00 m3=0.47 m4=1.00
[PHYSICS] pitch=0.00 deg, altFt=-0.00 ft, dt=0.0202 s, rollCorr=-0.282 pitchCorr=0.047 m1=0.96 m2=1.00 m3=0.47 m4=1.00
[PHYSICS] pitch=0.00 deg, altFt=-0.00 ft, dt=0.0098 s, rollCorr=-0.282 pitchCorr=0.047 m1=0.96 m2=1.00 m3=0.47 m4=1.00
[PHYSICS] pitch=0.00 deg, altFt=-0.00 ft, dt=0.0100 s, rollCorr=-0.283 pitchCorr=0.047 m1=0.96 m2=1.00 m3=0.47 m4=1.00
[PHYSICS] pitch=0.00 deg, altFt=-0.00 ft, dt=0.0100 s, rollCorr=-0.283 pitchCorr=0.047 m1=0.96 m2=1.00 m3=0.47 m4=1.00
[NAV] WP=2 dist=29.9m bearing=270.0° → pitchTarget=0.00° rollTarget=-14.95
[PHYSICS] pitch=0.00 deg, altFt=-0.00 ft, dt=0.0202 s, rollCorr=-0.283 pitchCorr=0.047 m1=0.56 m2=1.00 m3=0.87 m4=1.00
[PHYSICS] pitch=0.00 deg, altFt=-0.00 ft, dt=0.0098 s, rollCorr=-0.283 pitchCorr=0.047 m1=0.91 m2=1.00 m3=0.52 m4=1.00
[PHYSICS] pitch=0.00 deg, altFt=-0.00 ft, dt=0.0100 s, rollCorr=-0.283 pitchCorr=0.047 m1=0.91 m2=1.00 m3=0.52 m4=1.00
[PHYSICS] pitch=0.00 deg, altFt=-0.00 ft, dt=0.0100 s, rollCorr=-0.284 pitchCorr=0.047 m1=0.91 m2=1.00 m3=0.52 m4=1.00
[PHYSICS] pitch=0.00 deg, altFt=-0.00 ft, dt=0.0202 s, rollCorr=-0.284 pitchCorr=0.047 m1=0.91 m2=1.00 m3=0.52 m4=1.00
[PHYSICS] pitch=0.00 deg, altFt=-0.00 ft, dt=0.0098 s, rollCorr=-0.284 pitchCorr=0.047 m1=0.91 m2=1.00 m3=0.52 m4=1.00
[PHYSICS] pitch=0.00 deg, altFt=-0.00 ft, dt=0.0100 s, rollCorr=-0.284 pitchCorr=0.047 m1=0.91 m2=1.00 m3=0.52 m4=1.00
[PHYSICS] pitch=0.00 deg, altFt=-0.00 ft, dt=0.0100 s, rollCorr=-0.284 pitchCorr=0.047 m1=0.91 m2=1.00 m3=0.52 m4=1.00
[NAV] WP=2 dist=29.9m bearing=270.0° → pitchTarget=0.00° rollTarget=-14.95
[PHYSICS] pitch=0.00 deg, altFt=-0.00 ft, dt=0.0202 s, rollCorr=-0.285 pitchCorr=0.047 m1=0.91 m2=1.00 m3=0.52 m4=1.00
[PHYSICS] pitch=0.00 deg, altFt=-0.00 ft, dt=0.0098 s, rollCorr=-0.285 pitchCorr=0.047 m1=0.91 m2=1.00 m3=0.52 m4=1.00
[PHYSICS] pitch=0.00 deg, altFt=-0.00 ft, dt=0.0100 s, rollCorr=-0.285 pitchCorr=0.047 m1=0.91 m2=1.00 m3=0.52 m4=1.00
[PHYSICS] pitch=0.00 deg, altFt=-0.00 ft, dt=0.0100 s, rollCorr=-0.285 pitchCorr=0.047 m1=0.91 m2=1.00 m3=0.52 m4=1.00
[PHYSICS] pitch=0.00 deg, altFt=-0.00 ft, dt=0.0202 s, rollCorr=-0.285 pitchCorr=0.047 m1=0.91 m2=1.00 m3=0.52 m4=1.00
[PHYSICS] pitch=0.00 deg, altFt=-0.00 ft, dt=0.0098 s, rollCorr=-0.285 pitchCorr=0.047 m1=0.91 m2=1.00 m3=0.52 m4=1.00
[PHYSICS] pitch=0.00 deg, altFt=-0.00 ft, dt=0.0100 s, rollCorr=-0.286 pitchCorr=0.047 m1=0.91 m2=1.00 m3=0.52 m4=1.00
[PHYSICS] pitch=0.00 deg, altFt=-0.00 ft, dt=0.0100 s, rollCorr=-0.286 pitchCorr=0.047 m1=0.91 m2=1.00 m3=0.52 m4=1.00
[NAV] WP=2 dist=29.9m bearing=270.0° → pitchTarget=0.00° rollTarget=-14.95
[PHYSICS] pitch=0.00 deg, altFt=-0.00 ft, dt=0.0202 s, rollCorr=-0.286 pitchCorr=0.047 m1=0.91 m2=1.00 m3=0.52 m4=1.00
[PHYSICS] pitch=0.00 deg, altFt=-0.00 ft, dt=0.0098 s, rollCorr=-0.286 pitchCorr=0.047 m1=0.91 m2=1.00 m3=0.52 m4=1.00
[PHYSICS] pitch=0.00 deg, altFt=-0.00 ft, dt=0.0100 s, rollCorr=-0.286 pitchCorr=0.047 m1=0.91 m2=1.00 m3=0.52 m4=1.00
[PHYSICS] pitch=0.00 deg, altFt=-0.00 ft, dt=0.0100 s, rollCorr=-0.287 pitchCorr=0.047 m1=0.91 m2=1.00 m3=0.52 m4=1.00
[PHYSICS] pitch=0.00 deg, altFt=-0.00 ft, dt=0.0202 s, rollCorr=-0.287 pitchCorr=0.047 m1=0.91 m2=1.00 m3=0.52 m4=1.00
[PHYSICS] pitch=0.00 deg, altFt=-0.00 ft, dt=0.0098 s, rollCorr=-0.287 pitchCorr=0.047 m1=0.91 m2=1.00 m3=0.52 m4=1.00
[PHYSICS] pitch=0.00 deg, altFt=-0.00 ft, dt=0.0100 s, rollCorr=-0.287 pitchCorr=0.047 m1=0.91 m2=1.00 m3=0.52 m4=1.00
[PHYSICS] pitch=0.00 deg, altFt=-0.00 ft, dt=0.0100 s, rollCorr=-0.287 pitchCorr=0.047 m1=0.91 m2=1.00 m3=0.52 m4=1.00
[NAV] WP=2 dist=29.9m bearing=270.0° → pitchTarget=0.00° rollTarget=-14.95
[PHYSICS] pitch=0.00 deg, altFt=-0.00 ft, dt=0.0202 s, rollCorr=-0.288 pitchCorr=0.047 m1=0.91 m2=1.00 m3=0.52 m4=1.00
[PHYSICS] pitch=0.00 deg, altFt=-0.00 ft, dt=0.0098 s, rollCorr=-0.288 pitchCorr=0.047 m1=0.91 m2=1.00 m3=0.52 m4=1.00
[PHYSICS] pitch=0.00 deg, altFt=-0.00 ft, dt=0.0100 s, rollCorr=-0.288 pitchCorr=0.047 m1=0.91 m2=1.00 m3=0.52 m4=1.00
[PHYSICS] pitch=0.00 deg, altFt=-0.00 ft, dt=0.0100 s, rollCorr=-0.288 pitchCorr=0.047 m1=0.91 m2=1.00 m3=0.52 m4=1.00
[PHYSICS] pitch=0.00 deg, altFt=-0.00 ft, dt=0.0202 s, rollCorr=-0.288 pitchCorr=0.047 m1=0.91 m2=1.00 m3=0.52 m4=1.00
[PHYSICS] pitch=0.00 deg, altFt=-0.00 ft, dt=0.0098 s, rollCorr=-0.288 pitchCorr=0.047 m1=0.91 m2=1.00 m3=0.52 m4=1.00
[PHYSICS] pitch=0.00 deg, altFt=-0.00 ft, dt=0.0100 s, rollCorr=-0.289 pitchCorr=0.047 m1=0.91 m2=1.00 m3=0.52 m4=1.00
[PHYSICS] pitch=0.00 deg, altFt=-0.00 ft, dt=0.0100 s, rollCorr=-0.289 pitchCorr=0.047 m1=0.91 m2=1.00 m3=0.52 m4=1.00
[NAV] WP=2 dist=29.9m bearing=270.0° → pitchTarget=0.00° rollTarget=-14.95
[PHYSICS] pitch=0.00 deg, altFt=-0.00 ft, dt=0.0202 s, rollCorr=-0.289 pitchCorr=0.047 m1=0.91 m2=1.00 m3=0.52 m4=1.00
[PHYSICS] pitch=0.00 deg, altFt=-0.00 ft, dt=0.0098 s, rollCorr=-0.289 pitchCorr=0.047 m1=0.91 m2=1.00 m3=0.52 m4=1.00
[PHYSICS] pitch=0.00 deg, altFt=-0.00 ft, dt=0.0100 s, rollCorr=-0.289 pitchCorr=0.047 m1=0.91 m2=1.00 m3=0.52 m4=1.00
[PHYSICS] pitch=0.00 deg, altFt=-0.00 ft, dt=0.0100 s, rollCorr=-0.290 pitchCorr=0.047 m1=0.91 m2=1.00 m3=0.51 m4=1.00
[PHYSICS] pitch=0.00 deg, altFt=-0.00 ft, dt=0.0202 s, rollCorr=-0.290 pitchCorr=0.047 m1=0.91 m2=1.00 m3=0.51 m4=1.00
[PHYSICS] pitch=0.00 deg, altFt=-0.00 ft, dt=0.0098 s, rollCorr=-0.290 pitchCorr=0.047 m1=0.91 m2=1.00 m3=0.51 m4=1.00
[PHYSICS] pitch=0.00 deg, altFt=-0.00 ft, dt=0.0100 s, rollCorr=-0.290 pitchCorr=0.047 m1=0.91 m2=1.00 m3=0.51 m4=1.00
[PHYSICS] pitch=0.00 deg, altFt=-0.00 ft, dt=0.0100 s, rollCorr=-0.290 pitchCorr=0.047 m1=0.91 m2=1.00 m3=0.51 m4=1.00
[NAV] WP=2 dist=29.9m bearing=270.0° → pitchTarget=0.00° rollTarget=-14.95
[PHYSICS] pitch=0.00 deg, altFt=-0.00 ft, dt=0.0202 s, rollCorr=-0.291 pitchCorr=0.047 m1=0.90 m2=1.00 m3=0.51 m4=1.00
[PHYSICS] pitch=0.00 deg, altFt=-0.00 ft, dt=0.0098 s, rollCorr=-0.291 pitchCorr=0.047 m1=0.90 m2=1.00 m3=0.51 m4=1.00
[PHYSICS] pitch=0.00 deg, altFt=-0.00 ft, dt=0.0100 s, rollCorr=-0.291 pitchCorr=0.047 m1=0.90 m2=1.00 m3=0.51 m4=1.00
[PHYSICS] pitch=0.00 deg, altFt=-0.00 ft, dt=0.0100 s, rollCorr=-0.291 pitchCorr=0.047 m1=0.90 m2=1.00 m3=0.51 m4=1.00
[PHYSICS] pitch=0.00 deg, altFt=-0.00 ft, dt=0.0202 s, rollCorr=-0.291 pitchCorr=0.047 m1=0.90 m2=1.00 m3=0.51 m4=1.00
[PHYSICS] pitch=0.00 deg, altFt=-0.00 ft, dt=0.0098 s, rollCorr=-0.291 pitchCorr=0.047 m1=0.90 m2=1.00 m3=0.51 m4=1.00
[PHYSICS] pitch=0.00 deg, altFt=-0.00 ft, dt=0.0100 s, rollCorr=-0.292 pitchCorr=0.047 m1=0.90 m2=1.00 m3=0.51 m4=1.00
[PHYSICS] pitch=0.00 deg, altFt=-0.00 ft, dt=0.0100 s, rollCorr=-0.292 pitchCorr=0.047 m1=0.90 m2=1.00 m3=0.51 m4=1.00
[NAV] WP=2 dist=29.9m bearing=270.0° → pitchTarget=0.00° rollTarget=-14.95
[PHYSICS] pitch=0.00 deg, altFt=-0.00 ft, dt=0.0202 s, rollCorr=-0.292 pitchCorr=0.047 m1=0.90 m2=1.00 m3=0.51 m4=1.00
[PHYSICS] pitch=0.00 deg, altFt=-0.00 ft, dt=0.0098 s, rollCorr=-0.292 pitchCorr=0.047 m1=0.90 m2=1.00 m3=0.51 m4=1.00
[PHYSICS] pitch=0.00 deg, altFt=-0.00 ft, dt=0.0100 s, rollCorr=-0.292 pitchCorr=0.047 m1=0.90 m2=1.00 m3=0.51 m4=1.00
[PHYSICS] pitch=0.00 deg, altFt=-0.00 ft, dt=0.0100 s, rollCorr=-0.293 pitchCorr=0.047 m1=0.90 m2=1.00 m3=0.51 m4=1.00
[PHYSICS] pitch=0.00 deg, altFt=-0.00 ft, dt=0.0202 s, rollCorr=-0.293 pitchCorr=0.047 m1=0.90 m2=1.00 m3=0.51 m4=1.00
[PHYSICS] pitch=0.00 deg, altFt=-0.00 ft, dt=0.0098 s, rollCorr=-0.293 pitchCorr=0.047 m1=0.90 m2=1.00 m3=0.51 m4=1.00
[PHYSICS] pitch=0.00 deg, altFt=-0.00 ft, dt=0.0100 s, rollCorr=-0.293 pitchCorr=0.047 m1=0.90 m2=1.00 m3=0.51 m4=1.00
[PHYSICS] pitch=0.00 deg, altFt=-0.00 ft, dt=0.0100 s, rollCorr=-0.293 pitchCorr=0.047 m1=0.90 m2=1.00 m3=0.51 m4=1.00
[NAV] WP=2 dist=29.9m bearing=270.0° → pitchTarget=0.00° rollTarget=-14.95
[PHYSICS] pitch=0.00 deg, altFt=-0.00 ft, dt=0.0202 s, rollCorr=-0.294 pitchCorr=0.047 m1=0.90 m2=1.00 m3=0.51 m4=1.00
[PHYSICS] pitch=0.00 deg, altFt=-0.00 ft, dt=0.0098 s, rollCorr=-0.294 pitchCorr=0.047 m1=0.90 m2=1.00 m3=0.51 m4=1.00
[PHYSICS] pitch=0.00 deg, altFt=-0.00 ft, dt=0.0100 s, rollCorr=-0.294 pitchCorr=0.047 m1=0.90 m2=1.00 m3=0.51 m4=1.00
[PHYSICS] pitch=0.00 deg, altFt=-0.00 ft, dt=0.0100 s, rollCorr=-0.294 pitchCorr=0.047 m1=0.90 m2=1.00 m3=0.51 m4=1.00
[PHYSICS] pitch=0.00 deg, altFt=-0.00 ft, dt=0.0202 s, rollCorr=-0.294 pitchCorr=0.047 m1=0.90 m2=1.00 m3=0.51 m4=1.00
[PHYSICS] pitch=0.00 deg, altFt=-0.00 ft, dt=0.0098 s, rollCorr=-0.294 pitchCorr=0.047 m1=0.90 m2=1.00 m3=0.51 m4=1.00
[PHYSICS] pitch=0.00 deg, altFt=-0.00 ft, dt=0.0100 s, rollCorr=-0.295 pitchCorr=0.047 m1=0.90 m2=1.00 m3=0.51 m4=1.00
[PHYSICS] pitch=0.00 deg, altFt=-0.00 ft, dt=0.0100 s, rollCorr=-0.295 pitchCorr=0.047 m1=0.90 m2=1.00 m3=0.51 m4=1.00
[NAV] WP=2 dist=29.9m bearing=270.0° → pitchTarget=0.00° rollTarget=-14.95
[PHYSICS] pitch=0.00 deg, altFt=-0.00 ft, dt=0.0202 s, rollCorr=-0.295 pitchCorr=0.047 m1=0.90 m2=1.00 m3=0.51 m4=1.00
[PHYSICS] pitch=0.00 deg, altFt=-0.00 ft, dt=0.0098 s, rollCorr=-0.295 pitchCorr=0.047 m1=0.90 m2=1.00 m3=0.51 m4=1.00
[PHYSICS] pitch=0.00 deg, altFt=-0.00 ft, dt=0.0100 s, rollCorr=-0.295 pitchCorr=0.047 m1=0.90 m2=1.00 m3=0.51 m4=1.00
[PHYSICS] pitch=0.00 deg, altFt=-0.00 ft, dt=0.0100 s, rollCorr=-0.296 pitchCorr=0.047 m1=0.90 m2=1.00 m3=0.51 m4=1.00
[PHYSICS] pitch=0.00 deg, altFt=-0.00 ft, dt=0.0202 s, rollCorr=-0.296 pitchCorr=0.047 m1=0.90 m2=1.00 m3=0.51 m4=1.00
[PHYSICS] pitch=0.00 deg, altFt=-0.00 ft, dt=0.0098 s, rollCorr=-0.296 pitchCorr=0.047 m1=0.90 m2=1.00 m3=0.51 m4=1.00
[PHYSICS] pitch=0.00 deg, altFt=-0.00 ft, dt=0.0100 s, rollCorr=-0.296 pitchCorr=0.047 m1=0.90 m2=1.00 m3=0.51 m4=1.00
[PHYSICS] pitch=0.00 deg, altFt=-0.00 ft, dt=0.0100 s, rollCorr=-0.296 pitchCorr=0.047 m1=0.90 m2=1.00 m3=0.51 m4=1.00
[NAV] WP=2 dist=29.9m bearing=270.0° → pitchTarget=0.00° rollTarget=-14.95
[PHYSICS] pitch=0.00 deg, altFt=-0.00 ft, dt=0.0202 s, rollCorr=-0.297 pitchCorr=0.047 m1=0.90 m2=1.00 m3=0.51 m4=1.00
[PHYSICS] pitch=0.00 deg, altFt=-0.00 ft, dt=0.0098 s, rollCorr=-0.297 pitchCorr=0.047 m1=0.90 m2=1.00 m3=0.51 m4=1.00
[PHYSICS] pitch=0.00 deg, altFt=-0.00 ft, dt=0.0100 s, rollCorr=-0.297 pitchCorr=0.047 m1=0.90 m2=1.00 m3=0.51 m4=1.00
[PHYSICS] pitch=0.00 deg, altFt=-0.00 ft, dt=0.0100 s, rollCorr=-0.297 pitchCorr=0.047 m1=0.90 m2=1.00 m3=0.51 m4=1.00
[PHYSICS] pitch=0.00 deg, altFt=-0.00 ft, dt=0.0202 s, rollCorr=-0.297 pitchCorr=0.047 m1=0.90 m2=1.00 m3=0.51 m4=1.00
[PHYSICS] pitch=0.00 deg, altFt=-0.00 ft, dt=0.0098 s, rollCorr=-0.297 pitchCorr=0.047 m1=0.90 m2=1.00 m3=0.51 m4=1.00
[PHYSICS] pitch=0.00 deg, altFt=-0.00 ft, dt=0.0100 s, rollCorr=-0.298 pitchCorr=0.047 m1=0.90 m2=1.00 m3=0.51 m4=1.00
[PHYSICS] pitch=0.00 deg, altFt=-0.00 ft, dt=0.0100 s, rollCorr=-0.298 pitchCorr=0.047 m1=0.90 m2=1.00 m3=0.51 m4=1.00
[NAV] WP=2 dist=29.9m bearing=270.0° → pitchTarget=0.00° rollTarget=-14.95
[PHYSICS] pitch=0.00 deg, altFt=-0.00 ft, dt=0.0202 s, rollCorr=-0.298 pitchCorr=0.047 m1=0.90 m2=1.00 m3=0.51 m4=1.00
[PHYSICS] pitch=0.00 deg, altFt=-0.00 ft, dt=0.0098 s, rollCorr=-0.298 pitchCorr=0.047 m1=0.90 m2=1.00 m3=0.51 m4=1.00
[PHYSICS] pitch=0.00 deg, altFt=-0.00 ft, dt=0.0100 s, rollCorr=-0.298 pitchCorr=0.047 m1=0.90 m2=1.00 m3=0.51 m4=1.00
[PHYSICS] pitch=0.00 deg, altFt=-0.00 ft, dt=0.0100 s, rollCorr=-0.298 pitchCorr=0.047 m1=0.90 m2=1.00 m3=0.51 m4=1.00
[PHYSICS] pitch=0.00 deg, altFt=-0.00 ft, dt=0.0202 s, rollCorr=-0.299 pitchCorr=0.047 m1=0.90 m2=1.00 m3=0.51 m4=1.00
[PHYSICS] pitch=0.00 deg, altFt=-0.00 ft, dt=0.0098 s, rollCorr=-0.299 pitchCorr=0.047 m1=0.90 m2=1.00 m3=0.51 m4=1.00
[PHYSICS] pitch=0.00 deg, altFt=-0.00 ft, dt=0.0100 s, rollCorr=-0.299 pitchCorr=0.047 m1=0.90 m2=1.00 m3=0.51 m4=1.00
[PHYSICS] pitch=0.00 deg, altFt=-0.00 ft, dt=0.0100 s, rollCorr=-0.299 pitchCorr=0.047 m1=0.90 m2=1.00 m3=0.51 m4=1.00
[NAV] WP=2 dist=29.9m bearing=270.0° → pitchTarget=0.00° rollTarget=-14.95
[PHYSICS] pitch=0.00 deg, altFt=-0.00 ft, dt=0.0202 s, rollCorr=-0.300 pitchCorr=0.047 m1=0.90 m2=1.00 m3=0.50 m4=1.00
[PHYSICS] pitch=0.00 deg, altFt=-0.00 ft, dt=0.0098 s, rollCorr=-0.300 pitchCorr=0.047 m1=0.90 m2=1.00 m3=0.50 m4=1.00
[PHYSICS] pitch=0.00 deg, altFt=-0.00 ft, dt=0.0100 s, rollCorr=-0.300 pitchCorr=0.047 m1=0.90 m2=1.00 m3=0.50 m4=1.00
[PHYSICS] pitch=0.00 deg, altFt=-0.00 ft, dt=0.0100 s, rollCorr=-0.300 pitchCorr=0.047 m1=0.90 m2=1.00 m3=0.50 m4=1.00
[PHYSICS] pitch=0.00 deg, altFt=-0.00 ft, dt=0.0202 s, rollCorr=-0.300 pitchCorr=0.047 m1=0.90 m2=1.00 m3=0.50 m4=1.00
[PHYSICS] pitch=0.00 deg, altFt=-0.00 ft, dt=0.0098 s, rollCorr=-0.300 pitchCorr=0.047 m1=0.90 m2=1.00 m3=0.50 m4=1.00
[PHYSICS] pitch=0.00 deg, altFt=-0.00 ft, dt=0.0100 s, rollCorr=-0.300 pitchCorr=0.047 m1=0.90 m2=1.00 m3=0.50 m4=1.00
[PHYSICS] pitch=0.00 deg, altFt=-0.00 ft, dt=0.0100 s, rollCorr=-0.300 pitchCorr=0.047 m1=0.90 m2=1.00 m3=0.50 m4=1.00
[NAV] WP=2 dist=29.9m bearing=270.0° → pitchTarget=0.00° rollTarget=-14.95
[PHYSICS] pitch=0.00 deg, altFt=-0.00 ft, dt=0.0202 s, rollCorr=-0.300 pitchCorr=0.047 m1=0.90 m2=1.00 m3=0.50 m4=1.00
[PHYSICS] pitch=0.00 deg, altFt=-0.00 ft, dt=0.0098 s, rollCorr=-0.300 pitchCorr=0.047 m1=0.90 m2=1.00 m3=0.50 m4=1.00
[PHYSICS] pitch=0.00 deg, altFt=-0.00 ft, dt=0.0100 s, rollCorr=-0.300 pitchCorr=0.047 m1=0.90 m2=1.00 m3=0.50 m4=1.00
[PHYSICS] pitch=0.00 deg, altFt=-0.00 ft, dt=0.0100 s, rollCorr=-0.300 pitchCorr=0.047 m1=0.90 m2=1.00 m3=0.50 m4=1.00
[PHYSICS] pitch=0.00 deg, altFt=-0.00 ft, dt=0.0202 s, rollCorr=-0.300 pitchCorr=0.047 m1=0.90 m2=1.00 m3=0.50 m4=1.00
[PHYSICS] pitch=0.00 deg, altFt=-0.00 ft, dt=0.0098 s, rollCorr=-0.300 pitchCorr=0.047 m1=0.90 m2=1.00 m3=0.50 m4=1.00
[PHYSICS] pitch=0.00 deg, altFt=-0.00 ft, dt=0.0100 s, rollCorr=-0.300 pitchCorr=0.047 m1=0.90 m2=1.00 m3=0.50 m4=1.00
[PHYSICS] pitch=0.00 deg, altFt=-0.00 ft, dt=0.0100 s, rollCorr=-0.300 pitchCorr=0.047 m1=0.90 m2=1.00 m3=0.50 m4=1.00
[NAV] WP=2 dist=29.9m bearing=270.0° → pitchTarget=0.00° rollTarget=-14.95
[PHYSICS] pitch=0.00 deg, altFt=-0.00 ft, dt=0.0202 s, rollCorr=-0.300 pitchCorr=0.047 m1=0.90 m2=1.00 m3=0.50 m4=1.00
[PHYSICS] pitch=0.00 deg, altFt=-0.00 ft, dt=0.0098 s, rollCorr=-0.300 pitchCorr=0.047 m1=0.90 m2=1.00 m3=0.50 m4=1.00
[PHYSICS] pitch=0.00 deg, altFt=-0.00 ft, dt=0.0100 s, rollCorr=-0.300 pitchCorr=0.047 m1=0.90 m2=1.00 m3=0.50 m4=1.00
[PHYSICS] pitch=0.00 deg, altFt=-0.00 ft, dt=0.0100 s, rollCorr=-0.300 pitchCorr=0.047 m1=0.90 m2=1.00 m3=0.50 m4=1.00
[PHYSICS] pitch=0.00 deg, altFt=-0.00 ft, dt=0.0202 s, rollCorr=-0.300 pitchCorr=0.047 m1=0.90 m2=1.00 m3=0.50 m4=1.00
[PHYSICS] pitch=0.00 deg, altFt=-0.00 ft, dt=0.0098 s, rollCorr=-0.300 pitchCorr=0.047 m1=0.90 m2=1.00 m3=0.50 m4=1.00
[PHYSICS] pitch=0.00 deg, altFt=-0.00 ft, dt=0.0100 s, rollCorr=-0.300 pitchCorr=0.047 m1=0.90 m2=1.00 m3=0.50 m4=1.00
[PHYSICS] pitch=0.00 deg, altFt=-0.00 ft, dt=0.0100 s, rollCorr=-0.300 pitchCorr=0.047 m1=0.90 m2=1.00 m3=0.50 m4=1.00
[NAV] WP=2 dist=29.9m bearing=270.0° → pitchTarget=0.00° rollTarget=-14.95
[PHYSICS] pitch=0.00 deg, altFt=-0.00 ft, dt=0.0202 s, rollCorr=-0.300 pitchCorr=0.047 m1=0.90 m2=1.00 m3=0.50 m4=1.00
[PHYSICS] pitch=0.00 deg, altFt=-0.00 ft, dt=0.0098 s, rollCorr=-0.300 pitchCorr=0.047 m1=0.90 m2=1.00 m3=0.50 m4=1.00
[PHYSICS] pitch=0.00 deg, altFt=-0.00 ft, dt=0.0100 s, rollCorr=-0.300 pitchCorr=0.047 m1=0.90 m2=1.00 m3=0.50 m4=1.00
[PHYSICS] pitch=0.00 deg, altFt=-0.00 ft, dt=0.0100 s, rollCorr=-0.300 pitchCorr=0.047 m1=0.90 m2=1.00 m3=0.50 m4=1.00
[PHYSICS] pitch=0.00 deg, altFt=-0.00 ft, dt=0.0202 s, rollCorr=-0.300 pitchCorr=0.047 m1=0.90 m2=1.00 m3=0.50 m4=1.00
[PHYSICS] pitch=0.00 deg, altFt=-0.00 ft, dt=0.0098 s, rollCorr=-0.300 pitchCorr=0.047 m1=0.90 m2=1.00 m3=0.50 m4=1.00
[PHYSICS] pitch=0.00 deg, altFt=-0.00 ft, dt=0.0100 s, rollCorr=-0.300 pitchCorr=0.047 m1=0.90 m2=1.00 m3=0.50 m4=1.00
[PHYSICS] pitch=0.00 deg, altFt=-0.00 ft, dt=0.0100 s, rollCorr=-0.300 pitchCorr=0.047 m1=0.90 m2=1.00 m3=0.50 m4=1.00
[NAV] WP=2 dist=29.9m bearing=270.0° → pitchTarget=0.00° rollTarget=-14.95
[PHYSICS] pitch=0.00 deg, altFt=-0.00 ft, dt=0.0202 s, rollCorr=-0.300 pitchCorr=0.047 m1=0.90 m2=1.00 m3=0.50 m4=1.00
[PHYSICS] pitch=0.00 deg, altFt=-0.00 ft, dt=0.0098 s, rollCorr=-0.300 pitchCorr=0.047 m1=0.90 m2=1.00 m3=0.50 m4=1.00
[PHYSICS] pitch=0.00 deg, altFt=-0.00 ft, dt=0.0100 s, rollCorr=-0.300 pitchCorr=0.047 m1=0.90 m2=1.00 m3=0.50 m4=1.00
[PHYSICS] pitch=0.00 deg, altFt=-0.00 ft, dt=0.0100 s, rollCorr=-0.300 pitchCorr=0.047 m1=0.90 m2=1.00 m3=0.50 m4=1.00
[PHYSICS] pitch=0.00 deg, altFt=-0.00 ft, dt=0.0202 s, rollCorr=-0.300 pitchCorr=0.047 m1=0.90 m2=1.00 m3=0.50 m4=1.00
[PHYSICS] pitch=0.00 deg, altFt=-0.00 ft, dt=0.0098 s, rollCorr=-0.300 pitchCorr=0.047 m1=0.90 m2=1.00 m3=0.50 m4=1.00
[PHYSICS] pitch=0.00 deg, altFt=-0.00 ft, dt=0.0100 s, rollCorr=-0.300 pitchCorr=0.047 m1=0.90 m2=1.00 m3=0.50 m4=1.00
[PHYSICS] pitch=0.00 deg, altFt=-0.00 ft, dt=0.0100 s, rollCorr=-0.300 pitchCorr=0.047 m1=0.90 m2=1.00 m3=0.50 m4=1.00
[NAV] WP=2 dist=29.9m bearing=270.0° → pitchTarget=0.00° rollTarget=-14.95
[PHYSICS] pitch=0.00 deg, altFt=-0.00 ft, dt=0.0202 s, rollCorr=-0.300 pitchCorr=0.047 m1=0.90 m2=1.00 m3=0.50 m4=1.00
[PHYSICS] pitch=0.00 deg, altFt=-0.00 ft, dt=0.0098 s, rollCorr=-0.300 pitchCorr=0.047 m1=0.90 m2=1.00 m3=0.50 m4=1.00
[PHYSICS] pitch=0.00 deg, altFt=-0.00 ft, dt=0.0100 s, rollCorr=-0.300 pitchCorr=0.047 m1=0.90 m2=1.00 m3=0.50 m4=1.00
[PHYSICS] pitch=0.00 deg, altFt=-0.00 ft, dt=0.0100 s, rollCorr=-0.300 pitchCorr=0.047 m1=0.90 m2=1.00 m3=0.50 m4=1.00
[PHYSICS] pitch=0.00 deg, altFt=-0.00 ft, dt=0.0202 s, rollCorr=-0.300 pitchCorr=0.047 m1=0.90 m2=1.00 m3=0.50 m4=1.00
[PHYSICS] pitch=0.00 deg, altFt=-0.00 ft, dt=0.0098 s, rollCorr=-0.300 pitchCorr=0.047 m1=0.90 m2=1.00 m3=0.50 m4=1.00
[PHYSICS] pitch=0.00 deg, altFt=-0.00 ft, dt=0.0100 s, rollCorr=-0.300 pitchCorr=0.047 m1=0.90 m2=1.00 m3=0.50 m4=1.00
[PHYSICS] pitch=0.00 deg, altFt=-0.00 ft, dt=0.0100 s, rollCorr=-0.300 pitchCorr=0.047 m1=0.90 m2=1.00 m3=0.50 m4=1.00
[NAV] WP=2 dist=29.9m bearing=270.0° → pitchTarget=0.00° rollTarget=-14.95
[PHYSICS] pitch=0.00 deg, altFt=-0.00 ft, dt=0.0202 s, rollCorr=-0.300 pitchCorr=0.047 m1=0.90 m2=1.00 m3=0.50 m4=1.00
[PHYSICS] pitch=0.00 deg, altFt=-0.00 ft, dt=0.0098 s, rollCorr=-0.300 pitchCorr=0.047 m1=0.90 m2=1.00 m3=0.50 m4=1.00
[PHYSICS] pitch=0.00 deg, altFt=-0.00 ft, dt=0.0100 s, rollCorr=-0.300 pitchCorr=0.047 m1=0.90 m2=1.00 m3=0.50 m4=1.00
[PHYSICS] pitch=0.00 deg, altFt=-0.00 ft, dt=0.0100 s, rollCorr=-0.300 pitchCorr=0.047 m1=0.90 m2=1.00 m3=0.50 m4=1.00
[PHYSICS] pitch=0.00 deg, altFt=-0.00 ft, dt=0.0202 s, rollCorr=-0.300 pitchCorr=0.047 m1=0.90 m2=1.00 m3=0.50 m4=1.00
[PHYSICS] pitch=0.00 deg, altFt=-0.00 ft, dt=0.0098 s, rollCorr=-0.300 pitchCorr=0.047 m1=0.90 m2=1.00 m3=0.50 m4=1.00
[PHYSICS] pitch=0.00 deg, altFt=-0.00 ft, dt=0.0100 s, rollCorr=-0.300 pitchCorr=0.047 m1=0.90 m2=1.00 m3=0.50 m4=1.00
[PHYSICS] pitch=0.00 deg, altFt=-0.00 ft, dt=0.0100 s, rollCorr=-0.300 pitchCorr=0.047 m1=0.90 m2=1.00 m3=0.50 m4=1.00
[NAV] WP=2 dist=29.9m bearing=270.0° → pitchTarget=0.00° rollTarget=-14.95
[PHYSICS] pitch=0.00 deg, altFt=-0.00 ft, dt=0.0202 s, rollCorr=-0.300 pitchCorr=0.047 m1=0.90 m2=1.00 m3=0.50 m4=1.00
[PHYSICS] pitch=0.00 deg, altFt=-0.00 ft, dt=0.0098 s, rollCorr=-0.300 pitchCorr=0.047 m1=0.90 m2=1.00 m3=0.50 m4=1.00
[PHYSICS] pitch=0.00 deg, altFt=-0.00 ft, dt=0.0100 s, rollCorr=-0.300 pitchCorr=0.047 m1=0.90 m2=1.00 m3=0.50 m4=1.00
[PHYSICS] pitch=0.00 deg, altFt=-0.00 ft, dt=0.0100 s, rollCorr=-0.300 pitchCorr=0.047 m1=0.90 m2=1.00 m3=0.50 m4=1.00
[PHYSICS] pitch=0.00 deg, altFt=-0.00 ft, dt=0.0202 s, rollCorr=-0.300 pitchCorr=0.047 m1=0.90 m2=1.00 m3=0.50 m4=1.00
[PHYSICS] pitch=0.00 deg, altFt=-0.00 ft, dt=0.0098 s, rollCorr=-0.300 pitchCorr=0.047 m1=0.90 m2=1.00 m3=0.50 m4=1.00
[PHYSICS] pitch=0.00 deg, altFt=-0.00 ft, dt=0.0100 s, rollCorr=-0.300 pitchCorr=0.047 m1=0.90 m2=1.00 m3=0.50 m4=1.00
[PHYSICS] pitch=0.00 deg, altFt=-0.00 ft, dt=0.0100 s, rollCorr=-0.300 pitchCorr=0.047 m1=0.90 m2=1.00 m3=0.50 m4=1.00
[NAV] WP=2 dist=29.9m bearing=270.0° → pitchTarget=0.00° rollTarget=-14.95
[PHYSICS] pitch=0.00 deg, altFt=-0.00 ft, dt=0.0202 s, rollCorr=-0.300 pitchCorr=0.047 m1=0.90 m2=1.00 m3=0.50 m4=1.00
[PHYSICS] pitch=0.00 deg, altFt=-0.00 ft, d
[GPS + Compass Injection Test] delay 2000ms
t=0.0098 s, rollCorr=-0.300 pitchCorr=0.047 m1=0.90 m2=1.00 m3=0.50 m4=1.00
[PHYSICS] pitch=0.00 deg, altFt=-0.00 ft, dt=0.0100 s, rollCorr=-0.300 pitchCorr=0.047 m1=0.90 m2=1.00 m3=0.50 m4=1.00
[PHYSICS] pitch=0.00 deg, altFt=-0.00 ft, dt=0.0100 s, rollCorr=-0.300 pitchCorr=0.047 m1=0.90 m2=1.00 m3=0.50 m4=1.00
[PHYSICS] pitch=0.00 deg, altFt=-0.00 ft, dt=0.0202 s, rollCorr=-0.300 pitchCorr=0.047 m1=0.90 m2=1.00 m3=0.50 m4=1.00
[PHYSICS] pitch=0.00 deg, altFt=-0.00 ft, dt=0.0098 s, rollCorr=-0.300 pitchCorr=0.047 m1=0.90 m2=1.00 m3=0.50 m4=1.00
[PHYSICS] pitch=0.00 deg, altFt=-0.00 ft, dt=0.0100 s, rollCorr=-0.300 pitchCorr=0.047 m1=0.90 m2=1.00 m3=0.50 m4=1.00
[PHYSICS] pitch=0.00 deg, altFt=-0.00 ft, dt=0.0100 s, rollCorr=-0.300 pitchCorr=0.047 m1=0.90 m2=1.00 m3=0.50 m4=1.00
[NAV] WP=2 dist=17.0m bearing=270.0° → pitchTarget=-0.00° rollTarget=4.45
[PHYSICS] pitch=0.00 deg, altFt=-0.00 ft, dt=0.0202 s, rollCorr=0.300 pitchCorr=0.047 m1=1.00 m2=0.60 m3=1.00 m4=0.80
[PHYSICS] pitch=0.00 deg, altFt=-0.00 ft, dt=0.0098 s, rollCorr=-0.119 pitchCorr=0.047 m1=1.00 m2=1.00 m3=0.69 m4=1.00
[PHYSICS] pitch=0.00 deg, altFt=-0.00 ft, dt=0.0100 s, rollCorr=-0.119 pitchCorr=0.047 m1=1.00 m2=1.00 m3=0.69 m4=1.00
[PHYSICS] pitch=0.00 deg, altFt=-0.00 ft, dt=0.0100 s, rollCorr=-0.118 pitchCorr=0.047 m1=1.00 m2=1.00 m3=0.69 m4=1.00
[PHYSICS] pitch=0.00 deg, altFt=-0.00 ft, dt=0.0202 s, rollCorr=-0.118 pitchCorr=0.047 m1=1.00 m2=1.00 m3=0.69 m4=1.00
[PHYSICS] pitch=0.00 deg, altFt=-0.00 ft, dt=0.0098 s, rollCorr=-0.118 pitchCorr=0.047 m1=1.00 m2=1.00 m3=0.69 m4=1.00
[PHYSICS] pitch=0.00 deg, altFt=-0.00 ft, dt=0.0100 s, rollCorr=-0.118 pitchCorr=0.047 m1=1.00 m2=1.00 m3=0.69 m4=1.00
[PHYSICS] pitch=0.00 deg, altFt=-0.00 ft, dt=0.0100 s, rollCorr=-0.118 pitchCorr=0.047 m1=1.00 m2=1.00 m3=0.69 m4=1.00
[NAV] WP=2 dist=17.0m bearing=270.0° → pitchTarget=0.00° rollTarget=-8.49
[PHYSICS] pitch=0.00 deg, altFt=-0.00 ft, dt=0.0202 s, rollCorr=-0.300 pitchCorr=0.047 m1=0.90 m2=1.00 m3=0.50 m4=1.00
[PHYSICS] pitch=0.00 deg, altFt=-0.00 ft, dt=0.0098 s, rollCorr=-0.248 pitchCorr=0.047 m1=0.95 m2=1.00 m3=0.56 m4=1.00
[PHYSICS] pitch=0.00 deg, altFt=-0.00 ft, dt=0.0100 s, rollCorr=-0.248 pitchCorr=0.047 m1=0.95 m2=1.00 m3=0.56 m4=1.00
[PHYSICS] pitch=0.00 deg, altFt=-0.00 ft, dt=0.0100 s, rollCorr=-0.248 pitchCorr=0.047 m1=0.95 m2=1.00 m3=0.56 m4=1.00
[PHYSICS] pitch=0.00 deg, altFt=-0.00 ft, dt=0.0202 s, rollCorr=-0.248 pitchCorr=0.047 m1=0.95 m2=1.00 m3=0.56 m4=1.00
[PHYSICS] pitch=0.00 deg, altFt=-0.00 ft, dt=0.0098 s, rollCorr=-0.248 pitchCorr=0.047 m1=0.95 m2=1.00 m3=0.56 m4=1.00
[PHYSICS] pitch=0.00 deg, altFt=-0.00 ft, dt=0.0100 s, rollCorr=-0.248 pitchCorr=0.047 m1=0.95 m2=1.00 m3=0.56 m4=1.00
[PHYSICS] pitch=0.00 deg, altFt=-0.00 ft, dt=0.0100 s, rollCorr=-0.248 pitchCorr=0.047 m1=0.95 m2=1.00 m3=0.56 m4=1.00
[NAV] WP=2 dist=17.0m bearing=270.0° → pitchTarget=0.00° rollTarget=-8.49
[PHYSICS] pitch=0.00 deg, altFt=-0.00 ft, dt=0.0202 s, rollCorr=-0.249 pitchCorr=0.047 m1=0.95 m2=1.00 m3=0.56 m4=1.00
[PHYSICS] pitch=0.00 deg, altFt=-0.00 ft, dt=0.0098 s, rollCorr=-0.249 pitchCorr=0.047 m1=0.95 m2=1.00 m3=0.56 m4=1.00
[PHYSICS] pitch=0.00 deg, altFt=-0.00 ft, dt=0.0100 s, rollCorr=-0.249 pitchCorr=0.047 m1=0.95 m2=1.00 m3=0.56 m4=1.00
[PHYSICS] pitch=0.00 deg, altFt=-0.00 ft, dt=0.0100 s, rollCorr=-0.249 pitchCorr=0.047 m1=0.95 m2=1.00 m3=0.56 m4=1.00
[PHYSICS] pitch=0.00 deg, altFt=-0.00 ft, dt=0.0202 s, rollCorr=-0.249 pitchCorr=0.047 m1=0.95 m2=1.00 m3=0.56 m4=1.00
[PHYSICS] pitch=0.00 deg, altFt=-0.00 ft, dt=0.0098 s, rollCorr=-0.249 pitchCorr=0.047 m1=0.95 m2=1.00 m3=0.56 m4=1.00
[PHYSICS] pitch=0.00 deg, altFt=-0.00 ft, dt=0.0100 s, rollCorr=-0.249 pitchCorr=0.047 m1=0.95 m2=1.00 m3=0.56 m4=1.00
[PHYSICS] pitch=0.00 deg, altFt=-0.00 ft, dt=0.0100 s, rollCorr=-0.249 pitchCorr=0.047 m1=0.95 m2=1.00 m3=0.56 m4=1.00
[NAV] WP=2 dist=17.0m bearing=270.0° → pitchTarget=0.00° rollTarget=-8.49
[PHYSICS] pitch=0.00 deg, altFt=-0.00 ft, dt=0.0202 s, rollCorr=-0.249 pitchCorr=0.047 m1=0.95 m2=1.00 m3=0.55 m4=1.00
[PHYSICS] pitch=0.00 deg, altFt=-0.00 ft, dt=0.0098 s, rollCorr=-0.250 pitchCorr=0.047 m1=0.95 m2=1.00 m3=0.55 m4=1.00
[PHYSICS] pitch=0.00 deg, altFt=-0.00 ft, dt=0.0100 s, rollCorr=-0.250 pitchCorr=0.047 m1=0.95 m2=1.00 m3=0.55 m4=1.00
[PHYSICS] pitch=0.00 deg, altFt=-0.00 ft, dt=0.0100 s, rollCorr=-0.250 pitchCorr=0.047 m1=0.95 m2=1.00 m3=0.55 m4=1.00
[PHYSICS] pitch=0.00 deg, altFt=-0.00 ft, dt=0.0202 s, rollCorr=-0.250 pitchCorr=0.047 m1=0.95 m2=1.00 m3=0.55 m4=1.00
[PHYSICS] pitch=0.00 deg, altFt=-0.00 ft, dt=0.0098 s, rollCorr=-0.250 pitchCorr=0.047 m1=0.95 m2=1.00 m3=0.55 m4=1.00
[PHYSICS] pitch=0.00 deg, altFt=-0.00 ft, dt=0.0100 s, rollCorr=-0.250 pitchCorr=0.047 m1=0.95 m2=1.00 m3=0.55 m4=1.00
[PHYSICS] pitch=0.00 deg, altFt=-0.00 ft, dt=0.0100 s, rollCorr=-0.250 pitchCorr=0.047 m1=0.95 m2=1.00 m3=0.55 m4=1.00
[NAV] WP=2 dist=17.0m bearing=270.0° → pitchTarget=0.00° rollTarget=-8.49
[PHYSICS] pitch=0.00 deg, altFt=-0.00 ft, dt=0.0202 s, rollCorr=-0.250 pitchCorr=0.047 m1=0.95 m2=1.00 m3=0.55 m4=1.00
[PHYSICS] pitch=0.00 deg, altFt=-0.00 ft, dt=0.0098 s, rollCorr=-0.250 pitchCorr=0.047 m1=0.95 m2=1.00 m3=0.55 m4=1.00
[PHYSICS] pitch=0.00 deg, altFt=-0.00 ft, dt=0.0100 s, rollCorr=-0.250 pitchCorr=0.047 m1=0.95 m2=1.00 m3=0.55 m4=1.00
[PHYSICS] pitch=0.00 deg, altFt=-0.00 ft, dt=0.0100 s, rollCorr=-0.251 pitchCorr=0.047 m1=0.94 m2=1.00 m3=0.55 m4=1.00
[PHYSICS] pitch=0.00 deg, altFt=-0.00 ft, dt=0.0202 s, rollCorr=-0.251 pitchCorr=0.047 m1=0.94 m2=1.00 m3=0.55 m4=1.00
[PHYSICS] pitch=0.00 deg, altFt=-0.00 ft, dt=0.0098 s, rollCorr=-0.251 pitchCorr=0.047 m1=0.94 m2=1.00 m3=0.55 m4=1.00
[PHYSICS] pitch=0.00 deg, altFt=-0.00 ft, dt=0.0100 s, rollCorr=-0.251 pitchCorr=0.047 m1=0.94 m2=1.00 m3=0.55 m4=1.00
[PHYSICS] pitch=0.00 deg, altFt=-0.00 ft, dt=0.0100 s, rollCorr=-0.251 pitchCorr=0.047 m1=0.94 m2=1.00 m3=0.55 m4=1.00
[NAV] WP=2 dist=17.0m bearing=270.0° → pitchTarget=0.00° rollTarget=-8.49
[PHYSICS] pitch=0.00 deg, altFt=-0.00 ft, dt=0.0202 s, rollCorr=-0.251 pitchCorr=0.047 m1=0.94 m2=1.00 m3=0.55 m4=1.00
[PHYSICS] pitch=0.00 deg, altFt=-0.00 ft, dt=0.0098 s, rollCorr=-0.251 pitchCorr=0.047 m1=0.94 m2=1.00 m3=0.55 m4=1.00
[PHYSICS] pitch=0.00 deg, altFt=-0.00 ft, dt=0.0100 s, rollCorr=-0.251 pitchCorr=0.047 m1=0.94 m2=1.00 m3=0.55 m4=1.00
[PHYSICS] pitch=0.00 deg, altFt=-0.00 ft, dt=0.0100 s, rollCorr=-0.251 pitchCorr=0.047 m1=0.94 m2=1.00 m3=0.55 m4=1.00
[PHYSICS] pitch=0.00 deg, altFt=-0.00 ft, dt=0.0202 s, rollCorr=-0.252 pitchCorr=0.047 m1=0.94 m2=1.00 m3=0.55 m4=1.00
[PHYSICS] pitch=0.00 deg, altFt=-0.00 ft, dt=0.0098 s, rollCorr=-0.252 pitchCorr=0.047 m1=0.94 m2=1.00 m3=0.55 m4=1.00
[PHYSICS] pitch=0.00 deg, altFt=-0.00 ft, dt=0.0100 s, rollCorr=-0.252 pitchCorr=0.047 m1=0.94 m2=1.00 m3=0.55 m4=1.00
[PHYSICS] pitch=0.00 deg, altFt=-0.00 ft, dt=0.0100 s, rollCorr=-0.252 pitchCorr=0.047 m1=0.94 m2=1.00 m3=0.55 m4=1.00
[NAV] WP=2 dist=17.0m bearing=270.0° → pitchTarget=0.00° rollTarget=-8.49
[PHYSICS] pitch=0.00 deg, altFt=-0.00 ft, dt=0.0202 s, rollCorr=-0.252 pitchCorr=0.047 m1=0.94 m2=1.00 m3=0.55 m4=1.00
[PHYSICS] pitch=0.00 deg, altFt=-0.00 ft, dt=0.0098 s, rollCorr=-0.252 pitchCorr=0.047 m1=0.94 m2=1.00 m3=0.55 m4=1.00
[PHYSICS] pitch=0.00 deg, altFt=-0.00 ft, dt=0.0100 s, rollCorr=-0.252 pitchCorr=0.047 m1=0.94 m2=1.00 m3=0.55 m4=1.00
[PHYSICS] pitch=0.00 deg, altFt=-0.00 ft, dt=0.0100 s, rollCorr=-0.252 pitchCorr=0.047 m1=0.94 m2=1.00 m3=0.55 m4=1.00
[PHYSICS] pitch=0.00 deg, altFt=-0.00 ft, dt=0.0202 s, rollCorr=-0.252 pitchCorr=0.047 m1=0.94 m2=1.00 m3=0.55 m4=1.00
[PHYSICS] pitch=0.00 deg, altFt=-0.00 ft, dt=0.0098 s, rollCorr=-0.253 pitchCorr=0.047 m1=0.94 m2=1.00 m3=0.55 m4=1.00
[PHYSICS] pitch=0.00 deg, altFt=-0.00 ft, dt=0.0100 s, rollCorr=-0.253 pitchCorr=0.047 m1=0.94 m2=1.00 m3=0.55 m4=1.00
[PHYSICS] pitch=0.00 deg, altFt=-0.00 ft, dt=0.0100 s, rollCorr=-0.253 pitchCorr=0.047 m1=0.94 m2=1.00 m3=0.55 m4=1.00
[NAV] WP=2 dist=17.0m bearing=270.0° → pitchTarget=0.00° rollTarget=-8.49
[PHYSICS] pitch=0.00 deg, altFt=-0.00 ft, dt=0.0202 s, rollCorr=-0.253 pitchCorr=0.047 m1=0.94 m2=1.00 m3=0.55 m4=1.00
[PHYSICS] pitch=0.00 deg, altFt=-0.00 ft, dt=0.0098 s, rollCorr=-0.253 pitchCorr=0.047 m1=0.94 m2=1.00 m3=0.55 m4=1.00
[PHYSICS] pitch=0.00 deg, altFt=-0.00 ft, dt=0.0100 s, rollCorr=-0.253 pitchCorr=0.047 m1=0.94 m2=1.00 m3=0.55 m4=1.00
[PHYSICS] pitch=0.00 deg, altFt=-0.00 ft, dt=0.0100 s, rollCorr=-0.253 pitchCorr=0.047 m1=0.94 m2=1.00 m3=0.55 m4=1.00
[PHYSICS] pitch=0.00 deg, altFt=-0.00 ft, dt=0.0202 s, rollCorr=-0.253 pitchCorr=0.047 m1=0.94 m2=1.00 m3=0.55 m4=1.00
[PHYSICS] pitch=0.00 deg, altFt=-0.00 ft, dt=0.0098 s, rollCorr=-0.253 pitchCorr=0.047 m1=0.94 m2=1.00 m3=0.55 m4=1.00
[PHYSICS] pitch=0.00 deg, altFt=-0.00 ft, dt=0.0100 s, rollCorr=-0.253 pitchCorr=0.047 m1=0.94 m2=1.00 m3=0.55 m4=1.00
[PHYSICS] pitch=0.00 deg, altFt=-0.00 ft, dt=0.0100 s, rollCorr=-0.254 pitchCorr=0.047 m1=0.94 m2=1.00 m3=0.55 m4=1.00
[NAV] WP=2 dist=17.0m bearing=270.0° → pitchTarget=0.00° rollTarget=-8.49
[PHYSICS] pitch=0.00 deg, altFt=-0.00 ft, dt=0.0202 s, rollCorr=-0.254 pitchCorr=0.047 m1=0.94 m2=1.00 m3=0.55 m4=1.00
[PHYSICS] pitch=0.00 deg, altFt=-0.00 ft, dt=0.0098 s, rollCorr=-0.254 pitchCorr=0.047 m1=0.94 m2=1.00 m3=0.55 m4=1.00
[PHYSICS] pitch=0.00 deg, altFt=-0.00 ft, dt=0.0100 s, rollCorr=-0.254 pitchCorr=0.047 m1=0.94 m2=1.00 m3=0.55 m4=1.00
[PHYSICS] pitch=0.00 deg, altFt=-0.00 ft, dt=0.0100 s, rollCorr=-0.254 pitchCorr=0.047 m1=0.94 m2=1.00 m3=0.55 m4=1.00
[PHYSICS] pitch=0.00 deg, altFt=-0.00 ft, dt=0.0202 s, rollCorr=-0.254 pitchCorr=0.047 m1=0.94 m2=1.00 m3=0.55 m4=1.00
[PHYSICS] pitch=0.00 deg, altFt=-0.00 ft, dt=0.0098 s, rollCorr=-0.254 pitchCorr=0.047 m1=0.94 m2=1.00 m3=0.55 m4=1.00
[PHYSICS] pitch=0.00 deg, altFt=-0.00 ft, dt=0.0100 s, rollCorr=-0.254 pitchCorr=0.047 m1=0.94 m2=1.00 m3=0.55 m4=1.00
[PHYSICS] pitch=0.00 deg, altFt=-0.00 ft, dt=0.0100 s, rollCorr=-0.254 pitchCorr=0.047 m1=0.94 m2=1.00 m3=0.55 m4=1.00
[NAV] WP=2 dist=17.0m bearing=270.0° → pitchTarget=0.00° rollTarget=-8.49
[PHYSICS] pitch=0.00 deg, altFt=-0.00 ft, dt=0.0202 s, rollCorr=-0.255 pitchCorr=0.047 m1=0.94 m2=1.00 m3=0.55 m4=1.00
[PHYSICS] pitch=0.00 deg, altFt=-0.00 ft, dt=0.0098 s, rollCorr=-0.255 pitchCorr=0.047 m1=0.94 m2=1.00 m3=0.55 m4=1.00
[PHYSICS] pitch=0.00 deg, altFt=-0.00 ft, dt=0.0100 s, rollCorr=-0.255 pitchCorr=0.047 m1=0.94 m2=1.00 m3=0.55 m4=1.00
[PHYSICS] pitch=0.00 deg, altFt=-0.00 ft, dt=0.0100 s, rollCorr=-0.255 pitchCorr=0.047 m1=0.94 m2=1.00 m3=0.55 m4=1.00
[PHYSICS] pitch=0.00 deg, altFt=-0.00 ft, dt=0.0202 s, rollCorr=-0.255 pitchCorr=0.047 m1=0.94 m2=1.00 m3=0.55 m4=1.00
[PHYSICS] pitch=0.00 deg, altFt=-0.00 ft, dt=0.0098 s, rollCorr=-0.255 pitchCorr=0.047 m1=0.94 m2=1.00 m3=0.55 m4=1.00
[PHYSICS] pitch=0.00 deg, altFt=-0.00 ft, dt=0.0100 s, rollCorr=-0.255 pitchCorr=0.047 m1=0.94 m2=1.00 m3=0.55 m4=1.00
[PHYSICS] pitch=0.00 deg, altFt=-0.00 ft, dt=0.0100 s, rollCorr=-0.255 pitchCorr=0.047 m1=0.94 m2=1.00 m3=0.55 m4=1.00
[NAV] WP=2 dist=17.0m bearing=270.0° → pitchTarget=0.00° rollTarget=-8.49
[PHYSICS] pitch=0.00 deg, altFt=-0.00 ft, dt=0.0202 s, rollCorr=-0.255 pitchCorr=0.047 m1=0.94 m2=1.00 m3=0.55 m4=1.00
[PHYSICS] pitch=0.00 deg, altFt=-0.00 ft, dt=0.0098 s, rollCorr=-0.255 pitchCorr=0.047 m1=0.94 m2=1.00 m3=0.55 m4=1.00
[PHYSICS] pitch=0.00 deg, altFt=-0.00 ft, dt=0.0100 s, rollCorr=-0.256 pitchCorr=0.047 m1=0.94 m2=1.00 m3=0.55 m4=1.00
[PHYSICS] pitch=0.00 deg, altFt=-0.00 ft, dt=0.0100 s, rollCorr=-0.256 pitchCorr=0.047 m1=0.94 m2=1.00 m3=0.55 m4=1.00
[PHYSICS] pitch=0.00 deg, altFt=-0.00 ft, dt=0.0202 s, rollCorr=-0.256 pitchCorr=0.047 m1=0.94 m2=1.00 m3=0.55 m4=1.00
[PHYSICS] pitch=0.00 deg, altFt=-0.00 ft, dt=0.0098 s, rollCorr=-0.256 pitchCorr=0.047 m1=0.94 m2=1.00 m3=0.55 m4=1.00
[PHYSICS] pitch=0.00 deg, altFt=-0.00 ft, dt=0.0100 s, rollCorr=-0.256 pitchCorr=0.047 m1=0.94 m2=1.00 m3=0.55 m4=1.00
[PHYSICS] pitch=0.00 deg, altFt=-0.00 ft, dt=0.0100 s, rollCorr=-0.256 pitchCorr=0.047 m1=0.94 m2=1.00 m3=0.55 m4=1.00
[NAV] WP=2 dist=17.0m bearing=270.0° → pitchTarget=0.00° rollTarget=-8.49
[PHYSICS] pitch=0.00 deg, altFt=-0.00 ft, dt=0.0202 s, rollCorr=-0.256 pitchCorr=0.047 m1=0.94 m2=1.00 m3=0.55 m4=1.00
[PHYSICS] pitch=0.00 deg, altFt=-0.00 ft, dt=0.0098 s, rollCorr=-0.256 pitchCorr=0.047 m1=0.94 m2=1.00 m3=0.55 m4=1.00
[PHYSICS] pitch=0.00 deg, altFt=-0.00 ft, dt=0.0100 s, rollCorr=-0.256 pitchCorr=0.047 m1=0.94 m2=1.00 m3=0.55 m4=1.00
[PHYSICS] pitch=0.00 deg, altFt=-0.00 ft, dt=0.0100 s, rollCorr=-0.257 pitchCorr=0.047 m1=0.94 m2=1.00 m3=0.55 m4=1.00
[PHYSICS] pitch=0.00 deg, altFt=-0.00 ft, dt=0.0202 s, rollCorr=-0.257 pitchCorr=0.047 m1=0.94 m2=1.00 m3=0.55 m4=1.00
[PHYSICS] pitch=0.00 deg, altFt=-0.00 ft, dt=0.0098 s, rollCorr=-0.257 pitchCorr=0.047 m1=0.94 m2=1.00 m3=0.55 m4=1.00
[PHYSICS] pitch=0.00 deg, altFt=-0.00 ft, dt=0.0100 s, rollCorr=-0.257 pitchCorr=0.047 m1=0.94 m2=1.00 m3=0.55 m4=1.00
[PHYSICS] pitch=0.00 deg, altFt=-0.00 ft, dt=0.0100 s, rollCorr=-0.257 pitchCorr=0.047 m1=0.94 m2=1.00 m3=0.55 m4=1.00
[NAV] WP=2 dist=17.0m bearing=270.0° → pitchTarget=0.00° rollTarget=-8.49
[PHYSICS] pitch=0.00 deg, altFt=-0.00 ft, dt=0.0202 s, rollCorr=-0.257 pitchCorr=0.047 m1=0.94 m2=1.00 m3=0.55 m4=1.00
[PHYSICS] pitch=0.00 deg, altFt=-0.00 ft, dt=0.0098 s, rollCorr=-0.257 pitchCorr=0.047 m1=0.94 m2=1.00 m3=0.55 m4=1.00
[PHYSICS] pitch=0.00 deg, altFt=-0.00 ft, dt=0.0100 s, rollCorr=-0.257 pitchCorr=0.047 m1=0.94 m2=1.00 m3=0.55 m4=1.00
[PHYSICS] pitch=0.00 deg, altFt=-0.00 ft, dt=0.0100 s, rollCorr=-0.257 pitchCorr=0.047 m1=0.94 m2=1.00 m3=0.55 m4=1.00
[PHYSICS] pitch=0.00 deg, altFt=-0.00 ft, dt=0.0202 s, rollCorr=-0.258 pitchCorr=0.047 m1=0.94 m2=1.00 m3=0.55 m4=1.00
[PHYSICS] pitch=0.00 deg, altFt=-0.00 ft, dt=0.0098 s, rollCorr=-0.258 pitchCorr=0.047 m1=0.94 m2=1.00 m3=0.55 m4=1.00
[PHYSICS] pitch=0.00 deg, altFt=-0.00 ft, dt=0.0100 s, rollCorr=-0.258 pitchCorr=0.047 m1=0.94 m2=1.00 m3=0.55 m4=1.00
[PHYSICS] pitch=0.00 deg, altFt=-0.00 ft, dt=0.0100 s, rollCorr=-0.258 pitchCorr=0.047 m1=0.94 m2=1.00 m3=0.55 m4=1.00
[NAV] WP=2 dist=17.0m bearing=270.0° → pitchTarget=0.00° rollTarget=-8.49
[PHYSICS] pitch=0.00 deg, altFt=-0.00 ft, dt=0.0202 s, rollCorr=-0.258 pitchCorr=0.047 m1=0.94 m2=1.00 m3=0.55 m4=1.00
[PHYSICS] pitch=0.00 deg, altFt=-0.00 ft, dt=0.0098 s, rollCorr=-0.258 pitchCorr=0.047 m1=0.94 m2=1.00 m3=0.55 m4=1.00
[PHYSICS] pitch=0.00 deg, altFt=-0.00 ft, dt=0.0100 s, rollCorr=-0.258 pitchCorr=0.047 m1=0.94 m2=1.00 m3=0.55 m4=1.00
[PHYSICS] pitch=0.00 deg, altFt=-0.00 ft, dt=0.0100 s, rollCorr=-0.258 pitchCorr=0.047 m1=0.94 m2=1.00 m3=0.55 m4=1.00
[PHYSICS] pitch=0.00 deg, altFt=-0.00 ft, dt=0.0202 s, rollCorr=-0.258 pitchCorr=0.047 m1=0.94 m2=1.00 m3=0.55 m4=1.00
[PHYSICS] pitch=0.00 deg, altFt=-0.00 ft, dt=0.0098 s, rollCorr=-0.258 pitchCorr=0.047 m1=0.94 m2=1.00 m3=0.55 m4=1.00
[PHYSICS] pitch=0.00 deg, altFt=-0.00 ft, dt=0.0100 s, rollCorr=-0.259 pitchCorr=0.047 m1=0.94 m2=1.00 m3=0.55 m4=1.00
[PHYSICS] pitch=0.00 deg, altFt=-0.00 ft, dt=0.0100 s, rollCorr=-0.259 pitchCorr=0.047 m1=0.94 m2=1.00 m3=0.55 m4=1.00
[NAV] WP=2 dist=17.0m bearing=270.0° → pitchTarget=0.00° rollTarget=-8.49
[PHYSICS] pitch=0.00 deg, altFt=-0.00 ft, dt=0.0202 s, rollCorr=-0.259 pitchCorr=0.047 m1=0.94 m2=1.00 m3=0.55 m4=1.00
[PHYSICS] pitch=0.00 deg, altFt=-0.00 ft, dt=0.0098 s, rollCorr=-0.259 pitchCorr=0.047 m1=0.94 m2=1.00 m3=0.55 m4=1.00
[PHYSICS] pitch=0.00 deg, altFt=-0.00 ft, dt=0.0100 s, rollCorr=-0.259 pitchCorr=0.047 m1=0.94 m2=1.00 m3=0.55 m4=1.00
[PHYSICS] pitch=0.00 deg, altFt=-0.00 ft, dt=0.0100 s, rollCorr=-0.259 pitchCorr=0.047 m1=0.94 m2=1.00 m3=0.55 m4=1.00
[PHYSICS] pitch=0.00 deg, altFt=-0.00 ft, dt=0.0202 s, rollCorr=-0.259 pitchCorr=0.047 m1=0.94 m2=1.00 m3=0.55 m4=1.00
[PHYSICS] pitch=0.00 deg, altFt=-0.00 ft, dt=0.0098 s, rollCorr=-0.259 pitchCorr=0.047 m1=0.94 m2=1.00 m3=0.55 m4=1.00
[PHYSICS] pitch=0.00 deg, altFt=-0.00 ft, dt=0.0100 s, rollCorr=-0.259 pitchCorr=0.047 m1=0.94 m2=1.00 m3=0.55 m4=1.00
[PHYSICS] pitch=0.00 deg, altFt=-0.00 ft, dt=0.0100 s, rollCorr=-0.259 pitchCorr=0.047 m1=0.94 m2=1.00 m3=0.54 m4=1.00
[NAV] WP=2 dist=17.0m bearing=270.0° → pitchTarget=0.00° rollTarget=-8.49
[PHYSICS] pitch=0.00 deg, altFt=-0.00 ft, dt=0.0202 s, rollCorr=-0.260 pitchCorr=0.047 m1=0.94 m2=1.00 m3=0.54 m4=1.00
[PHYSICS] pitch=0.00 deg, altFt=-0.00 ft, dt=0.0098 s, rollCorr=-0.260 pitchCorr=0.047 m1=0.94 m2=1.00 m3=0.54 m4=1.00
[PHYSICS] pitch=0.00 deg, altFt=-0.00 ft, dt=0.0100 s, rollCorr=-0.260 pitchCorr=0.047 m1=0.94 m2=1.00 m3=0.54 m4=1.00
[PHYSICS] pitch=0.00 deg, altFt=-0.00 ft, dt=0.0100 s, rollCorr=-0.260 pitchCorr=0.047 m1=0.94 m2=1.00 m3=0.54 m4=1.00
[PHYSICS] pitch=0.00 deg, altFt=-0.00 ft, dt=0.0202 s, rollCorr=-0.260 pitchCorr=0.047 m1=0.94 m2=1.00 m3=0.54 m4=1.00
[PHYSICS] pitch=0.00 deg, altFt=-0.00 ft, dt=0.0098 s, rollCorr=-0.260 pitchCorr=0.047 m1=0.94 m2=1.00 m3=0.54 m4=1.00
[PHYSICS] pitch=0.00 deg, altFt=-0.00 ft, dt=0.0100 s, rollCorr=-0.260 pitchCorr=0.047 m1=0.94 m2=1.00 m3=0.54 m4=1.00
[PHYSICS] pitch=0.00 deg, altFt=-0.00 ft, dt=0.0100 s, rollCorr=-0.260 pitchCorr=0.047 m1=0.94 m2=1.00 m3=0.54 m4=1.00
[NAV] WP=2 dist=17.0m bearing=270.0° → pitchTarget=0.00° rollTarget=-8.49
[PHYSICS] pitch=0.00 deg, altFt=-0.00 ft, dt=0.0202 s, rollCorr=-0.260 pitchCorr=0.047 m1=0.94 m2=1.00 m3=0.54 m4=1.00
[PHYSICS] pitch=0.00 deg, altFt=-0.00 ft, dt=0.0098 s, rollCorr=-0.261 pitchCorr=0.047 m1=0.93 m2=1.00 m3=0.54 m4=1.00
[PHYSICS] pitch=0.00 deg, altFt=-0.00 ft, dt=0.0100 s, rollCorr=-0.261 pitchCorr=0.047 m1=0.93 m2=1.00 m3=0.54 m4=1.00
[PHYSICS] pitch=0.00 deg, altFt=-0.00 ft, dt=0.0100 s, rollCorr=-0.261 pitchCorr=0.047 m1=0.93 m2=1.00 m3=0.54 m4=1.00
[PHYSICS] pitch=0.00 deg, altFt=-0.00 ft, dt=0.0202 s, rollCorr=-0.261 pitchCorr=0.047 m1=0.93 m2=1.00 m3=0.54 m4=1.00
[PHYSICS] pitch=0.00 deg, altFt=-0.00 ft, dt=0.0098 s, rollCorr=-0.261 pitchCorr=0.047 m1=0.93 m2=1.00 m3=0.54 m4=1.00
[PHYSICS] pitch=0.00 deg, altFt=-0.00 ft, dt=0.0100 s, rollCorr=-0.261 pitchCorr=0.047 m1=0.93 m2=1.00 m3=0.54 m4=1.00
[PHYSICS] pitch=0.00 deg, altFt=-0.00 ft, dt=0.0100 s, rollCorr=-0.261 pitchCorr=0.047 m1=0.93 m2=1.00 m3=0.54 m4=1.00
[NAV] WP=2 dist=17.0m bearing=270.0° → pitchTarget=0.00° rollTarget=-8.49
[PHYSICS] pitch=0.00 deg, altFt=-0.00 ft, dt=0.0202 s, rollCorr=-0.261 pitchCorr=0.047 m1=0.93 m2=1.00 m3=0.54 m4=1.00
[PHYSICS] pitch=0.00 deg, altFt=-0.00 ft, dt=0.0098 s, rollCorr=-0.261 pitchCorr=0.047 m1=0.93 m2=1.00 m3=0.54 m4=1.00
[PHYSICS] pitch=0.00 deg, altFt=-0.00 ft, dt=0.0100 s, rollCorr=-0.262 pitchCorr=0.047 m1=0.93 m2=1.00 m3=0.54 m4=1.00
[PHYSICS] pitch=0.00 deg, altFt=-0.00 ft, dt=0.0100 s, rollCorr=-0.262 pitchCorr=0.047 m1=0.93 m2=1.00 m3=0.54 m4=1.00
[PHYSICS] pitch=0.00 deg, altFt=-0.00 ft, dt=0.0202 s, rollCorr=-0.262 pitchCorr=0.047 m1=0.93 m2=1.00 m3=0.54 m4=1.00
[PHYSICS] pitch=0.00 deg, altFt=-0.00 ft, dt=0.0098 s, rollCorr=-0.262 pitchCorr=0.047 m1=0.93 m2=1.00 m3=0.54 m4=1.00
[PHYSICS] pitch=0.00 deg, altFt=-0.00 ft, dt=0.0100 s, rollCorr=-0.262 pitchCorr=0.047 m1=0.93 m2=1.00 m3=0.54 m4=1.00
[PHYSICS] pitch=0.00 deg, altFt=-0.00 ft, dt=0.0100 s, rollCorr=-0.262 pitchCorr=0.047 m1=0.93 m2=1.00 m3=0.54 m4=1.00
[NAV] WP=2 dist=17.0m bearing=270.0° → pitchTarget=0.00° rollTarget=-8.49
[PHYSICS] pitch=0.00 deg, altFt=-0.00 ft, dt=0.0202 s, rollCorr=-0.262 pitchCorr=0.047 m1=0.93 m2=1.00 m3=0.54 m4=1.00
[PHYSICS] pitch=0.00 deg, altFt=-0.00 ft, dt=0.0098 s, rollCorr=-0.262 pitchCorr=0.047 m1=0.93 m2=1.00 m3=0.54 m4=1.00
[PHYSICS] pitch=0.00 deg, altFt=-0.00 ft, dt=0.0100 s, rollCorr=-0.262 pitchCorr=0.047 m1=0.93 m2=1.00 m3=0.54 m4=1.00
[PHYSICS] pitch=0.00 deg, altFt=-0.00 ft, dt=0.0100 s, rollCorr=-0.262 pitchCorr=0.047 m1=0.93 m2=1.00 m3=0.54 m4=1.00
[PHYSICS] pitch=0.00 deg, altFt=-0.00 ft, dt=0.0202 s, rollCorr=-0.263 pitchCorr=0.047 m1=0.93 m2=1.00 m3=0.54 m4=1.00
[PHYSICS] pitch=0.00 deg, altFt=-0.00 ft, dt=0.0098 s, rollCorr=-0.263 pitchCorr=0.047 m1=0.93 m2=1.00 m3=0.54 m4=1.00
[PHYSICS] pitch=0.00 deg, altFt=-0.00 ft, dt=0.0100 s, rollCorr=-0.263 pitchCorr=0.047 m1=0.93 m2=1.00 m3=0.54 m4=1.00
[PHYSICS] pitch=0.00 deg, altFt=-0.00 ft, dt=0.0100 s, rollCorr=-0.263 pitchCorr=0.047 m1=0.93 m2=1.00 m3=0.54 m4=1.00
[NAV] WP=2 dist=17.0m bearing=270.0° → pitchTarget=0.00° rollTarget=-8.49
[PHYSICS] pitch=0.00 deg, altFt=-0.00 ft, dt=0.0202 s, rollCorr=-0.263 pitchCorr=0.047 m1=0.93 m2=1.00 m3=0.54 m4=1.00
[PHYSICS] pitch=0.00 deg, altFt=-0.00 ft, 
[GPS + Compass Injection Test] delay 3000ms
dt=0.0098 s, rollCorr=-0.263 pitchCorr=0.047 m1=0.93 m2=1.00 m3=0.54 m4=1.00
[PHYSICS] pitch=0.00 deg, altFt=-0.00 ft, dt=0.0100 s, rollCorr=-0.263 pitchCorr=0.047 m1=0.93 m2=1.00 m3=0.54 m4=1.00
[PHYSICS] pitch=0.00 deg, altFt=-0.00 ft, dt=0.0100 s, rollCorr=-0.263 pitchCorr=0.047 m1=0.93 m2=1.00 m3=0.54 m4=1.00
[PHYSICS] pitch=0.00 deg, altFt=-0.00 ft, dt=0.0202 s, rollCorr=-0.263 pitchCorr=0.047 m1=0.93 m2=1.00 m3=0.54 m4=1.00
[PHYSICS] pitch=0.00 deg, altFt=-0.00 ft, dt=0.0098 s, rollCorr=-0.264 pitchCorr=0.047 m1=0.93 m2=1.00 m3=0.54 m4=1.00
[PHYSICS] pitch=0.00 deg, altFt=-0.00 ft, dt=0.0100 s, rollCorr=-0.264 pitchCorr=0.047 m1=0.93 m2=1.00 m3=0.54 m4=1.00
[PHYSICS] pitch=0.00 deg, altFt=-0.00 ft, dt=0.0100 s, rollCorr=-0.264 pitchCorr=0.047 m1=0.93 m2=1.00 m3=0.54 m4=1.00
[NAV] Reached waypoint 2 — advancing to waypoint 3
[PHYSICS] pitch=0.00 deg, altFt=-0.00 ft, dt=0.0202 s, rollCorr=-0.264 pitchCorr=0.047 m1=0.93 m2=1.00 m3=0.54 m4=1.00
[PHYSICS] pitch=0.00 deg, altFt=-0.00 ft, dt=0.0098 s, rollCorr=-0.264 pitchCorr=0.047 m1=0.93 m2=1.00 m3=0.54 m4=1.00
[PHYSICS] pitch=0.00 deg, altFt=-0.00 ft, dt=0.0100 s, rollCorr=-0.264 pitchCorr=0.047 m1=0.93 m2=1.00 m3=0.54 m4=1.00
[PHYSICS] pitch=0.00 deg, altFt=-0.00 ft, dt=0.0100 s, rollCorr=-0.264 pitchCorr=0.047 m1=0.93 m2=1.00 m3=0.54 m4=1.00
[PHYSICS] pitch=0.00 deg, altFt=-0.00 ft, dt=0.0202 s, rollCorr=-0.264 pitchCorr=0.047 m1=0.93 m2=1.00 m3=0.54 m4=1.00
[PHYSICS] pitch=0.00 deg, altFt=-0.00 ft, dt=0.0098 s, rollCorr=-0.264 pitchCorr=0.047 m1=0.93 m2=1.00 m3=0.54 m4=1.00
[PHYSICS] pitch=0.00 deg, altFt=-0.00 ft, dt=0.0100 s, rollCorr=-0.264 pitchCorr=0.047 m1=0.93 m2=1.00 m3=0.54 m4=1.00
[PHYSICS] pitch=0.00 deg, altFt=-0.00 ft, dt=0.0100 s, rollCorr=-0.265 pitchCorr=0.047 m1=0.93 m2=1.00 m3=0.54 m4=1.00
[NAV] WP=3 dist=37.0m bearing=180.0° → pitchTarget=-15.00° rollTarget=15.00
[PHYSICS] pitch=0.00 deg, altFt=-0.00 ft, dt=0.0202 s, rollCorr=0.300 pitchCorr=-0.300 m1=1.00 m2=0.25 m3=1.00 m4=1.00
[PHYSICS] pitch=0.00 deg, altFt=-0.00 ft, dt=0.0098 s, rollCorr=-0.029 pitchCorr=-0.103 m1=1.00 m2=0.78 m3=0.93 m4=1.00
[PHYSICS] pitch=0.00 deg, altFt=-0.00 ft, dt=0.0100 s, rollCorr=-0.029 pitchCorr=-0.103 m1=1.00 m2=0.78 m3=0.93 m4=1.00
[PHYSICS] pitch=0.00 deg, altFt=-0.00 ft, dt=0.0202 s, rollCorr=-0.029 pitchCorr=-0.104 m1=1.00 m2=0.78 m3=0.93 m4=1.00
[PHYSICS] pitch=0.00 deg, altFt=-0.00 ft, dt=0.0098 s, rollCorr=-0.029 pitchCorr=-0.104 m1=1.00 m2=0.78 m3=0.93 m4=1.00
[PHYSICS] pitch=0.00 deg, altFt=-0.00 ft, dt=0.0198 s, rollCorr=-0.028 pitchCorr=-0.104 m1=1.00 m2=0.78 m3=0.93 m4=1.00
[PHYSICS] pitch=0.00 deg, altFt=-0.00 ft, dt=0.0101 s, rollCorr=-0.028 pitchCorr=-0.104 m1=1.00 m2=0.78 m3=0.93 m4=1.00
[PHYSICS] pitch=0.00 deg, altFt=-0.00 ft, dt=0.0100 s, rollCorr=-0.028 pitchCorr=-0.104 m1=1.00 m2=0.78 m3=0.93 m4=1.00
[NAV] WP=3 dist=37.0m bearing=180.0° → pitchTarget=-15.00° rollTarget=-0.00
[PHYSICS] pitch=0.00 deg, altFt=-0.00 ft, dt=0.0202 s, rollCorr=-0.300 pitchCorr=-0.105 m1=0.74 m2=1.00 m3=0.66 m4=1.00
[PHYSICS] pitch=0.00 deg, altFt=-0.00 ft, dt=0.0098 s, rollCorr=-0.178 pitchCorr=-0.105 m1=0.87 m2=0.92 m3=0.78 m4=1.00
[PHYSICS] pitch=0.00 deg, altFt=-0.00 ft, dt=0.0100 s, rollCorr=-0.178 pitchCorr=-0.105 m1=0.87 m2=0.92 m3=0.78 m4=1.00
[PHYSICS] pitch=0.00 deg, altFt=-0.00 ft, dt=0.0202 s, rollCorr=-0.178 pitchCorr=-0.105 m1=0.86 m2=0.92 m3=0.78 m4=1.00
[PHYSICS] pitch=0.00 deg, altFt=-0.00 ft, dt=0.0098 s, rollCorr=-0.178 pitchCorr=-0.106 m1=0.86 m2=0.92 m3=0.78 m4=1.00
[PHYSICS] pitch=0.00 deg, altFt=-0.00 ft, dt=0.0100 s, rollCorr=-0.178 pitchCorr=-0.106 m1=0.86 m2=0.92 m3=0.78 m4=1.00
[PHYSICS] pitch=0.00 deg, altFt=-0.00 ft, dt=0.0202 s, rollCorr=-0.178 pitchCorr=-0.106 m1=0.86 m2=0.92 m3=0.78 m4=1.00
[NAV] WP=3 dist=37.0m bearing=180.0° → pitchTarget=-15.00° rollTarget=-0.00
[PHYSICS] pitch=0.00 deg, altFt=-0.00 ft, dt=0.0098 s, rollCorr=-0.178 pitchCorr=-0.106 m1=0.86 m2=0.92 m3=0.78 m4=1.00
[PHYSICS] pitch=0.00 deg, altFt=-0.00 ft, dt=0.0232 s, rollCorr=-0.178 pitchCorr=-0.106 m1=0.86 m2=0.92 m3=0.78 m4=1.00
[PHYSICS] pitch=0.00 deg, altFt=-0.00 ft, dt=0.0098 s, rollCorr=-0.178 pitchCorr=-0.107 m1=0.86 m2=0.92 m3=0.78 m4=1.00
[PHYSICS] pitch=0.00 deg, altFt=-0.00 ft, dt=0.0100 s, rollCorr=-0.178 pitchCorr=-0.107 m1=0.86 m2=0.92 m3=0.78 m4=1.00
[PHYSICS] pitch=0.00 deg, altFt=-0.00 ft, dt=0.0202 s, rollCorr=-0.178 pitchCorr=-0.107 m1=0.86 m2=0.92 m3=0.78 m4=1.00
[PHYSICS] pitch=0.00 deg, altFt=-0.00 ft, dt=0.0098 s, rollCorr=-0.178 pitchCorr=-0.107 m1=0.86 m2=0.92 m3=0.78 m4=1.00
[PHYSICS] pitch=0.00 deg, altFt=-0.00 ft, dt=0.0100 s, rollCorr=-0.178 pitchCorr=-0.107 m1=0.86 m2=0.92 m3=0.78 m4=1.00
[NAV] WP=3 dist=37.0m bearing=180.0° → pitchTarget=-15.00° rollTarget=-0.00
[PHYSICS] pitch=0.00 deg, altFt=-0.00 ft, dt=0.0202 s, rollCorr=-0.178 pitchCorr=-0.108 m1=0.86 m2=0.92 m3=0.78 m4=1.00
[PHYSICS] pitch=0.00 deg, altFt=-0.00 ft, dt=0.0098 s, rollCorr=-0.178 pitchCorr=-0.108 m1=0.86 m2=0.92 m3=0.78 m4=1.00
[PHYSICS] pitch=0.00 deg, altFt=-0.00 ft, dt=0.0100 s, rollCorr=-0.178 pitchCorr=-0.108 m1=0.86 m2=0.92 m3=0.78 m4=1.00
[PHYSICS] pitch=0.00 deg, altFt=-0.00 ft, dt=0.0202 s, rollCorr=-0.178 pitchCorr=-0.108 m1=0.86 m2=0.92 m3=0.78 m4=1.00
[PHYSICS] pitch=0.00 deg, altFt=-0.00 ft, dt=0.0098 s, rollCorr=-0.178 pitchCorr=-0.108 m1=0.86 m2=0.92 m3=0.78 m4=1.00
[PHYSICS] pitch=0.00 deg, altFt=-0.00 ft, dt=0.0100 s, rollCorr=-0.178 pitchCorr=-0.109 m1=0.86 m2=0.92 m3=0.78 m4=1.00
[PHYSICS] pitch=0.00 deg, altFt=-0.00 ft, dt=0.0202 s, rollCorr=-0.178 pitchCorr=-0.109 m1=0.86 m2=0.92 m3=0.78 m4=1.00
[PHYSICS] pitch=0.00 deg, altFt=-0.00 ft, dt=0.0098 s, rollCorr=-0.178 pitchCorr=-0.109 m1=0.86 m2=0.92 m3=0.78 m4=1.00
[NAV] WP=3 dist=37.0m bearing=180.0° → pitchTarget=-15.00° rollTarget=-0.00
[PHYSICS] pitch=0.00 deg, altFt=-0.00 ft, dt=0.0197 s, rollCorr=-0.178 pitchCorr=-0.109 m1=0.86 m2=0.92 m3=0.78 m4=1.00
[PHYSICS] pitch=0.00 deg, altFt=-0.00 ft, dt=0.0096 s, rollCorr=-0.178 pitchCorr=-0.109 m1=0.86 m2=0.92 m3=0.78 m4=1.00
[PHYSICS] pitch=0.00 deg, altFt=-0.00 ft, dt=0.0099 s, rollCorr=-0.178 pitchCorr=-0.110 m1=0.86 m2=0.92 m3=0.78 m4=1.00
[PHYSICS] pitch=0.00 deg, altFt=-0.00 ft, dt=0.0199 s, rollCorr=-0.178 pitchCorr=-0.110 m1=0.86 m2=0.92 m3=0.78 m4=1.00
[PHYSICS] pitch=0.00 deg, altFt=-0.00 ft, dt=0.0098 s, rollCorr=-0.178 pitchCorr=-0.110 m1=0.86 m2=0.92 m3=0.78 m4=1.00
[PHYSICS] pitch=0.00 deg, altFt=-0.00 ft, dt=0.0100 s, rollCorr=-0.178 pitchCorr=-0.110 m1=0.86 m2=0.92 m3=0.78 m4=1.00
[PHYSICS] pitch=0.00 deg, altFt=-0.00 ft, dt=0.0202 s, rollCorr=-0.178 pitchCorr=-0.111 m1=0.86 m2=0.92 m3=0.78 m4=1.00
[NAV] WP=3 dist=37.0m bearing=180.0° → pitchTarget=-15.00° rollTarget=-0.00
[PHYSICS] pitch=0.00 deg, altFt=-0.00 ft, dt=0.0096 s, rollCorr=-0.178 pitchCorr=-0.111 m1=0.86 m2=0.92 m3=0.78 m4=1.00
[PHYSICS] pitch=0.00 deg, altFt=-0.00 ft, dt=0.0213 s, rollCorr=-0.178 pitchCorr=-0.111 m1=0.86 m2=0.92 m3=0.78 m4=1.00
[PHYSICS] pitch=0.00 deg, altFt=-0.00 ft, dt=0.0099 s, rollCorr=-0.178 pitchCorr=-0.111 m1=0.86 m2=0.92 m3=0.78 m4=1.00
[PHYSICS] pitch=0.00 deg, altFt=-0.00 ft, dt=0.0100 s, rollCorr=-0.178 pitchCorr=-0.111 m1=0.86 m2=0.92 m3=0.78 m4=1.00
[PHYSICS] pitch=0.00 deg, altFt=-0.00 ft, dt=0.0202 s, rollCorr=-0.178 pitchCorr=-0.112 m1=0.86 m2=0.92 m3=0.79 m4=1.00
[PHYSICS] pitch=0.00 deg, altFt=-0.00 ft, dt=0.0098 s, rollCorr=-0.178 pitchCorr=-0.112 m1=0.86 m2=0.92 m3=0.79 m4=1.00
[PHYSICS] pitch=0.00 deg, altFt=-0.00 ft, dt=0.0100 s, rollCorr=-0.178 pitchCorr=-0.112 m1=0.86 m2=0.92 m3=0.79 m4=1.00
[NAV] WP=3 dist=37.0m bearing=180.0° → pitchTarget=-15.00° rollTarget=-0.00
[PHYSICS] pitch=0.00 deg, altFt=-0.00 ft, dt=0.0202 s, rollCorr=-0.178 pitchCorr=-0.112 m1=0.86 m2=0.92 m3=0.79 m4=1.00
[PHYSICS] pitch=0.00 deg, altFt=-0.00 ft, dt=0.0098 s, rollCorr=-0.178 pitchCorr=-0.112 m1=0.86 m2=0.92 m3=0.79 m4=1.00
[PHYSICS] pitch=0.00 deg, altFt=-0.00 ft, dt=0.0100 s, rollCorr=-0.178 pitchCorr=-0.112 m1=0.86 m2=0.92 m3=0.79 m4=1.00
[PHYSICS] pitch=0.00 deg, altFt=-0.00 ft, dt=0.0202 s, rollCorr=-0.178 pitchCorr=-0.113 m1=0.86 m2=0.92 m3=0.79 m4=1.00
[PHYSICS] pitch=0.00 deg, altFt=-0.00 ft, dt=0.0098 s, rollCorr=-0.178 pitchCorr=-0.113 m1=0.86 m2=0.92 m3=0.79 m4=1.00
[PHYSICS] pitch=0.00 deg, altFt=-0.00 ft, dt=0.0100 s, rollCorr=-0.178 pitchCorr=-0.113 m1=0.86 m2=0.92 m3=0.79 m4=1.00
[PHYSICS] pitch=0.00 deg, altFt=-0.00 ft, dt=0.0202 s, rollCorr=-0.178 pitchCorr=-0.113 m1=0.86 m2=0.92 m3=0.79 m4=1.00
[PHYSICS] pitch=0.00 deg, altFt=-0.00 ft, dt=0.0098 s, rollCorr=-0.178 pitchCorr=-0.114 m1=0.86 m2=0.92 m3=0.79 m4=1.00
[NAV] WP=3 dist=37.0m bearing=180.0° → pitchTarget=-15.00° rollTarget=-0.00
[PHYSICS] pitch=0.00 deg, altFt=-0.00 ft, dt=0.0197 s, rollCorr=-0.178 pitchCorr=-0.114 m1=0.86 m2=0.92 m3=0.79 m4=1.00
[PHYSICS] pitch=0.00 deg, altFt=-0.00 ft, dt=0.0096 s, rollCorr=-0.178 pitchCorr=-0.114 m1=0.86 m2=0.92 m3=0.79 m4=1.00
[PHYSICS] pitch=0.00 deg, altFt=-0.00 ft, dt=0.0099 s, rollCorr=-0.178 pitchCorr=-0.114 m1=0.86 m2=0.92 m3=0.79 m4=1.00
[PHYSICS] pitch=0.00 deg, altFt=-0.00 ft, dt=0.0200 s, rollCorr=-0.178 pitchCorr=-0.114 m1=0.86 m2=0.92 m3=0.79 m4=1.00
[PHYSICS] pitch=0.00 deg, altFt=-0.00 ft, dt=0.0098 s, rollCorr=-0.178 pitchCorr=-0.115 m1=0.86 m2=0.92 m3=0.79 m4=1.00
[PHYSICS] pitch=0.00 deg, altFt=-0.00 ft, dt=0.0100 s, rollCorr=-0.178 pitchCorr=-0.115 m1=0.86 m2=0.91 m3=0.79 m4=1.00
[PHYSICS] pitch=0.00 deg, altFt=-0.00 ft, dt=0.0202 s, rollCorr=-0.178 pitchCorr=-0.115 m1=0.86 m2=0.91 m3=0.79 m4=1.00
[NAV] WP=3 dist=37.0m bearing=180.0° → pitchTarget=-15.00° rollTarget=-0.00
[PHYSICS] pitch=0.00 deg, altFt=-0.00 ft, dt=0.0097 s, rollCorr=-0.178 pitchCorr=-0.115 m1=0.86 m2=0.91 m3=0.79 m4=1.00
[PHYSICS] pitch=0.00 deg, altFt=-0.00 ft, dt=0.0213 s, rollCorr=-0.178 pitchCorr=-0.115 m1=0.85 m2=0.91 m3=0.79 m4=1.00
[PHYSICS] pitch=0.00 deg, altFt=-0.00 ft, dt=0.0099 s, rollCorr=-0.178 pitchCorr=-0.116 m1=0.85 m2=0.91 m3=0.79 m4=1.00
[PHYSICS] pitch=0.00 deg, altFt=-0.00 ft, dt=0.0100 s, rollCorr=-0.178 pitchCorr=-0.116 m1=0.85 m2=0.91 m3=0.79 m4=1.00
[PHYSICS] pitch=0.00 deg, altFt=-0.00 ft, dt=0.0202 s, rollCorr=-0.178 pitchCorr=-0.116 m1=0.85 m2=0.91 m3=0.79 m4=1.00
[PHYSICS] pitch=0.00 deg, altFt=-0.00 ft, dt=0.0098 s, rollCorr=-0.178 pitchCorr=-0.116 m1=0.85 m2=0.91 m3=0.79 m4=1.00
[PHYSICS] pitch=0.00 deg, altFt=-0.00 ft, dt=0.0100 s, rollCorr=-0.178 pitchCorr=-0.116 m1=0.85 m2=0.91 m3=0.79 m4=1.00
[NAV] WP=3 dist=37.0m bearing=180.0° → pitchTarget=-15.00° rollTarget=-0.00
[PHYSICS] pitch=0.00 deg, altFt=-0.00 ft, dt=0.0202 s, rollCorr=-0.178 pitchCorr=-0.117 m1=0.85 m2=0.91 m3=0.79 m4=1.00
[PHYSICS] pitch=0.00 deg, altFt=-0.00 ft, dt=0.0098 s, rollCorr=-0.178 pitchCorr=-0.117 m1=0.85 m2=0.91 m3=0.79 m4=1.00
[PHYSICS] pitch=0.00 deg, altFt=-0.00 ft, dt=0.0100 s, rollCorr=-0.178 pitchCorr=-0.117 m1=0.85 m2=0.91 m3=0.79 m4=1.00
[PHYSICS] pitch=0.00 deg, altFt=-0.00 ft, dt=0.0202 s, rollCorr=-0.178 pitchCorr=-0.117 m1=0.85 m2=0.91 m3=0.79 m4=1.00
[PHYSICS] pitch=0.00 deg, altFt=-0.00 ft, dt=0.0098 s, rollCorr=-0.178 pitchCorr=-0.117 m1=0.85 m2=0.91 m3=0.79 m4=1.00
[PHYSICS] pitch=0.00 deg, altFt=-0.00 ft, dt=0.0100 s, rollCorr=-0.178 pitchCorr=-0.118 m1=0.85 m2=0.91 m3=0.79 m4=1.00
[PHYSICS] pitch=0.00 deg, altFt=-0.00 ft, dt=0.0202 s, rollCorr=-0.178 pitchCorr=-0.118 m1=0.85 m2=0.91 m3=0.79 m4=1.00
[PHYSICS] pitch=0.00 deg, altFt=-0.00 ft, dt=0.0098 s, rollCorr=-0.178 pitchCorr=-0.118 m1=0.85 m2=0.91 m3=0.79 m4=1.00
[NAV] WP=3 dist=37.0m bearing=180.0° → pitchTarget=-15.00° rollTarget=-0.00
[PHYSICS] pitch=0.00 deg, altFt=-0.00 ft, dt=0.0197 s, rollCorr=-0.178 pitchCorr=-0.118 m1=0.85 m2=0.91 m3=0.79 m4=1.00
[PHYSICS] pitch=0.00 deg, altFt=-0.00 ft, dt=0.0096 s, rollCorr=-0.178 pitchCorr=-0.118 m1=0.85 m2=0.91 m3=0.79 m4=1.00
[PHYSICS] pitch=0.00 deg, altFt=-0.00 ft, dt=0.0099 s, rollCorr=-0.178 pitchCorr=-0.119 m1=0.85 m2=0.91 m3=0.79 m4=1.00
[PHYSICS] pitch=0.00 deg, altFt=-0.00 ft, dt=0.0200 s, rollCorr=-0.178 pitchCorr=-0.119 m1=0.85 m2=0.91 m3=0.79 m4=1.00
[PHYSICS] pitch=0.00 deg, altFt=-0.00 ft, dt=0.0098 s, rollCorr=-0.178 pitchCorr=-0.119 m1=0.85 m2=0.91 m3=0.79 m4=1.00
[PHYSICS] pitch=0.00 deg, altFt=-0.00 ft, dt=0.0100 s, rollCorr=-0.178 pitchCorr=-0.119 m1=0.85 m2=0.91 m3=0.79 m4=1.00
[PHYSICS] pitch=0.00 deg, altFt=-0.00 ft, dt=0.0202 s, rollCorr=-0.178 pitchCorr=-0.120 m1=0.85 m2=0.91 m3=0.79 m4=1.00
[NAV] WP=3 dist=37.0m bearing=180.0° → pitchTarget=-15.00° rollTarget=-0.00
[PHYSICS] pitch=0.00 deg, altFt=-0.00 ft, dt=0.0097 s, rollCorr=-0.178 pitchCorr=-0.120 m1=0.85 m2=0.91 m3=0.79 m4=1.00
[PHYSICS] pitch=0.00 deg, altFt=-0.00 ft, dt=0.0212 s, rollCorr=-0.178 pitchCorr=-0.120 m1=0.85 m2=0.91 m3=0.79 m4=1.00
[PHYSICS] pitch=0.00 deg, altFt=-0.00 ft, dt=0.0099 s, rollCorr=-0.178 pitchCorr=-0.120 m1=0.85 m2=0.91 m3=0.79 m4=1.00
[PHYSICS] pitch=0.00 deg, altFt=-0.00 ft, dt=0.0100 s, rollCorr=-0.178 pitchCorr=-0.120 m1=0.85 m2=0.91 m3=0.79 m4=1.00
[PHYSICS] pitch=0.00 deg, altFt=-0.00 ft, dt=0.0202 s, rollCorr=-0.178 pitchCorr=-0.121 m1=0.85 m2=0.91 m3=0.79 m4=1.00
[PHYSICS] pitch=0.00 deg, altFt=-0.00 ft, dt=0.0098 s, rollCorr=-0.178 pitchCorr=-0.121 m1=0.85 m2=0.91 m3=0.79 m4=1.00
[PHYSICS] pitch=0.00 deg, altFt=-0.00 ft, dt=0.0100 s, rollCorr=-0.178 pitchCorr=-0.121 m1=0.85 m2=0.91 m3=0.79 m4=1.00
[NAV] WP=3 dist=37.0m bearing=180.0° → pitchTarget=-15.00° rollTarget=-0.00
[PHYSICS] pitch=0.00 deg, altFt=-0.00 ft, dt=0.0202 s, rollCorr=-0.178 pitchCorr=-0.121 m1=0.85 m2=0.91 m3=0.79 m4=1.00
[PHYSICS] pitch=0.00 deg, altFt=-0.00 ft, dt=0.0098 s, rollCorr=-0.178 pitchCorr=-0.121 m1=0.85 m2=0.91 m3=0.79 m4=1.00
[PHYSICS] pitch=0.00 deg, altFt=-0.00 ft, dt=0.0100 s, rollCorr=-0.178 pitchCorr=-0.121 m1=0.85 m2=0.91 m3=0.80 m4=1.00
[PHYSICS] pitch=0.00 deg, altFt=-0.00 ft, dt=0.0202 s, rollCorr=-0.178 pitchCorr=-0.122 m1=0.85 m2=0.91 m3=0.80 m4=1.00
[PHYSICS] pitch=0.00 deg, altFt=-0.00 ft, dt=0.0098 s, rollCorr=-0.178 pitchCorr=-0.122 m1=0.85 m2=0.91 m3=0.80 m4=1.00
[PHYSICS] pitch=0.00 deg, altFt=-0.00 ft, dt=0.0100 s, rollCorr=-0.178 pitchCorr=-0.122 m1=0.85 m2=0.91 m3=0.80 m4=1.00
[PHYSICS] pitch=0.00 deg, altFt=-0.00 ft, dt=0.0202 s, rollCorr=-0.178 pitchCorr=-0.122 m1=0.85 m2=0.91 m3=0.80 m4=1.00
[PHYSICS] pitch=0.00 deg, altFt=-0.00 ft, dt=0.0098 s, rollCorr=-0.178 pitchCorr=-0.123 m1=0.85 m2=0.91 m3=0.80 m4=1.00
[NAV] WP=3 dist=37.0m bearing=180.0° → pitchTarget=-15.00° rollTarget=-0.00
[PHYSICS] pitch=0.00 deg, altFt=-0.00 ft, dt=0.0197 s, rollCorr=-0.178 pitchCorr=-0.123 m1=0.85 m2=0.91 m3=0.80 m4=1.00
[PHYSICS] pitch=0.00 deg, altFt=-0.00 ft, dt=0.0096 s, rollCorr=-0.178 pitchCorr=-0.123 m1=0.85 m2=0.91 m3=0.80 m4=1.00
[PHYSICS] pitch=0.00 deg, altFt=-0.00 ft, dt=0.0099 s, rollCorr=-0.178 pitchCorr=-0.123 m1=0.85 m2=0.91 m3=0.80 m4=1.00
[PHYSICS] pitch=0.00 deg, altFt=-0.00 ft, dt=0.0200 s, rollCorr=-0.178 pitchCorr=-0.123 m1=0.85 m2=0.91 m3=0.80 m4=1.00
[PHYSICS] pitch=0.00 deg, altFt=-0.00 ft, dt=0.0098 s, rollCorr=-0.178 pitchCorr=-0.124 m1=0.85 m2=0.91 m3=0.80 m4=1.00
[PHYSICS] pitch=0.00 deg, altFt=-0.00 ft, dt=0.0100 s, rollCorr=-0.178 pitchCorr=-0.124 m1=0.85 m2=0.91 m3=0.80 m4=1.00
[PHYSICS] pitch=0.00 deg, altFt=-0.00 ft, dt=0.0202 s, rollCorr=-0.178 pitchCorr=-0.124 m1=0.85 m2=0.91 m3=0.80 m4=1.00
[NAV] WP=3 dist=37.0m bearing=180.0° → pitchTarget=-15.00° rollTarget=-0.00
[PHYSICS] pitch=0.00 deg, altFt=-0.00 ft, dt=0.0096 s, rollCorr=-0.178 pitchCorr=-0.124 m1=0.85 m2=0.91 m3=0.80 m4=1.00
[PHYSICS] pitch=0.00 deg, altFt=-0.00 ft, dt=0.0213 s, rollCorr=-0.178 pitchCorr=-0.124 m1=0.85 m2=0.91 m3=0.80 m4=1.00
[PHYSICS] pitch=0.00 deg, altFt=-0.00 ft, dt=0.0099 s, rollCorr=-0.178 pitchCorr=-0.125 m1=0.85 m2=0.90 m3=0.80 m4=1.00
[PHYSICS] pitch=0.00 deg, altFt=-0.00 ft, dt=0.0100 s, rollCorr=-0.178 pitchCorr=-0.125 m1=0.85 m2=0.90 m3=0.80 m4=1.00
[PHYSICS] pitch=0.00 deg, altFt=-0.00 ft, dt=0.0202 s, rollCorr=-0.178 pitchCorr=-0.125 m1=0.85 m2=0.90 m3=0.80 m4=1.00
[PHYSICS] pitch=0.00 deg, altFt=-0.00 ft, dt=0.0098 s, rollCorr=-0.178 pitchCorr=-0.125 m1=0.85 m2=0.90 m3=0.80 m4=1.00
[PHYSICS] pitch=0.00 deg, altFt=-0.00 ft, dt=0.0100 s, rollCorr=-0.178 pitchCorr=-0.125 m1=0.84 m2=0.90 m3=0.80 m4=1.00
[NAV] WP=3 dist=37.0m bearing=180.0° → pitchTarget=-15.00° rollTarget=-0.00
[PHYSICS] pitch=0.00 deg, altFt=-0.00 ft, dt=0.0202 s, rollCorr=-0.178 pitchCorr=-0.126 m1=0.84 m2=0.90 m3=0.80 m4=1.00
[PHYSICS] pitch=0.00 deg, altFt=-0.00 ft, dt=0.0098 s, rollCorr=-0.178 pitchCorr=-0.126 m1=0.84 m2=0.90 m3=0.80 m4=1.00
[PHYSICS] pitch=0.00 deg, altFt=-0.00 ft, dt=0.0100 s, rollCorr=-0.178 pitchCorr=-0.126 m1=0.84 m2=0.90 m3=0.80 m4=1.00
[PHYSICS] pitch=0.00 deg, altFt=-0.00 ft, dt=0.0202 s, rollCorr=-0.178 pitchCorr=-0.126 m1=0.84 m2=0.90 m3=0.80 m4=1.00
[PHYSICS] pitch=0.00 deg, altFt=-0.00 ft, dt=0.0098 s, rollCorr=-0.178 pitchCorr=-0.126 m1=0.84 m2=0.90 m3=0.80 m4=1.00
[PHYSICS] pitch=0.00 deg, altFt=-0.00 ft, dt=0.0100 s, rollCorr=-0.178 pitchCorr=-0.127 m1=0.84 m2=0.90 m3=0.80 m4=1.00
[PHYSICS] pitch=0.00 deg, altFt=-0.00 ft, dt=0.0202 s, rollCorr=-0.178 pitchCorr=-0.127 m1=0.84 m2=0.90 m3=0.80 m4=1.00
[PHYSICS] pitch=0.00 deg, altFt=-0.00 ft, dt=0.0098 s, rollCorr=-0.178 pitchCorr=-0.127 m1=0.84 m2=0.90 m3=0.80 m4=1.00
[NAV] WP=3 dist=37.0m bearing=180.0° → pitchTarget=-15.00° rollTarget=-0.00
[PHYSICS] pitch=0.00 deg, altFt=-0.00 ft, dt=0.0197 s, rollCorr=-0.178 pitchCorr=-0.127 m1=0.84 m2=0.90 m3=0.80 m4=1.00
[PHYSICS] pitch=0.00 deg, altFt=-0.00 ft, dt=0.0096 s, rollCorr=-0.178 pitchCorr=-0.127 m1=0.84 m2=0.90 m3=0.80 m4=1.00
[PHYSICS] pitch=0.00 deg, altFt=-0.00 ft, dt=0.0199 s, rollCorr=-0.178 pitchCorr=-0.128 m1=0.84 m2=0.90 m3=0.80 m4=1.00
[PHYSICS] pitch=0.00 deg, altFt=-0.00 ft, dt=0.0098 s, rollCorr=-0.178 pitchCorr=-0.128 m1=0.84 m2=0.90 m3=0.80 m4=1.00
[PHYSICS] pitch=0.00 deg, altFt=-0.00 ft, dt=0.0198 s, rollCorr=-0.178 pitchCorr=-0.128 m1=0.84 m2=0.90 m3=0.80 m4=1.00
[PHYSICS] pitch=0.00 deg, altFt=-0.00 ft, dt=0.0101 s, rollCorr=-0.178 pitchCorr=-0.128 m1=0.84 m2=0.90 m3=0.80 m4=1.00
[PHYSICS] pitch=0.00 deg, altFt=-0.00 ft, dt=0.0100 s, rollCorr=-0.178 pitchCorr=-0.129 m1=0.84 m2=0.90 m3=0.80 m4=1.00
[NAV] WP=3 dist=37.0m bearing=180.0° → pitchTarget=-15.00° rollTarget=-0.00
[PHYSICS] pitch=0.00 deg, altFt=-0.00 ft, dt=0.0201 s, rollCorr=-0.178 pitchCorr=-0.129 m1=0.84 m2=0.90 m3=0.80 m4=1.00
[PHYSICS] pitch=0.00 deg, altFt=-0.00 ft, dt=0.0099 s, rollCorr=-0.178 pitchCorr=-0.129 m1=0.84 m2=0.90 m3=0.80 m4=1.00
[PHYSICS] pitch=0.00 deg, altFt=-0.00 ft, dt=0.0100 s, rollCorr=-0.178 pitchCorr=-0.129 m1=0.84 m2=0.90 m3=0.80 m4=1.00
[PHYSICS] pitch=0.00 deg, altFt=-0.00 ft, dt=0.0202 s, rollCorr=-0.178 pitchCorr=-0.129 m1=0.84 m2=0.90 m3=0.80 m4=1.00
[PHYSICS] pitch=0.00 deg, altFt=-0.00 ft, dt=0.0098 s, rollCorr=-0.178 pitchCorr=-0.130 m1=0.84 m2=0.90 m3=0.80 m4=1.00
[PHYSICS] pitch=0.00 deg, altFt=-0.00 ft, dt=0.0100 s, rollCorr=-0.178 pitchCorr=-0.130 m1=0.84 m2=0.90 m3=0.80 m4=1.00
[PHYSICS] pitch=0.00 deg, altFt=-0.00 ft, dt=0.0202 s, rollCorr=-0.178 pitchCorr=-0.130 m1=0.84 m2=0.90 m3=0.80 m4=1.00
[NAV] WP=3 dist=37.0m bearing=180.0° → pitchTarget=-15.00° rollTarget=-0.00
[PHYSICS] pitch=0.00 deg, altFt=-0.00 ft, dt=0.0096 s, rollCorr=-0.178 pitchCorr=-0.130 m1=0.84 m2=0.90 m3=0.80 m4=1.00
[PHYSICS] pitch=0.00 deg, altFt=-0.00 ft, dt=0.0213 s, rollCorr=-0.178 pitchCorr=-0.130 m1=0.84 m2=0.90 m3=0.80 m4=1.00
[PHYSICS] pitch=0.00 deg, altFt=-0.00 ft, dt=0.0098 s, rollCorr=-0.178 pitchCorr=-0.131 m1=0.84 m2=0.90 m3=0.80 m4=1.00
[PHYSICS] pitch=0.00 deg, altFt=-0.00 ft, dt=0.0100 s, rollCorr=-0.178 pitchCorr=-0.131 m1=0.84 m2=0.90 m3=0.80 m4=1.00
[PHYSICS] pitch=0.00 deg, altFt=-0.00 ft, dt=0.0202 s, rollCorr=-0.178 pitchCorr=-0.131 m1=0.84 m2=0.90 m3=0.80 m4=1.00
[PHYSICS] pitch=0.00 deg, altFt=-0.00 ft, dt=0.0098 s, rollCorr=-0.178 pitchCorr=-0.131 m1=0.84 m2=0.90 m3=0.80 m4=1.00
[PHYSICS] pitch=0.00 deg, altFt=-0.00 ft, dt=0.0100 s, rollCorr=-0.178 pitchCorr=-0.131 m1=0.84 m2=0.90 m3=0.80 m4=1.00
[NAV] WP=3 dist=37.0m bearing=180.0° → pitchTarget=-15.00° rollTarget=-0.00
[PHYSICS] pitch=0.00 deg, altFt=-0.00 ft, dt=0.0202 s, rollCorr=-0.178 pitchCorr=-0.132 m1=0.84 m2=0.90 m3=0.81 m4=1.00
[PHYSICS] pitch=0.00 deg, altFt=-0.00 ft, dt=0.0098 s, rollCorr=-0.178 pitchCorr=-0.132 m1=0.84 m2=0.90 m3=0.81 m4=1.00
[PHYSICS] pitch=0.00 deg, altFt=-0.00 ft, dt=0.0100 s, rollCorr=-0.178 pitchCorr=-0.132 m1=0.84 m2=0.90 m3=0.81 m4=1.00
[PHYSICS] pitch=0.00 deg, altFt=-0.00 ft, dt=0.0202 s, rollCorr=-0.178 pitchCorr=-0.132 m1=0.84 m2=0.90 m3=0.81 m4=1.00
[PHYSICS] pitch=0.00 deg, altFt=-0.00 ft, dt=0.0098 s, rollCorr=-0.178 pitchCorr=-0.132 m1=0.84 m2=0.90 m3=0.81 m4=1.00
[PHYSICS] pitch=0.00 deg, altFt=-0.00 ft, dt=0.0100 s, rollCorr=-0.178 pitchCorr=-0.133 m1=0.84 m2=0.90 m3=0.81 m4=1.00
[PHYSICS] pitch=0.00 deg, altFt=-0.00 ft, dt=0.0202 s, rollCorr=-0.178 pitchCorr=-0.133 m1=0.84 m2=0.90 m3=0.81 m4=1.00
[PHYSICS] pitch=0.00 deg, altFt=-0.00 ft, dt=0.0098 s, rollCorr=-0.178 pitchCorr=-0.133 m1=0.84 m2=0.90 m3=0.81 m4=1.00
[NAV] WP=3 dist=37.0m bearing=180.0° → pitchTarget=-15.00° rollTarget=-0.00
[PHYSICS] pitch=0.00 deg, altFt=-0.00 ft, dt=0.0197 s, rollCorr=-0.178 pitchCorr=-0.133 m1=0.84 m2=0.90 m3=0.81 m4=1.00
[PHYSICS] pitch=0.00 deg, altFt=-0.00 ft, dt=0.0096 s, rollCorr=-0.178 pitchCorr=-0.133 m1=0.84 m2=0.90 m3=0.81 m4=1.00
[PHYSICS] pitch=0.00 deg, altFt=-0.00 ft, dt=0.0099 s, rollCorr=-0.178 pitchCorr=-0.134 m1=0.84 m2=0.90 m3=0.81 m4=1.00
[PHYSICS] pitch=0.00 deg, altFt=-0.00 ft, dt=0.0200 s, rollCorr=-0.178 pitchCorr=-0.134 m1=0.84 m2=0.90 m3=0.81 m4=1.00
[PHYSICS] pitch=0.00 deg, altFt=-0.00 ft, dt=0.0098 s, rollCorr=-0.178 pitchCorr=-0.134 m1=0.84 m2=0.90 m3=0.81 m4=1.00
[PHYSICS] pitch=0.00 deg, altFt=-0.00 ft, dt=0.0100 s, rollCorr=-0.178 pitchCorr=-0.134 m1=0.84 m2=0.90 m3=0.81 m4=1.00
[PHYSICS] pitch=0.00 deg, altFt=-0.00 ft, dt=0.0202 s, rollCorr=-0.178 pitchCorr=-0.135 m1=0.84 m2=0.90 m3=0.81 m4=1.00
[NAV] WP=3 dist=37.0m bearing=180.0° → pitchTarget=-15.00° rollTarget=-0.00
[PHYSICS] pitch=0.00 deg, altFt=-0.00 ft, dt=0.0097 s, rollCorr=-0.178 pitchCorr=-0.135 m1=0.84 m2=0.89 m3=0.81 m4=1.00
[PHYSICS] pitch=0.00 deg, altFt=-0.00 ft, dt=0.0213 s, rollCorr=-0.178 pitchCorr=-0.135 m1=0.84 m2=0.89 m3=0.81 m4=1.00
[PHYSICS] pitch=0.00 deg, altFt=-0.00 ft, dt=0.0098 s, rollCorr=-0.178 pitchCorr=-0.135 m1=0.84 m2=0.89 m3=0.81 m4=1.00
[PHYSICS] pitch=0.00 deg, altFt=-0.00 ft, dt=0.0100 s, rollCorr=-0.178 pitchCorr=-0.135 m1=0.84 m2=0.89 m3=0.81 m4=1.00
[PHYSICS] pitch=0.00 deg, altFt=-0.00 ft, dt=0.0202 s, rollCorr=-0.178 pitchCorr=-0.136 m1=0.83 m2=0.89 m3=0.81 m4=1.00
[PHYSICS] pitch=0.00 deg, altFt=-0.00 ft, dt=0.0098 s, rollCorr=-0.178 pitchCorr=-0.136 m1=0.83 m2=0.89 m3=0.81 m4=1.00
[PHYSICS] pitch=0.00 deg, altFt=-0.00 ft, dt=0.0100 s, rollCorr=-0.178 pitchCorr=-0.136 m1=0.83 m2=0.89 m3=0.81 m4=1.00
[NAV] WP=3 dist=37.0m bearing=180.0° → pitchTarget=-15.00° rollTarget=-0.00
[PHYSICS] pitch=0.00 deg, altFt=-0.00 ft, dt=0.0202 s, rollCorr=-0.178 pitchCorr=-0.136 m1=0.83 m2=0.89 m3=0.81 m4=1.00
[PHYSICS] pitch=0.00 deg, altFt=-0.00 ft, dt=0.0098 s, rollCorr=-0.178 pitchCorr=-0.136 m1=0.83 m2=0.89 m3=0.81 m4=1.00
[PHYSICS] pitch=0.00 deg, altFt=-0.00 ft, dt=0.0100 s, rollCorr=-0.178 pitchCorr=-0.136 m1=0.83 m2=0.89 m3=0.81 m4=1.00
[PHYSICS] pitch=0.00 deg, altFt=-0.00 ft, dt=0.0202 s, rollCorr=-0.178 pitchCorr=-0.137 m1=0.83 m2=0.89 m3=0.81 m4=1.00
[PHYSICS] pitch=0.00 deg, altFt=-0.00 ft, dt=0.0098 s, rollCorr=-0.178 pitchCorr=-0.137 m1=0.83 m2=0.89 m3=0.81 m4=1.00
[PHYSICS] pitch=0.00 deg, altFt=-0.00 ft, dt=0.0100 s, rollCorr=-0.178 pitchCorr=-0.137 m1=0.83 m2=0.89 m3=0.81 m4=1.00
[PHYSICS] pitch=0.00 deg, altFt=-0.00 ft, dt=0.0202 s, rollCorr=-0.178 pitchCorr=-0.137 m1=0.83 m2=0.89 m3=0.81 m4=1.00
[PHYSICS] pitch=0.00 deg, altFt=-0.00 ft, dt=0.0098 s, rollCorr=-0.178 pitchCorr=-0.138 m1=0.83 m2=0.89 m3=0.81 m4=1.00
[NAV] WP=3 dist=37.0m bearing=180.0° → pitchTarget=-15.00° rollTarget=-0.00
[PHYSICS] pitch=0.00 deg, altFt=-0.00 ft, dt=0.0197 s, rollCorr=-0.178 pitchCorr=-0.138 m1=0.83 m2=0.89 m3=0.81 m4=1.00
[PHYSICS] pitch=0.00 deg, altFt=-0.00 ft, dt=0.0096 s, rollCorr=-0.178 pitchCorr=-0.138 m1=0.83 m2=0.89 m3=0.81 m4=1.00
[PHYSICS] pitch=0.00 deg, altFt=-0.00 ft, dt=0.0099 s, rollCorr=-0.178 pitchCorr=-0.138 m1=0.83 m2=0.89 m3=0.81 m4=1.00
[PHYSICS] pitch=0.00 deg, altFt=-0.00 ft, dt=0.0199 s, rollCorr=-0.178 pitchCorr=-0.138 m1=0.83 m2=0.89 m3=0.81 m4=1.00
[PHYSICS] pitch=0.00 deg, altFt=-0.00 ft, dt=0.0098 s, rollCorr=-0.178 pitchCorr=-0.139 m1=0.83 m2=0.89 m3=0.81 m4=1.00
[PHYSICS] pitch=0.00 deg, altFt=-0.00 ft, dt=0.0100 s, rollCorr=-0.178 pitchCorr=-0.139 m1=0.83 m2=0.89 m3=0.81 m4=1.00
[PHYSICS] pitch=0.00 deg, altFt=-0.00 ft, dt=0.0202 s, rollCorr=-0.178 pitchCorr=-0.139 m1=0.83 m2=0.89 m3=0.81 m4=1.00
[NAV] WP=3 dist=37.0m bearing=180.0° → pitchTarget=-15.00° rollTarget=-0.00
[PHYSICS] pitch=0.00 deg, altFt=-0.00 ft, dt=0.0097 s, rollCorr=-0.178 pitchCorr=-0.139 m1=0.83 m2=0.89 m3=0.81 m4=1.00
[PHYSICS] pitch=0.00 deg, altFt=-0.00 ft, dt=0.0213 s, rollCorr=-0.178 pitchCorr=-0.139 m1=0.83 m2=0.89 m3=0.81 m4=1.00
[PHYSICS] pitch=0.00 deg, altFt=-0.00 ft, dt=0.0099 s, rollCorr=-0.178 pitchCorr=-0.140 m1=0.83 m2=0.89 m3=0.81 m4=1.00
[PHYSICS] pitch=0.00 deg, altFt=-0.00 ft, dt=0.0099 s, rollCorr=-0.178 pitchCorr=-0.140 m1=0.83 m2=0.89 m3=0.81 m4=1.00
[PHYSICS] pitch=0.00 deg, altFt=-0.00 ft, dt=0.0202 s, rollCorr=-0.178 pitchCorr=-0.140 m1=0.83 m2=0.89 m3=0.81 m4=1.00
[PHYSICS] pitch=0.00 deg, altFt=-0.00 ft, dt=0.0098 s, rollCorr=-0.178 pitchCorr=-0.140 m1=0.83 m2=0.89 m3=0.81 m4=1.00
[PHYSICS] pitch=0.00 deg, altFt=-0.00 ft, dt=0.0100 s, rollCorr=-0.178 pitchCorr=-0.140 m1=0.83 m2=0.89 m3=0.81 m4=1.00
[NAV] WP=3 dist=37.0m bearing=180.0° → pitchTarget=-15.00° rollTarget=-0.00
[PHYSICS] pitch=0.00 deg, altFt=-0.00 ft, dt=0.0202 s, rollCorr=-0.178 pitchCorr=-0.141 m1=0.83 m2=0.89 m3=0.81 m4=1.00
[PHYSICS] pitch=0.00 deg, altFt=-0.00 ft, dt=0.0098 s, rollCorr=-0.178 pitchCorr=-0.141 m1=0.83 m2=0.89 m3=0.81 m4=1.00
[PHYSICS] pitch=0.00 deg, altFt=-0.00 ft, dt=0.0100 s, rollCorr=-0.178 pitchCorr=-0.141 m1=0.83 m2=0.89 m3=0.81 m4=1.00
[PHYSICS] pitch=0.00 deg, altFt=-0.00 ft, dt=0.0202 s, rollCorr=-0.178 pitchCorr=-0.141 m1=0.83 m2=0.89 m3=0.81 m4=1.00
[PHYSICS] pitch=0.00 deg, altFt=-0.00 ft, dt=0.0098 s, rollCorr=-0.178 pitchCorr=-0.141 m1=0.83 m2=0.89 m3=0.82 m4=1.00
[PHYSICS] pitch=0.00 deg, altFt=-0.00 ft, dt=0.0100 s, rollCorr=-0.178 pitchCorr=-0.142 m1=0.83 m2=0.89 m3=0.82 m4=1.00
[PHYSICS] pitch=0.00 deg, altFt=-0.00 ft, dt=0.0202 s, rollCorr=-0.178 pitchCorr=-0.142 m1=0.83 m2=0.89 m3=0.82 m4=1.00
[PHYSICS] pitch=0.00 deg, altFt=-0.00 ft, dt=0.0098 s, rollCorr=-0.178 pitchCorr=-0.142 m1=0.83 m2=0.89 m3=0.82 m4=1.00
[NAV] WP=3 dist=37.0m bearing=180.0° → pitchTarget=-15.00° rollTarget=-0.00
[PHYSICS] pitch=0.00 deg, altFt=-0.00 ft, dt=0.0197 s, rollCorr=-0.178 pitchCorr=-0.142 m1=0.83 m2=0.89 m3=0.82 m4=1.00
[PHYSICS] pitch=0.00 deg, altFt=-0.00 ft, dt=0.0096 s, rollCorr=-0.178 pitchCorr=-0.142 m1=0.83 m2=0.89 m3=0.82 m4=1.00
[PHYSICS] pitch=0.00 deg, altFt=-0.00 ft, dt=0.0099 s, rollCorr=-0.178 pitchCorr=-0.143 m1=0.83 m2=0.89 m3=0.82 m4=1.00
[PHYSICS] pitch=0.00 deg, altFt=-0.00 ft, dt=0.0200 s, rollCorr=-0.178 pitchCorr=-0.143 m1=0.83 m2=0.89 m3=0.82 m4=1.00
[PHYSICS] pitch=0.00 deg, altFt=-0.00 ft, dt=0.0098 s, rollCorr=-0.178 pitchCorr=-0.143 m1=0.83 m2=0.89 m3=0.82 m4=1.00
[PHYSICS] pitch=0.00 deg, altFt=-0.00 ft, dt=0.0100 s, rollCorr=-0.178 pitchCorr=-0.143 m1=0.83 m2=0.89 m3=0.82 m4=1.00
[PHYSICS] pitch=0.00 deg, altFt=-0.00 ft, dt=0.0202 s, rollCorr=-0.178 pitchCorr=-0.144 m1=0.83 m2=0.89 m3=0.82 m4=1.00
[NAV] WP=3 dist=37.0m bearing=180.0° → pitchTarget=-15.00° rollTarget=-0.00
[PHYSICS] pitch=0.00 deg, altFt=-0.00 ft, dt=0.0096 s, rollCorr=-0.178 pitchCorr=-0.144 m1=0.83 m2=0.89 m3=0.82 m4=1.00
[PHYSICS] pitch=0.00 deg, altFt=-0.00 ft, dt=0.0213 s, rollCorr=-0.178 pitchCorr=-0.144 m1=0.83 m2=0.89 m3=0.82 m4=1.00
[PHYSICS] pitch=0.00 deg, altFt=-0.00 ft, dt=0.0099 s, rollCorr=-0.178 pitchCorr=-0.144 m1=0.83 m2=0.89 m3=0.82 m4=1.00
[PHYSICS] pitch=0.00 deg, altFt=-0.00 ft, dt=0.0100 s, rollCorr=-0.178 pitchCorr=-0.144 m1=0.83 m2=0.89 m3=0.82 m4=1.00
[PHYSICS] pitch=0.00 deg, altFt=-0.00 ft, dt=0.0202 s, rollCorr=-0.178 pitchCorr=-0.145 m1=0.83 m2=0.89 m3=0.82 m4=1.00
[PHYSICS] pitch=0.00 deg, altFt=-0.00 ft, dt=0.0098 s, rollCorr=-0.178 pitchCorr=-0.145 m1=0.83 m2=0.88 m3=0.82 m4=1.00
[PHYSICS] pitch=0.00 deg, altFt=-0.00 ft, dt=0.0100 s, rollCorr=-0.178 pitchCorr=-0.145 m1=0.83 m2=0.88 m3=0.82 m4=1.00
[NAV] WP=3 dist=37.0m bearing=180.0° → pitchTarget=-15.00° rollTarget=-0.00
[PHYSICS] pitch=0.00 deg, altFt=-0.00 ft, dt=0.0202 s, rollCorr=-0.178 pitchCorr=-0.145 m1=0.83 m2=0.88 m3=0.82 m4=1.00
[PHYSIC
[GPS + Compass Injection Test] delay 2000ms
S] pitch=0.00 deg, altFt=-0.00 ft, dt=0.0098 s, rollCorr=-0.178 pitchCorr=-0.145 m1=0.83 m2=0.88 m3=0.82 m4=1.00
[PHYSICS] pitch=0.00 deg, altFt=-0.00 ft, dt=0.0100 s, rollCorr=-0.178 pitchCorr=-0.145 m1=0.82 m2=0.88 m3=0.82 m4=1.00
[PHYSICS] pitch=0.00 deg, altFt=-0.00 ft, dt=0.0202 s, rollCorr=-0.178 pitchCorr=-0.146 m1=0.82 m2=0.88 m3=0.82 m4=1.00
[PHYSICS] pitch=0.00 deg, altFt=-0.00 ft, dt=0.0098 s, rollCorr=-0.178 pitchCorr=-0.146 m1=0.82 m2=0.88 m3=0.82 m4=1.00
[PHYSICS] pitch=0.00 deg, altFt=-0.00 ft, dt=0.0100 s, rollCorr=-0.178 pitchCorr=-0.146 m1=0.82 m2=0.88 m3=0.82 m4=1.00
[PHYSICS] pitch=0.00 deg, altFt=-0.00 ft, dt=0.0202 s, rollCorr=-0.178 pitchCorr=-0.146 m1=0.82 m2=0.88 m3=0.82 m4=1.00
[PHYSICS] pitch=0.00 deg, altFt=-0.00 ft, dt=0.0098 s, rollCorr=-0.178 pitchCorr=-0.147 m1=0.82 m2=0.88 m3=0.82 m4=1.00
[NAV] WP=3 dist=16.0m bearing=180.0° → pitchTarget=13.01° rollTarget=0.00
[PHYSICS] pitch=0.00 deg, altFt=-0.00 ft, dt=0.0197 s, rollCorr=-0.178 pitchCorr=0.300 m1=1.00 m2=1.00 m3=0.37 m4=1.00
[PHYSICS] pitch=0.00 deg, altFt=-0.00 ft, dt=0.0096 s, rollCorr=-0.178 pitchCorr=0.134 m1=1.00 m2=1.00 m3=0.54 m4=1.00
[PHYSICS] pitch=0.00 deg, altFt=-0.00 ft, dt=0.0097 s, rollCorr=-0.178 pitchCorr=0.134 m1=1.00 m2=1.00 m3=0.54 m4=1.00
[PHYSICS] pitch=0.00 deg, altFt=-0.00 ft, dt=0.0202 s, rollCorr=-0.178 pitchCorr=0.134 m1=1.00 m2=1.00 m3=0.54 m4=1.00
[PHYSICS] pitch=0.00 deg, altFt=-0.00 ft, dt=0.0098 s, rollCorr=-0.178 pitchCorr=0.134 m1=1.00 m2=1.00 m3=0.54 m4=1.00
[PHYSICS] pitch=0.00 deg, altFt=-0.00 ft, dt=0.0100 s, rollCorr=-0.178 pitchCorr=0.135 m1=1.00 m2=1.00 m3=0.54 m4=1.00
[PHYSICS] pitch=0.00 deg, altFt=-0.00 ft, dt=0.0100 s, rollCorr=-0.178 pitchCorr=0.135 m1=1.00 m2=1.00 m3=0.54 m4=1.00
[NAV] WP=3 dist=16.0m bearing=180.0° → pitchTarget=-8.01° rollTarget=-0.00
[PHYSICS] pitch=0.00 deg, altFt=-0.00 ft, dt=0.0202 s, rollCorr=-0.178 pitchCorr=-0.300 m1=0.67 m2=0.73 m3=0.97 m4=1.00
[PHYSICS] pitch=0.00 deg, altFt=-0.00 ft, dt=0.0098 s, rollCorr=-0.178 pitchCorr=-0.076 m1=0.89 m2=0.95 m3=0.75 m4=1.00
[PHYSICS] pitch=0.00 deg, altFt=-0.00 ft, dt=0.0100 s, rollCorr=-0.178 pitchCorr=-0.076 m1=0.89 m2=0.95 m3=0.75 m4=1.00
[PHYSICS] pitch=0.00 deg, altFt=-0.00 ft, dt=0.0202 s, rollCorr=-0.178 pitchCorr=-0.076 m1=0.89 m2=0.95 m3=0.75 m4=1.00
[PHYSICS] pitch=0.00 deg, altFt=-0.00 ft, dt=0.0098 s, rollCorr=-0.178 pitchCorr=-0.076 m1=0.89 m2=0.95 m3=0.75 m4=1.00
[PHYSICS] pitch=0.00 deg, altFt=-0.00 ft, dt=0.0198 s, rollCorr=-0.178 pitchCorr=-0.076 m1=0.89 m2=0.95 m3=0.75 m4=1.00
[PHYSICS] pitch=0.00 deg, altFt=-0.00 ft, dt=0.0101 s, rollCorr=-0.178 pitchCorr=-0.076 m1=0.89 m2=0.95 m3=0.75 m4=1.00
[PHYSICS] pitch=0.00 deg, altFt=-0.00 ft, dt=0.0100 s, rollCorr=-0.178 pitchCorr=-0.076 m1=0.89 m2=0.95 m3=0.75 m4=1.00
[NAV] WP=3 dist=16.0m bearing=180.0° → pitchTarget=-8.01° rollTarget=-0.00
[PHYSICS] pitch=0.00 deg, altFt=-0.00 ft, dt=0.0201 s, rollCorr=-0.178 pitchCorr=-0.076 m1=0.89 m2=0.95 m3=0.75 m4=1.00
[PHYSICS] pitch=0.00 deg, altFt=-0.00 ft, dt=0.0099 s, rollCorr=-0.178 pitchCorr=-0.077 m1=0.89 m2=0.95 m3=0.75 m4=1.00
[PHYSICS] pitch=0.00 deg, altFt=-0.00 ft, dt=0.0100 s, rollCorr=-0.178 pitchCorr=-0.077 m1=0.89 m2=0.95 m3=0.75 m4=1.00
[PHYSICS] pitch=0.00 deg, altFt=-0.00 ft, dt=0.0202 s, rollCorr=-0.178 pitchCorr=-0.077 m1=0.89 m2=0.95 m3=0.75 m4=1.00
[PHYSICS] pitch=0.00 deg, altFt=-0.00 ft, dt=0.0098 s, rollCorr=-0.178 pitchCorr=-0.077 m1=0.89 m2=0.95 m3=0.75 m4=1.00
[PHYSICS] pitch=0.00 deg, altFt=-0.00 ft, dt=0.0100 s, rollCorr=-0.178 pitchCorr=-0.077 m1=0.89 m2=0.95 m3=0.75 m4=1.00
[PHYSICS] pitch=0.00 deg, altFt=-0.00 ft, dt=0.0202 s, rollCorr=-0.178 pitchCorr=-0.077 m1=0.89 m2=0.95 m3=0.75 m4=1.00
[NAV] WP=3 dist=16.0m bearing=180.0° → pitchTarget=-8.01° rollTarget=-0.00
[PHYSICS] pitch=0.00 deg, altFt=-0.00 ft, dt=0.0097 s, rollCorr=-0.178 pitchCorr=-0.077 m1=0.89 m2=0.95 m3=0.75 m4=1.00
[PHYSICS] pitch=0.00 deg, altFt=-0.00 ft, dt=0.0213 s, rollCorr=-0.178 pitchCorr=-0.077 m1=0.89 m2=0.95 m3=0.75 m4=1.00
[PHYSICS] pitch=0.00 deg, altFt=-0.00 ft, dt=0.0099 s, rollCorr=-0.178 pitchCorr=-0.077 m1=0.89 m2=0.95 m3=0.75 m4=1.00
[PHYSICS] pitch=0.00 deg, altFt=-0.00 ft, dt=0.0100 s, rollCorr=-0.178 pitchCorr=-0.078 m1=0.89 m2=0.95 m3=0.75 m4=1.00
[PHYSICS] pitch=0.00 deg, altFt=-0.00 ft, dt=0.0202 s, rollCorr=-0.178 pitchCorr=-0.078 m1=0.89 m2=0.95 m3=0.75 m4=1.00
[PHYSICS] pitch=0.00 deg, altFt=-0.00 ft, dt=0.0098 s, rollCorr=-0.178 pitchCorr=-0.078 m1=0.89 m2=0.95 m3=0.75 m4=1.00
[PHYSICS] pitch=0.00 deg, altFt=-0.00 ft, dt=0.0100 s, rollCorr=-0.178 pitchCorr=-0.078 m1=0.89 m2=0.95 m3=0.75 m4=1.00
[NAV] WP=3 dist=16.0m bearing=180.0° → pitchTarget=-8.01° rollTarget=-0.00
[PHYSICS] pitch=0.00 deg, altFt=-0.00 ft, dt=0.0202 s, rollCorr=-0.178 pitchCorr=-0.078 m1=0.89 m2=0.95 m3=0.75 m4=1.00
[PHYSICS] pitch=0.00 deg, altFt=-0.00 ft, dt=0.0098 s, rollCorr=-0.178 pitchCorr=-0.078 m1=0.89 m2=0.95 m3=0.75 m4=1.00
[PHYSICS] pitch=0.00 deg, altFt=-0.00 ft, dt=0.0100 s, rollCorr=-0.178 pitchCorr=-0.078 m1=0.89 m2=0.95 m3=0.75 m4=1.00
[PHYSICS] pitch=0.00 deg, altFt=-0.00 ft, dt=0.0202 s, rollCorr=-0.178 pitchCorr=-0.078 m1=0.89 m2=0.95 m3=0.75 m4=1.00
[PHYSICS] pitch=0.00 deg, altFt=-0.00 ft, dt=0.0098 s, rollCorr=-0.178 pitchCorr=-0.078 m1=0.89 m2=0.95 m3=0.75 m4=1.00
[PHYSICS] pitch=0.00 deg, altFt=-0.00 ft, dt=0.0100 s, rollCorr=-0.178 pitchCorr=-0.078 m1=0.89 m2=0.95 m3=0.75 m4=1.00
[PHYSICS] pitch=0.00 deg, altFt=-0.00 ft, dt=0.0202 s, rollCorr=-0.178 pitchCorr=-0.079 m1=0.89 m2=0.95 m3=0.75 m4=1.00
[PHYSICS] pitch=0.00 deg, altFt=-0.00 ft, dt=0.0098 s, rollCorr=-0.178 pitchCorr=-0.079 m1=0.89 m2=0.95 m3=0.75 m4=1.00
[NAV] WP=3 dist=16.0m bearing=180.0° → pitchTarget=-8.01° rollTarget=-0.00
[PHYSICS] pitch=0.00 deg, altFt=-0.00 ft, dt=0.0197 s, rollCorr=-0.178 pitchCorr=-0.079 m1=0.89 m2=0.95 m3=0.75 m4=1.00
[PHYSICS] pitch=0.00 deg, altFt=-0.00 ft, dt=0.0096 s, rollCorr=-0.178 pitchCorr=-0.079 m1=0.89 m2=0.95 m3=0.75 m4=1.00
[PHYSICS] pitch=0.00 deg, altFt=-0.00 ft, dt=0.0099 s, rollCorr=-0.178 pitchCorr=-0.079 m1=0.89 m2=0.95 m3=0.75 m4=1.00
[PHYSICS] pitch=0.00 deg, altFt=-0.00 ft, dt=0.0200 s, rollCorr=-0.178 pitchCorr=-0.079 m1=0.89 m2=0.95 m3=0.75 m4=1.00
[PHYSICS] pitch=0.00 deg, altFt=-0.00 ft, dt=0.0098 s, rollCorr=-0.178 pitchCorr=-0.079 m1=0.89 m2=0.95 m3=0.75 m4=1.00
[PHYSICS] pitch=0.00 deg, altFt=-0.00 ft, dt=0.0100 s, rollCorr=-0.178 pitchCorr=-0.079 m1=0.89 m2=0.95 m3=0.75 m4=1.00
[PHYSICS] pitch=0.00 deg, altFt=-0.00 ft, dt=0.0202 s, rollCorr=-0.178 pitchCorr=-0.080 m1=0.89 m2=0.95 m3=0.75 m4=1.00
[NAV] WP=3 dist=16.0m bearing=180.0° → pitchTarget=-8.01° rollTarget=-0.00
[PHYSICS] pitch=0.00 deg, altFt=-0.00 ft, dt=0.0097 s, rollCorr=-0.178 pitchCorr=-0.080 m1=0.89 m2=0.95 m3=0.75 m4=1.00
[PHYSICS] pitch=0.00 deg, altFt=-0.00 ft, dt=0.0213 s, rollCorr=-0.178 pitchCorr=-0.080 m1=0.89 m2=0.95 m3=0.75 m4=1.00
[PHYSICS] pitch=0.00 deg, altFt=-0.00 ft, dt=0.0099 s, rollCorr=-0.178 pitchCorr=-0.080 m1=0.89 m2=0.95 m3=0.75 m4=1.00
[PHYSICS] pitch=0.00 deg, altFt=-0.00 ft, dt=0.0100 s, rollCorr=-0.178 pitchCorr=-0.080 m1=0.89 m2=0.95 m3=0.75 m4=1.00
[PHYSICS] pitch=0.00 deg, altFt=-0.00 ft, dt=0.0202 s, rollCorr=-0.178 pitchCorr=-0.080 m1=0.89 m2=0.95 m3=0.75 m4=1.00
[PHYSICS] pitch=0.00 deg, altFt=-0.00 ft, dt=0.0098 s, rollCorr=-0.178 pitchCorr=-0.080 m1=0.89 m2=0.95 m3=0.75 m4=1.00
[PHYSICS] pitch=0.00 deg, altFt=-0.00 ft, dt=0.0100 s, rollCorr=-0.178 pitchCorr=-0.080 m1=0.89 m2=0.95 m3=0.75 m4=1.00
[NAV] WP=3 dist=16.0m bearing=180.0° → pitchTarget=-8.01° rollTarget=-0.00
[PHYSICS] pitch=0.00 deg, altFt=-0.00 ft, dt=0.0202 s, rollCorr=-0.178 pitchCorr=-0.080 m1=0.89 m2=0.95 m3=0.75 m4=1.00
[PHYSICS] pitch=0.00 deg, altFt=-0.00 ft, dt=0.0098 s, rollCorr=-0.178 pitchCorr=-0.080 m1=0.89 m2=0.95 m3=0.75 m4=1.00
[PHYSICS] pitch=0.00 deg, altFt=-0.00 ft, dt=0.0100 s, rollCorr=-0.178 pitchCorr=-0.081 m1=0.89 m2=0.95 m3=0.75 m4=1.00
[PHYSICS] pitch=0.00 deg, altFt=-0.00 ft, dt=0.0202 s, rollCorr=-0.178 pitchCorr=-0.081 m1=0.89 m2=0.95 m3=0.75 m4=1.00
[PHYSICS] pitch=0.00 deg, altFt=-0.00 ft, dt=0.0098 s, rollCorr=-0.178 pitchCorr=-0.081 m1=0.89 m2=0.95 m3=0.75 m4=1.00
[PHYSICS] pitch=0.00 deg, altFt=-0.00 ft, dt=0.0100 s, rollCorr=-0.178 pitchCorr=-0.081 m1=0.89 m2=0.95 m3=0.75 m4=1.00
[PHYSICS] pitch=0.00 deg, altFt=-0.00 ft, dt=0.0202 s, rollCorr=-0.178 pitchCorr=-0.081 m1=0.89 m2=0.95 m3=0.75 m4=1.00
[PHYSICS] pitch=0.00 deg, altFt=-0.00 ft, dt=0.0098 s, rollCorr=-0.178 pitchCorr=-0.081 m1=0.89 m2=0.95 m3=0.75 m4=1.00
[NAV] WP=3 dist=16.0m bearing=180.0° → pitchTarget=-8.01° rollTarget=-0.00
[PHYSICS] pitch=0.00 deg, altFt=-0.00 ft, dt=0.0197 s, rollCorr=-0.178 pitchCorr=-0.081 m1=0.89 m2=0.95 m3=0.75 m4=1.00
[PHYSICS] pitch=0.00 deg, altFt=-0.00 ft, dt=0.0096 s, rollCorr=-0.178 pitchCorr=-0.081 m1=0.89 m2=0.95 m3=0.75 m4=1.00
[PHYSICS] pitch=0.00 deg, altFt=-0.00 ft, dt=0.0099 s, rollCorr=-0.178 pitchCorr=-0.081 m1=0.89 m2=0.95 m3=0.76 m4=1.00
[PHYSICS] pitch=0.00 deg, altFt=-0.00 ft, dt=0.0200 s, rollCorr=-0.178 pitchCorr=-0.082 m1=0.89 m2=0.95 m3=0.76 m4=1.00
[PHYSICS] pitch=0.00 deg, altFt=-0.00 ft, dt=0.0098 s, rollCorr=-0.178 pitchCorr=-0.082 m1=0.89 m2=0.95 m3=0.76 m4=1.00
[PHYSICS] pitch=0.00 deg, altFt=-0.00 ft, dt=0.0100 s, rollCorr=-0.178 pitchCorr=-0.082 m1=0.89 m2=0.95 m3=0.76 m4=1.00
[PHYSICS] pitch=0.00 deg, altFt=-0.00 ft, dt=0.0202 s, rollCorr=-0.178 pitchCorr=-0.082 m1=0.89 m2=0.95 m3=0.76 m4=1.00
[NAV] WP=3 dist=16.0m bearing=180.0° → pitchTarget=-8.01° rollTarget=-0.00
[PHYSICS] pitch=0.00 deg, altFt=-0.00 ft, dt=0.0096 s, rollCorr=-0.178 pitchCorr=-0.082 m1=0.89 m2=0.95 m3=0.76 m4=1.00
[PHYSICS] pitch=0.00 deg, altFt=-0.00 ft, dt=0.0213 s, rollCorr=-0.178 pitchCorr=-0.082 m1=0.89 m2=0.95 m3=0.76 m4=1.00
[PHYSICS] pitch=0.00 deg, altFt=-0.00 ft, dt=0.0099 s, rollCorr=-0.178 pitchCorr=-0.082 m1=0.89 m2=0.95 m3=0.76 m4=1.00
[PHYSICS] pitch=0.00 deg, altFt=-0.00 ft, dt=0.0100 s, rollCorr=-0.178 pitchCorr=-0.082 m1=0.89 m2=0.95 m3=0.76 m4=1.00
[PHYSICS] pitch=0.00 deg, altFt=-0.00 ft, dt=0.0202 s, rollCorr=-0.178 pitchCorr=-0.083 m1=0.89 m2=0.95 m3=0.76 m4=1.00
[PHYSICS] pitch=0.00 deg, altFt=-0.00 ft, dt=0.0098 s, rollCorr=-0.178 pitchCorr=-0.083 m1=0.89 m2=0.95 m3=0.76 m4=1.00
[PHYSICS] pitch=0.00 deg, altFt=-0.00 ft, dt=0.0100 s, rollCorr=-0.178 pitchCorr=-0.083 m1=0.89 m2=0.95 m3=0.76 m4=1.00
[NAV] WP=3 dist=16.0m bearing=180.0° → pitchTarget=-8.01° rollTarget=-0.00
[PHYSICS] pitch=0.00 deg, altFt=-0.00 ft, dt=0.0202 s, rollCorr=-0.178 pitchCorr=-0.083 m1=0.89 m2=0.95 m3=0.76 m4=1.00
[PHYSICS] pitch=0.00 deg, altFt=-0.00 ft, dt=0.0098 s, rollCorr=-0.178 pitchCorr=-0.083 m1=0.89 m2=0.95 m3=0.76 m4=1.00
[PHYSICS] pitch=0.00 deg, altFt=-0.00 ft, dt=0.0100 s, rollCorr=-0.178 pitchCorr=-0.083 m1=0.89 m2=0.95 m3=0.76 m4=1.00
[PHYSICS] pitch=0.00 deg, altFt=-0.00 ft, dt=0.0202 s, rollCorr=-0.178 pitchCorr=-0.083 m1=0.89 m2=0.95 m3=0.76 m4=1.00
[PHYSICS] pitch=0.00 deg, altFt=-0.00 ft, dt=0.0098 s, rollCorr=-0.178 pitchCorr=-0.083 m1=0.89 m2=0.95 m3=0.76 m4=1.00
[PHYSICS] pitch=0.00 deg, altFt=-0.00 ft, dt=0.0100 s, rollCorr=-0.178 pitchCorr=-0.083 m1=0.89 m2=0.95 m3=0.76 m4=1.00
[PHYSICS] pitch=0.00 deg, altFt=-0.00 ft, dt=0.0202 s, rollCorr=-0.178 pitchCorr=-0.083 m1=0.89 m2=0.95 m3=0.76 m4=1.00
[PHYSICS] pitch=0.00 deg, altFt=-0.00 ft, dt=0.0098 s, rollCorr=-0.178 pitchCorr=-0.084 m1=0.89 m2=0.95 m3=0.76 m4=1.00
[NAV] WP=3 dist=16.0m bearing=180.0° → pitchTarget=-8.01° rollTarget=-0.00
[PHYSICS] pitch=0.00 deg, altFt=-0.00 ft, dt=0.0197 s, rollCorr=-0.178 pitchCorr=-0.084 m1=0.89 m2=0.95 m3=0.76 m4=1.00
[PHYSICS] pitch=0.00 deg, altFt=-0.00 ft, dt=0.0096 s, rollCorr=-0.178 pitchCorr=-0.084 m1=0.89 m2=0.95 m3=0.76 m4=1.00
[PHYSICS] pitch=0.00 deg, altFt=-0.00 ft, dt=0.0099 s, rollCorr=-0.178 pitchCorr=-0.084 m1=0.89 m2=0.95 m3=0.76 m4=1.00
[PHYSICS] pitch=0.00 deg, altFt=-0.00 ft, dt=0.0200 s, rollCorr=-0.178 pitchCorr=-0.084 m1=0.89 m2=0.95 m3=0.76 m4=1.00
[PHYSICS] pitch=0.00 deg, altFt=-0.00 ft, dt=0.0098 s, rollCorr=-0.178 pitchCorr=-0.084 m1=0.89 m2=0.95 m3=0.76 m4=1.00
[PHYSICS] pitch=0.00 deg, altFt=-0.00 ft, dt=0.0100 s, rollCorr=-0.178 pitchCorr=-0.084 m1=0.89 m2=0.95 m3=0.76 m4=1.00
[PHYSICS] pitch=0.00 deg, altFt=-0.00 ft, dt=0.0202 s, rollCorr=-0.178 pitchCorr=-0.084 m1=0.89 m2=0.95 m3=0.76 m4=1.00
[NAV] WP=3 dist=16.0m bearing=180.0° → pitchTarget=-8.01° rollTarget=-0.00
[PHYSICS] pitch=0.00 deg, altFt=-0.00 ft, dt=0.0097 s, rollCorr=-0.178 pitchCorr=-0.084 m1=0.89 m2=0.95 m3=0.76 m4=1.00
[PHYSICS] pitch=0.00 deg, altFt=-0.00 ft, dt=0.0213 s, rollCorr=-0.178 pitchCorr=-0.085 m1=0.89 m2=0.95 m3=0.76 m4=1.00
[PHYSICS] pitch=0.00 deg, altFt=-0.00 ft, dt=0.0099 s, rollCorr=-0.178 pitchCorr=-0.085 m1=0.89 m2=0.94 m3=0.76 m4=1.00
[PHYSICS] pitch=0.00 deg, altFt=-0.00 ft, dt=0.0100 s, rollCorr=-0.178 pitchCorr=-0.085 m1=0.89 m2=0.94 m3=0.76 m4=1.00
[PHYSICS] pitch=0.00 deg, altFt=-0.00 ft, dt=0.0202 s, rollCorr=-0.178 pitchCorr=-0.085 m1=0.89 m2=0.94 m3=0.76 m4=1.00
[PHYSICS] pitch=0.00 deg, altFt=-0.00 ft, dt=0.0098 s, rollCorr=-0.178 pitchCorr=-0.085 m1=0.89 m2=0.94 m3=0.76 m4=1.00
[PHYSICS] pitch=0.00 deg, altFt=-0.00 ft, dt=0.0100 s, rollCorr=-0.178 pitchCorr=-0.085 m1=0.89 m2=0.94 m3=0.76 m4=1.00
[NAV] WP=3 dist=16.0m bearing=180.0° → pitchTarget=-8.01° rollTarget=-0.00
[PHYSICS] pitch=0.00 deg, altFt=-0.00 ft, dt=0.0202 s, rollCorr=-0.178 pitchCorr=-0.085 m1=0.89 m2=0.94 m3=0.76 m4=1.00
[PHYSICS] pitch=0.00 deg, altFt=-0.00 ft, dt=0.0098 s, rollCorr=-0.178 pitchCorr=-0.085 m1=0.89 m2=0.94 m3=0.76 m4=1.00
[PHYSICS] pitch=0.00 deg, altFt=-0.00 ft, dt=0.0100 s, rollCorr=-0.178 pitchCorr=-0.085 m1=0.88 m2=0.94 m3=0.76 m4=1.00
[PHYSICS] pitch=0.00 deg, altFt=-0.00 ft, dt=0.0202 s, rollCorr=-0.178 pitchCorr=-0.086 m1=0.88 m2=0.94 m3=0.76 m4=1.00
[PHYSICS] pitch=0.00 deg, altFt=-0.00 ft, dt=0.0098 s, rollCorr=-0.178 pitchCorr=-0.086 m1=0.88 m2=0.94 m3=0.76 m4=1.00
[PHYSICS] pitch=0.00 deg, altFt=-0.00 ft, dt=0.0100 s, rollCorr=-0.178 pitchCorr=-0.086 m1=0.88 m2=0.94 m3=0.76 m4=1.00
[PHYSICS] pitch=0.00 deg, altFt=-0.00 ft, dt=0.0202 s, rollCorr=-0.178 pitchCorr=-0.086 m1=0.88 m2=0.94 m3=0.76 m4=1.00
[PHYSICS] pitch=0.00 deg, altFt=-0.00 ft, dt=0.0098 s, rollCorr=-0.178 pitchCorr=-0.086 m1=0.88 m2=0.94 m3=0.76 m4=1.00
[NAV] WP=3 dist=16.0m bearing=180.0° → pitchTarget=-8.01° rollTarget=-0.00
[PHYSICS] pitch=0.00 deg, altFt=-0.00 ft, dt=0.0197 s, rollCorr=-0.178 pitchCorr=-0.086 m1=0.88 m2=0.94 m3=0.76 m4=1.00
[PHYSICS] pitch=0.00 deg, altFt=-0.00 ft, dt=0.0096 s, rollCorr=-0.178 pitchCorr=-0.086 m1=0.88 m2=0.94 m3=0.76 m4=1.00
[PHYSICS] pitch=0.00 deg, altFt=-0.00 ft, dt=0.0099 s, rollCorr=-0.178 pitchCorr=-0.086 m1=0.88 m2=0.94 m3=0.76 m4=1.00
[PHYSICS] pitch=0.00 deg, altFt=-0.00 ft, dt=0.0200 s, rollCorr=-0.178 pitchCorr=-0.086 m1=0.88 m2=0.94 m3=0.76 m4=1.00
[PHYSICS] pitch=0.00 deg, altFt=-0.00 ft, dt=0.0098 s, rollCorr=-0.178 pitchCorr=-0.086 m1=0.88 m2=0.94 m3=0.76 m4=1.00
[PHYSICS] pitch=0.00 deg, altFt=-0.00 ft, dt=0.0100 s, rollCorr=-0.178 pitchCorr=-0.087 m1=0.88 m2=0.94 m3=0.76 m4=1.00
[PHYSICS] pitch=0.00 deg, altFt=-0.00 ft, dt=0.0202 s, rollCorr=-0.178 pitchCorr=-0.087 m1=0.88 m2=0.94 m3=0.76 m4=1.00
[NAV] WP=3 dist=16.0m bearing=180.0° → pitchTarget=-8.01° rollTarget=-0.00
[PHYSICS] pitch=0.00 deg, altFt=-0.00 ft, dt=0.0096 s, rollCorr=-0.178 pitchCorr=-0.087 m1=0.88 m2=0.94 m3=0.76 m4=1.00
[PHYSICS] pitch=0.00 deg, altFt=-0.00 ft, dt=0.0213 s, rollCorr=-0.178 pitchCorr=-0.087 m1=0.88 m2=0.94 m3=0.76 m4=1.00
[PHYSICS] pitch=0.00 deg, altFt=-0.00 ft, dt=0.0099 s, rollCorr=-0.178 pitchCorr=-0.087 m1=0.88 m2=0.94 m3=0.76 m4=1.00
[PHYSICS] pitch=0.00 deg, altFt=-0.00 ft, dt=0.0100 s, rollCorr=-0.178 pitchCorr=-0.087 m1=0.88 m2=0.94 m3=0.76 m4=1.00
[PHYSICS] pitch=0.00 deg, altFt=-0.00 ft, dt=0.0202 s, rollCorr=-0.178 pitchCorr=-0.087 m1=0.88 m2=0.94 m3=0.76 m4=1.00
[PHYSICS] pitch=0.00 deg, altFt=-0.00 ft, dt=0.0098 s, rollCorr=-0.178 pitchCorr=-0.087 m1=0.88 m2=0.94 m3=0.76 m4=1.00
[PHYSICS] pitch=0.00 deg, altFt=-0.00 ft, dt=0.0100 s, rollCorr=-0.178 pitchCorr=-0.087 m1=0.88 m2=0.94 m3=0.76 m4=1.00
[NAV] WP=3 dist=16.0m bearing=180.0° → pitchTarget=-8.01° rollTarget=-0.00
[PHYSICS] pitch=0.00 deg, altFt=-0.00 ft, dt=0.0202 s, rollCorr=-0.178 pitchCorr=-0.088 m1=0.88 m2=0.94 m3=0.76 m4=1.00
[PHYSICS] pitch=0.00 deg, altFt=-0.00 ft, dt=0.0098 s, rollCorr=-0.178 pitchCorr=-0.088 m1=0.88 m2=0.94 m3=0.76 m4=1.00
[PHYSICS] pitch=0.00 deg, altFt=-0.00 ft, dt=0.0100 s, rollCorr=-0.178 pitchCorr=-0.088 m1=0.88 m2=0.94 m3=0.76 m4=1.00
[PHYSICS] pitch=0.00 deg, altFt=-0.00 ft, dt=0.0202 s, rollCorr=-0.178 pitchCorr=-0.088 m1=0.88 m2=0.94 m3=0.76 m4=1.00
[PHYSICS] pitch=0.00 deg, altFt=-0.00 ft, dt=0.0098 s, rollCorr=-0.178 pitchCorr=-0.088 m1=0.88 m2=0.94 m3=0.76 m4=1.00
[PHYSICS] pitch=0.00 deg, altFt=-0.00 ft, dt=0.0100 s, rollCorr=-0.178 pitchCorr=-0.088 m1=0.88 m2=0.94 m3=0.76 m4=1.00
[PHYSICS] pitch=0.00 deg, altFt=-0.00 ft, dt=0.0202 s, rollCorr=-0.178 pitchCorr=-0.088 m1=0.88 m2=0.94 m3=0.76 m4=1.00
[PHYSICS] pitch=0.00 deg, altFt=-0.00 ft, dt=0.0098 s, rollCorr=-0.178 pitchCorr=-0.088 m1=0.88 m2=0.94 m3=0.76 m4=1.00
[NAV] WP=3 dist=16.0m bearing=180.0° → pitchTarget=-8.01° rollTarget=-0.00
[PHYSICS] pitch=0.00 deg, altFt=-0.00 ft, dt=0.0197 s, rollCorr=-0.178 pitchCorr=-0.089 m1=0.88 m2=0.94 m3=0.76 m4=1.00
[PHYSICS] pitch=0.00 deg, altFt=-0.00 ft, dt=0.0096 s, rollCorr=-0.178 pitchCorr=-0.089 m1=0.88 m2=0.94 m3=0.76 m4=1.00
[PHYSICS] pitch=0.00 deg, altFt=-0.00 ft, dt=0.0199 s, rollCorr=-0.178 pitchCorr=-0.089 m1=0.88 m2=0.94 m3=0.76 m4=1.00
[PHYSICS] pitch=0.00 deg, altFt=-0.00 ft, dt=0.0098 s, rollCorr=-0.178 pitchCorr=-0.089 m1=0.88 m2=0.94 m3=0.76 m4=1.00
[PHYSICS] pitch=0.00 deg, altFt=-0.00 ft, dt=0.0198 s, rollCorr=-0.178 pitchCorr=-0.089 m1=0.88 m2=0.94 m3=0.76 m4=1.00
[PHYSICS] pitch=0.00 deg, altFt=-0.00 ft, dt=0.0101 s, rollCorr=-0.178 pitchCorr=-0.089 m1=0.88 m2=0.94 m3=0.76 m4=1.00
[PHYSICS] pitch=0.00 deg, altFt=-0.00 ft, dt=0.0100 s, rollCorr=-0.178 pitchCorr=-0.089 m1=0.88 m2=0.94 m3=0.76 m4=1.00
[NAV] WP=3 dist=16.0m bearing=180.0° → pitchTarget=-8.01° rollTarget=-0.00
[PHYSICS] pitch=0.00 deg, altFt=-0.00 ft, dt=0.0201 s, rollCorr=-0.178 pitchCorr=-0.089 m1=0.88 m2=0.94 m3=0.76 m4=1.00
[PHYSICS] pitch=0.00 deg, altFt=-0.00 ft, dt=0.0099 s, rollCorr=-0.178 pitchCorr=-0.089 m1=0.88 m2=0.94 m3=0.76 m4=1.00
[PHYSICS] pitch=0.00 deg, altFt=-0.00 ft, dt=0.0100 s, rollCorr=-0.178 pitchCorr=-0.089 m1=0.88 m2=0.94 m3=0.76 m4=1.00
[PHYSICS] pitch=0.00 deg, altFt=-0.00 ft, dt=0.0202 s, rollCorr=-0.178 pitchCorr=-0.090 m1=0.88 m2=0.94 m3=0.76 m4=1.00
[PHYSICS] pitch=0.00 deg, altFt=-0.00 ft, dt=0.0098 s, rollCorr=-0.178 pitchCorr=-0.090 m1=0.88 m2=0.94 m3=0.76 m4=1.00
[PHYSICS] pitch=0.00 deg, altFt=-0.00 ft, dt=0.0100 s, rollCorr=-0.178 pitchCorr=-0.090 m1=0.88 m2=0.94 m3=0.76 m4=1.00
[PHYSICS] pitch=0.00 deg, altFt=-0.00 ft, dt=0.0202 s, rollCorr=-0.178 pitchCorr=-0.090 m1=0.88 m2=0.94 m3=0.76 m4=1.00
[NAV] WP=3 dist=16.0m bearing=180.0° → pitchTarget=-8.01° rollTarget=-0.00
[PHYSICS] pitch=0.00 deg, altFt=-0.00 ft, dt=0.0096 s,
[GPS + Compass Injection Test] delay 3000ms
 rollCorr=-0.178 pitchCorr=-0.090 m1=0.88 m2=0.94 m3=0.76 m4=1.00
[PHYSICS] pitch=0.00 deg, altFt=-0.00 ft, dt=0.0213 s, rollCorr=-0.178 pitchCorr=-0.090 m1=0.88 m2=0.94 m3=0.76 m4=1.00
[PHYSICS] pitch=0.00 deg, altFt=-0.00 ft, dt=0.0099 s, rollCorr=-0.178 pitchCorr=-0.090 m1=0.88 m2=0.94 m3=0.76 m4=1.00
[PHYSICS] pitch=0.00 deg, altFt=-0.00 ft, dt=0.0100 s, rollCorr=-0.178 pitchCorr=-0.090 m1=0.88 m2=0.94 m3=0.76 m4=1.00
[PHYSICS] pitch=0.00 deg, altFt=-0.00 ft, dt=0.0202 s, rollCorr=-0.178 pitchCorr=-0.091 m1=0.88 m2=0.94 m3=0.76 m4=1.00
[PHYSICS] pitch=0.00 deg, altFt=-0.00 ft, dt=0.0098 s, rollCorr=-0.178 pitchCorr=-0.091 m1=0.88 m2=0.94 m3=0.76 m4=1.00
[PHYSICS] pitch=0.00 deg, altFt=-0.00 ft, dt=0.0101 s, rollCorr=-0.178 pitchCorr=-0.091 m1=0.88 m2=0.94 m3=0.76 m4=1.00
[NAV] Reached waypoint 3 — advancing to waypoint 4
[PHYSICS] pitch=0.00 deg, altFt=-0.00 ft, dt=0.0201 s, rollCorr=-0.178 pitchCorr=-0.091 m1=0.88 m2=0.94 m3=0.76 m4=1.00
[PHYSICS] pitch=0.00 deg, altFt=-0.00 ft, dt=0.0098 s, rollCorr=-0.178 pitchCorr=-0.091 m1=0.88 m2=0.94 m3=0.76 m4=1.00
[PHYSICS] pitch=0.00 deg, altFt=-0.00 ft, dt=0.0100 s, rollCorr=-0.178 pitchCorr=-0.091 m1=0.88 m2=0.94 m3=0.76 m4=1.00
[PHYSICS] pitch=0.00 deg, altFt=-0.00 ft, dt=0.0202 s, rollCorr=-0.178 pitchCorr=-0.091 m1=0.88 m2=0.94 m3=0.76 m4=1.00
[PHYSICS] pitch=0.00 deg, altFt=-0.00 ft, dt=0.0098 s, rollCorr=-0.178 pitchCorr=-0.091 m1=0.88 m2=0.94 m3=0.76 m4=1.00
[PHYSICS] pitch=0.00 deg, altFt=-0.00 ft, dt=0.0100 s, rollCorr=-0.178 pitchCorr=-0.091 m1=0.88 m2=0.94 m3=0.76 m4=1.00
[PHYSICS] pitch=0.00 deg, altFt=-0.00 ft, dt=0.0202 s, rollCorr=-0.178 pitchCorr=-0.091 m1=0.88 m2=0.94 m3=0.77 m4=1.00
[PHYSICS] pitch=0.00 deg, altFt=-0.00 ft, dt=0.0098 s, rollCorr=-0.178 pitchCorr=-0.092 m1=0.88 m2=0.94 m3=0.77 m4=1.00
[PHYSICS] pitch=0.00 deg, altFt=-0.00 ft, dt=0.0198 s, rollCorr=-0.178 pitchCorr=0.300 m1=1.00 m2=1.00 m3=0.37 m4=1.00
[PHYSICS] pitch=0.00 deg, altFt=-0.00 ft, dt=0.0101 s, rollCorr=-0.178 pitchCorr=-0.011 m1=0.96 m2=1.00 m3=0.69 m4=1.00
[PHYSICS] pitch=0.00 deg, altFt=-0.00 ft, dt=0.0100 s, rollCorr=-0.178 pitchCorr=-0.011 m1=0.96 m2=1.00 m3=0.69 m4=1.00
[PHYSICS] pitch=0.00 deg, altFt=-0.00 ft, dt=0.0202 s, rollCorr=-0.178 pitchCorr=-0.011 m1=0.96 m2=1.00 m3=0.69 m4=1.00
[PHYSICS] pitch=0.00 deg, altFt=-0.00 ft, dt=0.0098 s, rollCorr=-0.178 pitchCorr=-0.011 m1=0.96 m2=1.00 m3=0.69 m4=1.00
[PHYSICS] pitch=0.00 deg, altFt=-0.00 ft, dt=0.0100 s, rollCorr=-0.178 pitchCorr=-0.011 m1=0.96 m2=1.00 m3=0.69 m4=1.00
[PHYSICS] pitch=0.00 deg, altFt=-0.00 ft, dt=0.0202 s, rollCorr=-0.178 pitchCorr=-0.011 m1=0.96 m2=1.00 m3=0.69 m4=1.00
[PHYSICS] pitch=0.00 deg, altFt=-0.00 ft, dt=0.0095 s, rollCorr=-0.178 pitchCorr=-0.011 m1=0.96 m2=1.00 m3=0.69 m4=1.00
[PHYSICS] pitch=0.00 deg, altFt=-0.00 ft, dt=0.0099 s, rollCorr=-0.178 pitchCorr=-0.011 m1=0.96 m2=1.00 m3=0.69 m4=1.00
[PHYSICS] pitch=0.00 deg, altFt=-0.00 ft, dt=0.0202 s, rollCorr=-0.178 pitchCorr=-0.011 m1=0.96 m2=1.00 m3=0.69 m4=1.00
[PHYSICS] pitch=0.00 deg, altFt=-0.00 ft, dt=0.0101 s, rollCorr=-0.178 pitchCorr=-0.011 m1=0.96 m2=1.00 m3=0.69 m4=1.00
[PHYSICS] pitch=0.00 deg, altFt=-0.00 ft, dt=0.0100 s, rollCorr=-0.178 pitchCorr=-0.011 m1=0.96 m2=1.00 m3=0.69 m4=1.00
[PHYSICS] pitch=0.00 deg, altFt=-0.00 ft, dt=0.0202 s, rollCorr=-0.178 pitchCorr=-0.011 m1=0.96 m2=1.00 m3=0.69 m4=1.00
[PHYSICS] pitch=0.00 deg, altFt=-0.00 ft, dt=0.0098 s, rollCorr=-0.178 pitchCorr=-0.011 m1=0.96 m2=1.00 m3=0.69 m4=1.00
[PHYSICS] pitch=0.00 deg, altFt=-0.00 ft, dt=0.0100 s, rollCorr=-0.178 pitchCorr=-0.011 m1=0.96 m2=1.00 m3=0.69 m4=1.00
[PHYSICS] pitch=0.00 deg, altFt=-0.00 ft, dt=0.0199 s, rollCorr=-0.178 pitchCorr=-0.011 m1=0.96 m2=1.00 m3=0.69 m4=1.00
[PHYSICS] pitch=0.00 deg, altFt=-0.00 ft, dt=0.0101 s, rollCorr=-0.178 pitchCorr=-0.011 m1=0.96 m2=1.00 m3=0.69 m4=1.00
[PHYSICS] pitch=0.00 deg, altFt=-0.00 ft, dt=0.0100 s, rollCorr=-0.178 pitchCorr=-0.011 m1=0.96 m2=1.00 m3=0.69 m4=1.00
[PHYSICS] pitch=0.00 deg, altFt=-0.00 ft, dt=0.0202 s, rollCorr=-0.178 pitchCorr=-0.011 m1=0.96 m2=1.00 m3=0.69 m4=1.00
[PHYSICS] pitch=0.00 deg, altFt=-0.00 ft, dt=0.0098 s, rollCorr=-0.178 pitchCorr=-0.011 m1=0.96 m2=1.00 m3=0.69 m4=1.00
[PHYSICS] pitch=0.00 deg, altFt=-0.00 ft, dt=0.0100 s, rollCorr=-0.178 pitchCorr=-0.011 m1=0.96 m2=1.00 m3=0.69 m4=1.00
[PHYSICS] pitch=0.00 deg, altFt=-0.00 ft, dt=0.0202 s, rollCorr=-0.178 pitchCorr=-0.011 m1=0.96 m2=1.00 m3=0.69 m4=1.00
[PHYSICS] pitch=0.00 deg, altFt=-0.00 ft, dt=0.0095 s, rollCorr=-0.178 pitchCorr=-0.011 m1=0.96 m2=1.00 m3=0.69 m4=1.00
[PHYSICS] pitch=0.00 deg, altFt=-0.00 ft, dt=0.0100 s, rollCorr=-0.178 pitchCorr=-0.011 m1=0.96 m2=1.00 m3=0.69 m4=1.00
[PHYSICS] pitch=0.00 deg, altFt=-0.00 ft, dt=0.0202 s, rollCorr=-0.178 pitchCorr=-0.011 m1=0.96 m2=1.00 m3=0.69 m4=1.00
[PHYSICS] pitch=0.00 deg, altFt=-0.00 ft, dt=0.0102 s, rollCorr=-0.178 pitchCorr=-0.011 m1=0.96 m2=1.00 m3=0.69 m4=1.00
[PHYSICS] pitch=0.00 deg, altFt=-0.00 ft, dt=0.0100 s, rollCorr=-0.178 pitchCorr=-0.011 m1=0.96 m2=1.00 m3=0.69 m4=1.00
[PHYSICS] pitch=0.00 deg, altFt=-0.00 ft, dt=0.0202 s, rollCorr=-0.178 pitchCorr=-0.011 m1=0.96 m2=1.00 m3=0.69 m4=1.00
[PHYSICS] pitch=0.00 deg, altFt=-0.00 ft, dt=0.0098 s, rollCorr=-0.178 pitchCorr=-0.011 m1=0.96 m2=1.00 m3=0.69 m4=1.00
[PHYSICS] pitch=0.00 deg, altFt=-0.00 ft, dt=0.0100 s, rollCorr=-0.178 pitchCorr=-0.011 m1=0.96 m2=1.00 m3=0.69 m4=1.00
[PHYSICS] pitch=0.00 deg, altFt=-0.00 ft, dt=0.0199 s, rollCorr=-0.178 pitchCorr=-0.011 m1=0.96 m2=1.00 m3=0.69 m4=1.00
[PHYSICS] pitch=0.00 deg, altFt=-0.00 ft, dt=0.0101 s, rollCorr=-0.178 pitchCorr=-0.011 m1=0.96 m2=1.00 m3=0.69 m4=1.00
[PHYSICS] pitch=0.00 deg, altFt=-0.00 ft, dt=0.0100 s, rollCorr=-0.178 pitchCorr=-0.011 m1=0.96 m2=1.00 m3=0.69 m4=1.00
[PHYSICS] pitch=0.00 deg, altFt=-0.00 ft, dt=0.0202 s, rollCorr=-0.178 pitchCorr=-0.011 m1=0.96 m2=1.00 m3=0.69 m4=1.00
[PHYSICS] pitch=0.00 deg, altFt=-0.00 ft, dt=0.0098 s, rollCorr=-0.178 pitchCorr=-0.011 m1=0.96 m2=1.00 m3=0.69 m4=1.00
[PHYSICS] pitch=0.00 deg, altFt=-0.00 ft, dt=0.0100 s, rollCorr=-0.178 pitchCorr=-0.011 m1=0.96 m2=1.00 m3=0.69 m4=1.00
[PHYSICS] pitch=0.00 deg, altFt=-0.00 ft, dt=0.0202 s, rollCorr=-0.178 pitchCorr=-0.011 m1=0.96 m2=1.00 m3=0.69 m4=1.00
[PHYSICS] pitch=0.00 deg, altFt=-0.00 ft, dt=0.0095 s, rollCorr=-0.178 pitchCorr=-0.011 m1=0.96 m2=1.00 m3=0.69 m4=1.00
[PHYSICS] pitch=0.00 deg, altFt=-0.00 ft, dt=0.0099 s, rollCorr=-0.178 pitchCorr=-0.011 m1=0.96 m2=1.00 m3=0.69 m4=1.00
[PHYSICS] pitch=0.00 deg, altFt=-0.00 ft, dt=0.0202 s, rollCorr=-0.178 pitchCorr=-0.011 m1=0.96 m2=1.00 m3=0.69 m4=1.00
[PHYSICS] pitch=0.00 deg, altFt=-0.00 ft, dt=0.0101 s, rollCorr=-0.178 pitchCorr=-0.011 m1=0.96 m2=1.00 m3=0.69 m4=1.00
[PHYSICS] pitch=0.00 deg, altFt=-0.00 ft, dt=0.0100 s, rollCorr=-0.178 pitchCorr=-0.011 m1=0.96 m2=1.00 m3=0.69 m4=1.00
[PHYSICS] pitch=0.00 deg, altFt=-0.00 ft, dt=0.0202 s, rollCorr=-0.178 pitchCorr=-0.011 m1=0.96 m2=1.00 m3=0.69 m4=1.00
[PHYSICS] pitch=0.00 deg, altFt=-0.00 ft, dt=0.0098 s, rollCorr=-0.178 pitchCorr=-0.011 m1=0.96 m2=1.00 m3=0.69 m4=1.00
[PHYSICS] pitch=0.00 deg, altFt=-0.00 ft, dt=0.0100 s, rollCorr=-0.178 pitchCorr=-0.011 m1=0.96 m2=1.00 m3=0.69 m4=1.00
[PHYSICS] pitch=0.00 deg, altFt=-0.00 ft, dt=0.0199 s, rollCorr=-0.178 pitchCorr=-0.011 m1=0.96 m2=1.00 m3=0.69 m4=1.00
[PHYSICS] pitch=0.00 deg, altFt=-0.00 ft, dt=0.0101 s, rollCorr=-0.178 pitchCorr=-0.011 m1=0.96 m2=1.00 m3=0.69 m4=1.00
[PHYSICS] pitch=0.00 deg, altFt=-0.00 ft, dt=0.0100 s, rollCorr=-0.178 pitchCorr=-0.011 m1=0.96 m2=1.00 m3=0.69 m4=1.00
[PHYSICS] pitch=0.00 deg, altFt=-0.00 ft, dt=0.0202 s, rollCorr=-0.178 pitchCorr=-0.011 m1=0.96 m2=1.00 m3=0.69 m4=1.00
[PHYSICS] pitch=0.00 deg, altFt=-0.00 ft, dt=0.0098 s, rollCorr=-0.178 pitchCorr=-0.011 m1=0.96 m2=1.00 m3=0.69 m4=1.00
[PHYSICS] pitch=0.00 deg, altFt=-0.00 ft, dt=0.0100 s, rollCorr=-0.178 pitchCorr=-0.011 m1=0.96 m2=1.00 m3=0.69 m4=1.00
[PHYSICS] pitch=0.00 deg, altFt=-0.00 ft, dt=0.0202 s, rollCorr=-0.178 pitchCorr=-0.011 m1=0.96 m2=1.00 m3=0.69 m4=1.00
[PHYSICS] pitch=0.00 deg, altFt=-0.00 ft, dt=0.0095 s, rollCorr=-0.178 pitchCorr=-0.011 m1=0.96 m2=1.00 m3=0.69 m4=1.00
[PHYSICS] pitch=0.00 deg, altFt=-0.00 ft, dt=0.0099 s, rollCorr=-0.178 pitchCorr=-0.011 m1=0.96 m2=1.00 m3=0.69 m4=1.00
[PHYSICS] pitch=0.00 deg, altFt=-0.00 ft, dt=0.0202 s, rollCorr=-0.178 pitchCorr=-0.011 m1=0.96 m2=1.00 m3=0.69 m4=1.00
[PHYSICS] pitch=0.00 deg, altFt=-0.00 ft, dt=0.0101 s, rollCorr=-0.178 pitchCorr=-0.011 m1=0.96 m2=1.00 m3=0.69 m4=1.00
[PHYSICS] pitch=0.00 deg, altFt=-0.00 ft, dt=0.0100 s, rollCorr=-0.178 pitchCorr=-0.011 m1=0.96 m2=1.00 m3=0.69 m4=1.00
[PHYSICS] pitch=0.00 deg, altFt=-0.00 ft, dt=0.0202 s, rollCorr=-0.178 pitchCorr=-0.011 m1=0.96 m2=1.00 m3=0.69 m4=1.00
[PHYSICS] pitch=0.00 deg, altFt=-0.00 ft, dt=0.0098 s, rollCorr=-0.178 pitchCorr=-0.011 m1=0.96 m2=1.00 m3=0.69 m4=1.00
[PHYSICS] pitch=0.00 deg, altFt=-0.00 ft, dt=0.0100 s, rollCorr=-0.178 pitchCorr=-0.011 m1=0.96 m2=1.00 m3=0.69 m4=1.00
[PHYSICS] pitch=0.00 deg, altFt=-0.00 ft, dt=0.0199 s, rollCorr=-0.178 pitchCorr=-0.011 m1=0.96 m2=1.00 m3=0.69 m4=1.00
[PHYSICS] pitch=0.00 deg, altFt=-0.00 ft, dt=0.0101 s, rollCorr=-0.178 pitchCorr=-0.011 m1=0.96 m2=1.00 m3=0.69 m4=1.00
[PHYSICS] pitch=0.00 deg, altFt=-0.00 ft, dt=0.0100 s, rollCorr=-0.178 pitchCorr=-0.011 m1=0.96 m2=1.00 m3=0.69 m4=1.00
[PHYSICS] pitch=0.00 deg, altFt=-0.00 ft, dt=0.0202 s, rollCorr=-0.178 pitchCorr=-0.011 m1=0.96 m2=1.00 m3=0.69 m4=1.00
[PHYSICS] pitch=0.00 deg, altFt=-0.00 ft, dt=0.0098 s, rollCorr=-0.178 pitchCorr=-0.011 m1=0.96 m2=1.00 m3=0.69 m4=1.00
[PHYSICS] pitch=0.00 deg, altFt=-0.00 ft, dt=0.0100 s, rollCorr=-0.178 pitchCorr=-0.011 m1=0.96 m2=1.00 m3=0.69 m4=1.00
[PHYSICS] pitch=0.00 deg, altFt=-0.00 ft, dt=0.0202 s, rollCorr=-0.178 pitchCorr=-0.011 m1=0.96 m2=1.00 m3=0.69 m4=1.00
[PHYSICS] pitch=0.00 deg, altFt=-0.00 ft, dt=0.0095 s, rollCorr=-0.178 pitchCorr=-0.011 m1=0.96 m2=1.00 m3=0.69 m4=1.00
[PHYSICS] pitch=0.00 deg, altFt=-0.00 ft, dt=0.0099 s, rollCorr=-0.178 pitchCorr=-0.011 m1=0.96 m2=1.00 m3=0.69 m4=1.00
[PHYSICS] pitch=0.00 deg, altFt=-0.00 ft, dt=0.0202 s, rollCorr=-0.178 pitchCorr=-0.011 m1=0.96 m2=1.00 m3=0.69 m4=1.00
[PHYSICS] pitch=0.00 deg, altFt=-0.00 ft, dt=0.0101 s, rollCorr=-0.178 pitchCorr=-0.011 m1=0.96 m2=1.00 m3=0.69 m4=1.00
[PHYSICS] pitch=0.00 deg, altFt=-0.00 ft, dt=0.0100 s, rollCorr=-0.178 pitchCorr=-0.011 m1=0.96 m2=1.00 m3=0.69 m4=1.00
[PHYSICS] pitch=0.00 deg, altFt=-0.00 ft, dt=0.0202 s, rollCorr=-0.178 pitchCorr=-0.011 m1=0.96 m2=1.00 m3=0.69 m4=1.00
[PHYSICS] pitch=0.00 deg, altFt=-0.00 ft, dt=0.0098 s, rollCorr=-0.178 pitchCorr=-0.011 m1=0.96 m2=1.00 m3=0.69 m4=1.00
[PHYSICS] pitch=0.00 deg, altFt=-0.00 ft, dt=0.0100 s, rollCorr=-0.178 pitchCorr=-0.011 m1=0.96 m2=1.00 m3=0.69 m4=1.00
[PHYSICS] pitch=0.00 deg, altFt=-0.00 ft, dt=0.0199 s, rollCorr=-0.178 pitchCorr=-0.011 m1=0.96 m2=1.00 m3=0.69 m4=1.00
[PHYSICS] pitch=0.00 deg, altFt=-0.00 ft, dt=0.0101 s, rollCorr=-0.178 pitchCorr=-0.011 m1=0.96 m2=1.00 m3=0.69 m4=1.00
[PHYSICS] pitch=0.00 deg, altFt=-0.00 ft, dt=0.0100 s, rollCorr=-0.178 pitchCorr=-0.011 m1=0.96 m2=1.00 m3=0.69 m4=1.00
[PHYSICS] pitch=0.00 deg, altFt=-0.00 ft, dt=0.0202 s, rollCorr=-0.178 pitchCorr=-0.011 m1=0.96 m2=1.00 m3=0.69 m4=1.00
[PHYSICS] pitch=0.00 deg, altFt=-0.00 ft, dt=0.0098 s, rollCorr=-0.178 pitchCorr=-0.011 m1=0.96 m2=1.00 m3=0.69 m4=1.00
[PHYSICS] pitch=0.00 deg, altFt=-0.00 ft, dt=0.0100 s, rollCorr=-0.178 pitchCorr=-0.011 m1=0.96 m2=1.00 m3=0.69 m4=1.00
[PHYSICS] pitch=0.00 deg, altFt=-0.00 ft, dt=0.0202 s, rollCorr=-0.178 pitchCorr=-0.011 m1=0.96 m2=1.00 m3=0.69 m4=1.00
[PHYSICS] pitch=0.00 deg, altFt=-0.00 ft, dt=0.0095 s, rollCorr=-0.178 pitchCorr=-0.011 m1=0.96 m2=1.00 m3=0.69 m4=1.00
[PHYSICS] pitch=0.00 deg, altFt=-0.00 ft, dt=0.0099 s, rollCorr=-0.178 pitchCorr=-0.011 m1=0.96 m2=1.00 m3=0.69 m4=1.00
[PHYSICS] pitch=0.00 deg, altFt=-0.00 ft, dt=0.0202 s, rollCorr=-0.178 pitchCorr=-0.011 m1=0.96 m2=1.00 m3=0.69 m4=1.00
[PHYSICS] pitch=0.00 deg, altFt=-0.00 ft, dt=0.0101 s, rollCorr=-0.178 pitchCorr=-0.011 m1=0.96 m2=1.00 m3=0.69 m4=1.00
[PHYSICS] pitch=0.00 deg, altFt=-0.00 ft, dt=0.0100 s, rollCorr=-0.178 pitchCorr=-0.011 m1=0.96 m2=1.00 m3=0.69 m4=1.00
[PHYSICS] pitch=0.00 deg, altFt=-0.00 ft, dt=0.0202 s, rollCorr=-0.178 pitchCorr=-0.011 m1=0.96 m2=1.00 m3=0.69 m4=1.00
[PHYSICS] pitch=0.00 deg, altFt=-0.00 ft, dt=0.0098 s, rollCorr=-0.178 pitchCorr=-0.011 m1=0.96 m2=1.00 m3=0.69 m4=1.00
[PHYSICS] pitch=0.00 deg, altFt=-0.00 ft, dt=0.0100 s, rollCorr=-0.178 pitchCorr=-0.011 m1=0.96 m2=1.00 m3=0.69 m4=1.00
[PHYSICS] pitch=0.00 deg, altFt=-0.00 ft, dt=0.0199 s, rollCorr=-0.178 pitchCorr=-0.011 m1=0.96 m2=1.00 m3=0.69 m4=1.00
[PHYSICS] pitch=0.00 deg, altFt=-0.00 ft, dt=0.0101 s, rollCorr=-0.178 pitchCorr=-0.011 m1=0.96 m2=1.00 m3=0.69 m4=1.00
[PHYSICS] pitch=0.00 deg, altFt=-0.00 ft, dt=0.0100 s, rollCorr=-0.178 pitchCorr=-0.011 m1=0.96 m2=1.00 m3=0.69 m4=1.00
[PHYSICS] pitch=0.00 deg, altFt=-0.00 ft, dt=0.0202 s, rollCorr=-0.178 pitchCorr=-0.011 m1=0.96 m2=1.00 m3=0.69 m4=1.00
[PHYSICS] pitch=0.00 deg, altFt=-0.00 ft, dt=0.0098 s, rollCorr=-0.178 pitchCorr=-0.011 m1=0.96 m2=1.00 m3=0.69 m4=1.00
[PHYSICS] pitch=0.00 deg, altFt=-0.00 ft, dt=0.0100 s, rollCorr=-0.178 pitchCorr=-0.011 m1=0.96 m2=1.00 m3=0.69 m4=1.00
[PHYSICS] pitch=0.00 deg, altFt=-0.00 ft, dt=0.0202 s, rollCorr=-0.178 pitchCorr=-0.011 m1=0.96 m2=1.00 m3=0.69 m4=1.00
[PHYSICS] pitch=0.00 deg, altFt=-0.00 ft, dt=0.0095 s, rollCorr=-0.178 pitchCorr=-0.011 m1=0.96 m2=1.00 m3=0.69 m4=1.00
[PHYSICS] pitch=0.00 deg, altFt=-0.00 ft, dt=0.0099 s, rollCorr=-0.178 pitchCorr=-0.011 m1=0.96 m2=1.00 m3=0.69 m4=1.00
[PHYSICS] pitch=0.00 deg, altFt=-0.00 ft, dt=0.0202 s, rollCorr=-0.178 pitchCorr=-0.011 m1=0.96 m2=1.00 m3=0.69 m4=1.00
[PHYSICS] pitch=0.00 deg, altFt=-0.00 ft, dt=0.0101 s, rollCorr=-0.178 pitchCorr=-0.011 m1=0.96 m2=1.00 m3=0.69 m4=1.00
[PHYSICS] pitch=0.00 deg, altFt=-0.00 ft, dt=0.0100 s, rollCorr=-0.178 pitchCorr=-0.011 m1=0.96 m2=1.00 m3=0.69 m4=1.00
[PHYSICS] pitch=0.00 deg, altFt=-0.00 ft, dt=0.0202 s, rollCorr=-0.178 pitchCorr=-0.011 m1=0.96 m2=1.00 m3=0.69 m4=1.00
[PHYSICS] pitch=0.00 deg, altFt=-0.00 ft, dt=0.0098 s, rollCorr=-0.178 pitchCorr=-0.011 m1=0.96 m2=1.00 m3=0.69 m4=1.00
[PHYSICS] pitch=0.00 deg, altFt=-0.00 ft, dt=0.0100 s, rollCorr=-0.178 pitchCorr=-0.011 m1=0.96 m2=1.00 m3=0.69 m4=1.00
[PHYSICS] pitch=0.00 deg, altFt=-0.00 ft, dt=0.0199 s, rollCorr=-0.178 pitchCorr=-0.011 m1=0.96 m2=1.00 m3=0.69 m4=1.00
[PHYSICS] pitch=0.00 deg, altFt=-0.00 ft, dt=0.0101 s, rollCorr=-0.178 pitchCorr=-0.011 m1=0.96 m2=1.00 m3=0.69 m4=1.00
[PHYSICS] pitch=0.00 deg, altFt=-0.00 ft, dt=0.0100 s, rollCorr=-0.178 pitchCorr=-0.011 m1=0.96 m2=1.00 m3=0.69 m4=1.00
[PHYSICS] pitch=0.00 deg, altFt=-0.00 ft, dt=0.0202 s, rollCorr=-0.178 pitchCorr=-0.011 m1=0.96 m2=1.00 m3=0.69 m4=1.00
[PHYSICS] pitch=0.00 deg, altFt=-0.00 ft, dt=0.0098 s, rollCorr=-0.178 pitchCorr=-0.011 m1=0.96 m2=1.00 m3=0.69 m4=1.00
[PHYSICS] pitch=0.00 deg, altFt=-0.00 ft, dt=0.0100 s, rollCorr=-0.178 pitchCorr=-0.011 m1=0.96 m2=1.00 m3=0.69 m4=1.00
[PHYSICS] pitch=0.00 deg, altFt=-0.00 ft, dt=0.0202 s, rollCorr=-0.178 pitchCorr=-0.011 m1=0.96 m2=1.00 m3=0.69 m4=1.00
[PHYSICS] pitch=0.00 deg, altFt=-0.00 ft, dt=0.0095 s, rollCorr=-0.178 pitchCorr=-0.011 m1=0.96 m2=1.00 m3=0.69 m4=1.00
[PHYSICS] pitch=0.00 deg, altFt=-0.00 ft, dt=0.0099 s, rollCorr=-0.178 pitchCorr=-0.011 m1=0.96 m2=1.00 m3=0.69 m4=1.00
[PHYSICS] pitch=0.00 deg, altFt=-0.00 ft, dt=0.0203 s, rollCorr=-0.178 pitchCorr=-0.011 m1=0.96 m2=1.00 m3=0.69 m4=1.00
[PHYSICS] pitch=0.00 deg, altFt=-0.00 ft, dt=0.0101 s, rollCorr=-0.178 pitchCorr=-0.011 m1=0.96 m2=1.00 m3=0.69 m4=1.00
[PHYSICS] pitch=0.00 deg, altFt=-0.00 ft, dt=0.0101 s, rollCorr=-0.178 pitchCorr=-0.011 m1=0.96 m2=1.00 m3=0.69 m4=1.00
[PHYSICS] pitch=0.00 deg, altFt=-0.00 ft, dt=0.0202 s, rollCorr=-0.178 pitchCorr=-0.011 m1=0.96 m2=1.00 m3=0.69 m4=1.00
[PHYSICS] pitch=0.00 deg, altFt=-0.00 ft, dt=0.0098 s, rollCorr=-0.178 pitchCorr=-0.011 m1=0.96 m2=1.00 m3=0.69 m4=1.00
[PHYSICS] pitch=0.00 deg, altFt=-0.00 ft, dt=0.0100 s, rollCorr=-0.178 pitchCorr=-0.011 m1=0.96 m2=1.00 m3=0.69 m4=1.00
[PHYSICS] pitch=0.00 deg, altFt=-0.00 ft, dt=0.0199 s, rollCorr=-0.178 pitchCorr=-0.011 m1=0.96 m2=1.00 m3=0.69 m4=1.00
[PHYSICS] pitch=0.00 deg, altFt=-0.00 ft, dt=0.0101 s, rollCorr=-0.178 pitchCorr=-0.011 m1=0.96 m2=1.00 m3=0.69 m4=1.00
[PHYSICS] pitch=0.00 deg, altFt=-0.00 ft, dt=0.0100 s, rollCorr=-0.178 pitchCorr=-0.011 m1=0.96 m2=1.00 m3=0.69 m4=1.00
[PHYSICS] pitch=0.00 deg, altFt=-0.00 ft, dt=0.0202 s, rollCorr=-0.178 pitchCorr=-0.011 m1=0.96 m2=1.00 m3=0.69 m4=1.00
[PHYSICS] pitch=0.00 deg, altFt=-0.00 ft, dt=0.0098 s, rollCorr=-0.178 pitchCorr=-0.011 m1=0.96 m2=1.00 m3=0.69 m4=1.00
[PHYSICS] pitch=0.00 deg, altFt=-0.00 ft, dt=0.0100 s, rollCorr=-0.178 pitchCorr=-0.011 m1=0.96 m2=1.00 m3=0.69 m4=1.00
[PHYSICS] pitch=0.00 deg, altFt=-0.00 ft, dt=0.0202 s, rollCorr=-0.178 pitchCorr=-0.011 m1=0.96 m2=1.00 m3=0.69 m4=1.00
[PHYSICS] pitch=0.00 deg, altFt=-0.00 ft, dt=0.0095 s, rollCorr=-0.178 pitchCorr=-0.011 m1=0.96 m2=1.00 m3=0.69 m4=1.00
[PHYSICS] pitch=0.00 deg, altFt=-0.00 ft, dt=0.0099 s, rollCorr=-0.178 pitchCorr=-0.011 m1=0.96 m2=1.00 m3=0.69 m4=1.00
[PHYSICS] pitch=0.00 deg, altFt=-0.00 ft, dt=0.0202 s, rollCorr=-0.178 pitchCorr=-0.011 m1=0.96 m2=1.00 m3=0.69 m4=1.00
[PHYSICS] pitch=0.00 deg, altFt=-0.00 ft, dt=0.0101 s, rollCorr=-0.178 pitchCorr=-0.011 m1=0.96 m2=1.00 m3=0.69 m4=1.00
[PHYSICS] pitch=0.00 deg, altFt=-0.00 ft, dt=0.0100 s, rollCorr=-0.178 pitchCorr=-0.011 m1=0.96 m2=1.00 m3=0.69 m4=1.00
[PHYSICS] pitch=0.00 deg, altFt=-0.00 ft, dt=0.0202 s, rollCorr=-0.178 pitchCorr=-0.011 m1=0.96 m2=1.00 m3=0.69 m4=1.00
[PHYSICS] pitch=0.00 deg, altFt=-0.00 ft, dt=0.0098 s, rollCorr=-0.178 pitchCorr=-0.011 m1=0.96 m2=1.00 m3=0.69 m4=1.00
[PHYSICS] pitch=0.00 deg, altFt=-0.00 ft, dt=0.0100 s, rollCorr=-0.178 pitchCorr=-0.011 m1=0.96 m2=1.00 m3=0.69 m4=1.00
[PHYSICS] pitch=0.00 deg, altFt=-0.00 ft, dt=0.0199 s, rollCorr=-0.178 pitchCorr=-0.011 m1=0.96 m2=1.00 m3=0.69 m4=1.00
[PHYSICS] pitch=0.00 deg, altFt=-0.00 ft, dt=0.0101 s, rollCorr=-0.178 pitchCorr=-0.011 m1=0.96 m2=1.00 m3=0.69 m4=1.00
[PHYSICS] pitch=0.00 deg, altFt=-0.00 ft, dt=0.0100 s, rollCorr=-0.178 pitchCorr=-0.011 m1=0.96 m2=1.00 m3=0.69 m4=1.00
[PHYSICS] pitch=0.00 deg, altFt=-0.00 ft, dt=0.0202 s, rollCorr=-0.178 pitchCorr=-0.011 m1=0.96 m2=1.00 m3=0.69 m4=1.00
[PHYSICS] pitch=0.00 deg, altFt=-0.00 ft, dt=0.0098 s, rollCorr=-0.178 pitchCorr=-0.011 m1=0.96 m2=1.00 m3=0.69 m4=1.00
[PHYSICS] pitch=0.00 deg, altFt=-0.00 ft, dt=0.0100 s, rollCorr=-0.178 pitchCorr=-0.011 m1=0.96 m2=1.00 m3=0.69 m4=1.00
[PHYSICS] pitch=0.00 deg, altFt=-0.00 ft, dt=0.0202 s, rollCorr=-0.178 pitchCorr=-0.011 m1=0.96 m2=1.00 m3=0.69 m4=1.00
[PHYSICS] pitch=0.00 deg, altFt=-0.00 ft, dt=0.0095 s, rollCorr=-0.178 pitchCorr=-0.011 m1=0.96 m2=1.00 m3=0.69 m4=1.00
[PHYSICS] pitch=0.00 deg, altFt=-0.00 ft, dt=0.0099 s, rollCorr=-0.178 pitchCorr=-0.011 m1=0.96 m2=1.00 m3=0.69 m4=1.00
[PHYSICS] pitch=0.00 deg, altFt=-0.00 ft, dt=0.0202 s, rollCorr=-0.178 pitchCorr=-0.011 m1=0.96 m2=1.00 m3=0.69 m4=1.00
[PHYSICS] pitch=0.00 deg, altFt=-0.00 ft, dt=0.0101 s, rollCorr=-0.178 pitchCorr=-0.011 m1=0.96 m2=1.00 m3=0.69 m4=1.00
[PHYSICS] pitch=0.00 deg, altFt=-0.00 ft, dt=0.0100 s, rollCorr=-0.178 pitchCorr=-0.011 m1=0.96 m2=1.00 m3=0.69 m4=1.00
[PHYSICS] pitch=0.00 deg, altFt=-0.00 ft, dt=0.0202 s, rollCorr=-0.178 pitchCorr=-0.011 m1=0.96 m2=1.00 m3=0.69 m4=1.00
[PHYSICS] pitch=0.00 deg, altFt=-0.00 ft, dt=0.0098 s, rollCorr=-0.178 pitchCorr=-0.011 m1=0.96 m2=1.00 m3=0.69 m4=1.00
[PHYSICS] pitch=0.00 deg, altFt=-0.00 ft, dt=0.0100 s, rollCorr=-0.178 pitchCorr=-0.011 m1=0.96 m2=1.00 m3=0.69 m4=1.00
[PHYSICS] pitch=0.00 deg, altFt=-0.00 ft, dt=0.0199 s, rollCorr=-0.178 pitchCorr=-0.011 m1=0.96 m2=1.00 m3=0.69 m4=1.00
[PHYSICS] pitch=0.00 deg, altFt=-0.00 ft, dt=0.0101 s, rollCorr=-0.178 pitchCorr=-0.011 m1=0.96 m2=1.00 m3=0.69 m4=1.00
[PHYSICS] pitch=0.00 deg, altFt=-0.00 ft, dt=0.0100 s, rollCorr=-0.178 pitchCorr=-0.011 m1=0.96 m2=1.00 m3=0.69 m4=1.00
[PHYSICS] pitch=0.00 deg, altFt=-0.00 ft, dt=0.0202 s, rollCorr=-0.178 pitchCorr=-0.011 m1=0.96 m2=1.00 m3=0.69 m4=1.00
[PHYSICS] pitch=0.00 deg, altFt=-0.00 ft, dt=0.0098 s, rollCorr=-0.178 pitchCorr=-0.011 m1=0.96 m2=1.00 m3=0.69 m4=1.00
[PHYSICS] pitch=0.00 deg, altFt=-0.00 ft, dt=0.0100 s, rollCorr=-0.178 pitchCorr=-0.011 m1=0.96 m2=1.00 m3=0.69 m4=1.00
[PHYSICS] pitch=0.00 deg, altFt=-0.00 ft, dt=0.0202 s, rollCorr=-0.178 pitchCorr=-0.011 m1=0.96 m2=1.00 m3=0.69 m4=1.00
[PHYSICS] pitch=0.00 deg, altFt=-0.00 ft, dt=0.0095 s, rollCorr=-0.178 pitchCorr=-0.011 m1=0.96 m2=1.00 m3=0.69 m4=1.00
[PHYSICS] pitch=0.00 deg, altFt=-0.00 ft, dt=0.0099 s, rollCorr=-0.178 pitchCorr=-0.011 m1=0.96 m2=1.00 m3=0.69 m4=1.00
[PHYSICS] pitch=0.00 deg, altFt=-0.00 ft, dt=0.0202 s, rollCorr=-0.178 pitchCorr=-0.011 m1=0.96 m2=1.00 m3=0.69 m4=1.00
[PHYSICS] pitch=0.00 deg, altFt=-0.00 ft, dt=0.0101 s, rollCorr=-0.178 pitchCorr=-0.011 m1=0.96 m2=1.00 m3=0.69 m4=1.00
[PHYSICS] pitch=0.00 deg, altFt=-0.00 ft, dt=0.0100 s, rollCorr=-0.178 pitchCorr=-0.011 m1=0.96 m2=1.00 m3=0.69 m4=1.00
[PHYSICS] pitch=0.00 deg, altFt=-0.00 ft, dt=0.0202 s, rollCorr=-0.178 pitchCorr=-0.011 m1=0.96 m2=1.00 m3=0.69 m4=1.00
[PHYSICS] pitch=0.00 deg, altFt=-0.00 ft, dt=0.0098 s, rollCorr=-0.178 pitchCorr=-0.011 m1=0.96 m2=1.00 m3=0.69 m4=1.00
[PHYSICS] pitch=0.00 deg, altFt=-0.00 ft, dt=0.0100 s, rollCorr=-0.178 pitchCorr=-0.011 m1=0.96 m2=1.00 m3=0.69 m4=1.00
[PHYSICS] pitch=0.00 deg, altFt=-0.00 ft, dt=0.0199 s, rollCorr=-0.178 pitchCorr=-0.011 m1=0.96 m2=1.00 m3=0.69 m4=1.00
[PHYSICS] pitch=0.00 deg, altFt=-0.00 ft, dt=0.0101 s, rollCorr=-0.178 pitchCorr=-0.011 m1=0.96 m2=1.00 m3=0.69 m4=1.00
[PHYSICS] pitch=0.00 deg, altFt=-0.00 ft, dt=0.0100 s, rollCorr=-0.178 pitchCorr=-0.011 m1=0.96 m2=1.00 m3=0.69 m4=1.00
[PHYSICS] pitch=0.00 deg, altFt=-0.00 ft, dt=0.0202 s, rollCorr=-0.178 pitchCorr=-0.011 m1=0.96 m2=1.00 m3=0.69 m4=1.00
[PHYSICS] pitch=0.00 deg, altFt=-0.00 ft, dt=0.0098 s, rollCorr=-0.178 pitchCorr=-0.011 m1=0.96 m2=1.00 m3=0.69 m4=1.00
[PHYSICS] pitch=0.00 deg, altFt=-0.00 ft, dt=0.0100 s, rollCorr=-0.178 pitchCorr=-0.011 m1=0.96 m2=1.00 m3=0.69 m4=1.00
[PHYSICS] pitch=0.00 deg, altFt=-0.00 ft, dt=0.0202 s, rollCorr=-0.178 pitchCorr=-0.011 m1=0.96 m2=1.00 m3=0.69 m4=1.00
[PHYSICS] pitch=0.00 deg, altFt=-0.00 ft, dt=0.0095 s, rollCorr=-0.178 pitchCorr=-0.011 m1=0.96 m2=1.00 m3=0.69 m4=1.00
[PHYSICS] pitch=0.00 deg, altFt=-0.00 ft, dt=0.0099 s, rollCorr=-0.178 pitchCorr=-0.011 m1=0.96 m2=1.00 m3=0.69 m4=1.00
[PHYSICS] pitch=0.00 deg, altFt=-0.00 ft, dt=0.0203 s, rollCorr=-0.178 pitchCorr=-0.011 m1=0.96 m2=1.00 m3=0.69 m4=1.00
[PHYSICS] pitch=0.00 deg, altFt=-0.00 ft, dt=0.0101 s, rollCorr=-0.178 pitchCorr=-0.011 m1=0.96 m2=1.00 m3=0.69 m4=1.00
[PHYSICS] pitch=0.00 deg, altFt=-0.00 ft, dt=0.0100 s, rollCorr=-0.178 pitchCorr=-0.011 m1=0.96 m2=1.00 m3=0.69 m4=1.00
[PHYSICS] pitch=0.00 deg, altFt=-0.00 ft, dt=0.0202 s, rollCorr=-0.178 pitchCorr=-0.011 m1=0.96 m2=1.00 m3=0.69 m4=1.00
[PHYSICS] pitch=0.00 deg, altFt=-0.00 ft, dt=0.0098 s, rollCorr=-0.178 pitchCorr=-0.011 m1=0.96 m2=1.00 m3=0.69 m4=1.00
[PHYSICS] pitch=0.00 deg, altFt=-0.00 ft, dt=0.0100 s, rollCorr=-0.178 pitchCorr=-0.011 m1=0.96 m2=1.00 m3=0.69 m4=1.00
[PHYSICS] pitch=0.00 deg, altFt=-0.00 ft, dt=0.0199 s, rollCorr=-0.178 pitchCorr=-0.011 m1=0.96 m2=1.00 m3=0.69 m4=1.00
[PHYSICS] pitch=0.00 deg, altFt=-0.00 ft, dt=0.0101 s, rollCorr=-0.178 pitchCorr=-0.011 m1=0.96 m2=1.00 m3=0.69 m4=1.00
[PHYSICS] pitch=0.00 deg, altFt=-0.00 ft, dt=0.0100 s, rollCorr=-0.178 pitchCorr=-0.011 m1=0.96 m2=1.00 m3=0.69 m4=1.00
[PHYSICS] pitch=0.00 deg, altFt=-0.00 ft, dt=0.0202 s, rollCorr=-0.178 pitchCorr=-0.011 m1=0.96 m2=1.00 m3=0.69 m4=1.00
[PHYSICS] pitch=0.00 deg, altFt=-0.00 ft, dt=0.0098 s, rollCorr=-0.178 pitchCorr=-0.011 m1=0.96 m2=1.00 m3=0.69 m4=1.00
[PHYSICS] pitch=0.00 deg, altFt=-0.00 ft, dt=0.0100 s, rollCorr=-0.178 pitchCorr=-0.011 m1=0.96 m2=1.00 m3=0.69 m4=1.00
[PHYSICS] pitch=0.00 deg, altFt=-0.00 ft, dt=0.0202 s, rollCorr=-0.178 pitchCorr=-0.011 m1=0.96 m2=1.00 m3=0.69 m4=1.00
[PHYSICS] pitch=0.00 deg, altFt=-0.00 ft, dt=0.0095 s, rollCorr=-0.178 pitchCorr=-0.011 m1=0.96 m2=1.00 m3=0.69 m4=1.00
[PHYSICS] pitch=0.00 deg, altFt=-0.00 ft, dt=0.0099 s, rollCorr=-0.178 pitchCorr=-0.011 m1=0.96 m2=1.00 m3=0.69 m4=1.00
[PHYSICS] pitch=0.00 deg, altFt=-0.00 ft, dt=0.0202 s, rollCorr=-0.178 pitchCorr=-0.011 m1=0.96 m2=1.00 m3=0.69 m4=1.00
[PHYSICS] pitch=0.00 deg, altFt=-0.00 ft, dt=0.0101 s, rollCorr=-0.178 pitchCorr=-0.011 m1=0.96 m2=1.00 m3=0.69 m4=1.00
[PHYSICS] pitch=0.00 deg, altFt=-0.00 ft, dt=0.0100 s, rollCorr=-0.178 pitchCorr=-0.011 m1=0.96 m2=1.00 m3=0.69 m4=1.00
[PHYSICS] pitch=0.00 deg, altFt=-0.00 ft, dt=0.0202 s, rollCorr=-0.178 pitchCorr=-0.011 m1=0.96 m2=1.00 m3=0.69 m4=1.00
[PHYSICS] pitch=0.00 deg, altFt=-0.00 ft, dt=0.0098 s, rollCorr=-0.178 pitchCorr=-0.011 m1=0.96 m2=1.00 m3=0.69 m4=1.00
[PHYSICS] pitch=0.00 deg, altFt=-0.00 ft, dt=0.0100 s, rollCorr=-0.178 pitchCorr=-0.011 m1=0.96 m2=1.00 m3=0.69 m4=1.00
[PHYSICS] pitch=0.00 deg, altFt=-0.00 ft, dt=0.0199 s, rollCorr=-0.178 pitchCorr=-0.011 m1=0.96 m2=1.00 m3=0.69 m4=1.00
[PHYSICS] pitch=0.00 deg, altFt=-0.00 ft, dt=0.0101 s, rollCorr=-0.178 pitchCorr=-0.011 m1=0.96 m2=1.00 m3=0.69 m4=1.00
[PHYSICS] pitch=0.00 deg, altFt=-0.00 ft, dt=0.0100 s, rollCorr=-0.178 pitchCorr=-0.011 m1=0.96 m2=1.00 m3=0.69 m4=1.00
[PHYSICS] pitch=0.00 deg, altFt=-0.00 ft, dt=0.0202 s, rollCorr=-0.178 pitchCorr=-0.011 m1=0.96 m2=1.00 m3=0.69 m4=1.00
[PHYSICS] pitch=0.00 deg, altFt=-0.00 ft, dt=0.0098 s, rollCorr=-0.178 pitchCorr=-0.011 m1=0.96 m2=1.00 m3=0.69 m4=1.00
[PHYSICS] pitch=0.00 deg, altFt=-0.00 ft, dt=0.0100 s, rollCorr=-0.178 pitchCorr=-0.011 m1=0.96 m2=1.00 m3=0.69 m4=1.00
[PHYSICS] pitch=0.00 deg, altFt=-0.00 ft, dt=0.0202 s, rollCorr=-0.178 pitchCorr=-0.011 m1=0.96 m2=1.00 m3=0.69 m4=1.00
[PHYSICS] pitch=0.00 deg, altFt=-0.00 ft, dt=0.0095 s, rollCorr=-0.178 pitchCorr=-0.011 m1=0.96 m2=1.00 m3=0.69 m4=1.00
[PHYSICS] pitch=0.00 deg, altFt=-0.00 ft, dt=0.0099 s, rollCorr=-0.178 pitchCorr=-0.011 m1=0.96 m2=1.00 m3=0.69 m4=1.00
[PHYSICS] pitch=0.00 deg, altFt=-0.00 ft, dt=0.0203 s, rollCorr=-0.178 pitchCorr=-0.011 m1=0.96 m2=1.00 m3=0.69 m4=1.00
[PHYSICS] pitch=0.00 deg, altFt=-0.00 ft, dt=0.0101 s, rollCorr=-0.178 pitchCorr=-0.011 m1=0.96 m2=1.00 m3=0.69 m4=1.00
[PHYSICS] pitch=0.00 deg, altFt=-0.00 ft, dt=0.0100 s, rollCorr=-0.178 pitchCorr=-0.011 m1=0.96 m2=1.00 m3=0.69 m4=1.00
[PHYSICS] pitch=0.00 deg, altFt=-0.00 ft, dt=0.0202 s, rollCorr=-0.178 pitchCorr=-0.011 m1=0.96 m2=1.00 m3=0.69 m4=1.00
[PHYSICS] pitch=0.00 deg, altFt=-0.00 ft, dt=0.0098 s, rollCorr=-0.178 pitchCorr=-0.011 m1=0.96 m2=1.00 m3=0.69 m4=1.00
[PHYSICS] pitch=0.00 deg, altFt=-0.00 ft, dt=0.0100 s, rollCorr=-0.178 pitchCorr=-0.011 m1=0.96 m2=1.00 m3=0.69 m4=1.00
[PHYSICS] pit
[GPS + Compass Injection Test] delay 2000ms
ch=0.00 deg, altFt=-0.00 ft, dt=0.0199 s, rollCorr=-0.178 pitchCorr=-0.011 m1=0.96 m2=1.00 m3=0.69 m4=1.00
[PHYSICS] pitch=0.00 deg, altFt=-0.00 ft, dt=0.0101 s, rollCorr=-0.178 pitchCorr=-0.011 m1=0.96 m2=1.00 m3=0.69 m4=1.00
[PHYSICS] pitch=0.00 deg, altFt=-0.00 ft, dt=0.0100 s, rollCorr=-0.178 pitchCorr=-0.011 m1=0.96 m2=1.00 m3=0.69 m4=1.00
[PHYSICS] pitch=0.00 deg, altFt=-0.00 ft, dt=0.0203 s, rollCorr=-0.178 pitchCorr=-0.011 m1=0.96 m2=1.00 m3=0.69 m4=1.00
[PHYSICS] pitch=0.00 deg, altFt=-0.00 ft, dt=0.0097 s, rollCorr=-0.178 pitchCorr=-0.011 m1=0.96 m2=1.00 m3=0.69 m4=1.00
[PHYSICS] pitch=0.00 deg, altFt=-0.00 ft, dt=0.0100 s, rollCorr=-0.178 pitchCorr=-0.011 m1=0.96 m2=1.00 m3=0.69 m4=1.00
[PHYSICS] pitch=0.00 deg, altFt=-0.00 ft, dt=0.0202 s, rollCorr=-0.178 pitchCorr=-0.011 m1=0.96 m2=1.00 m3=0.69 m4=1.00
[PHYSICS] pitch=0.00 deg, altFt=-0.00 ft, dt=0.0095 s, rollCorr=-0.178 pitchCorr=-0.011 m1=0.96 m2=1.00 m3=0.69 m4=1.00
[PHYSICS] pitch=0.00 deg, altFt=-0.00 ft, dt=0.0099 s, rollCorr=-0.178 pitchCorr=-0.011 m1=0.96 m2=1.00 m3=0.69 m4=1.00
[PHYSICS] pitch=0.00 deg, altFt=-0.00 ft, dt=0.0202 s, rollCorr=-0.178 pitchCorr=-0.011 m1=0.96 m2=1.00 m3=0.69 m4=1.00
[PHYSICS] pitch=0.00 deg, altFt=-0.00 ft, dt=0.0101 s, rollCorr=-0.178 pitchCorr=-0.011 m1=0.96 m2=1.00 m3=0.69 m4=1.00
[PHYSICS] pitch=0.00 deg, altFt=-0.00 ft, dt=0.0100 s, rollCorr=-0.178 pitchCorr=-0.011 m1=0.96 m2=1.00 m3=0.69 m4=1.00
[PHYSICS] pitch=0.00 deg, altFt=-0.00 ft, dt=0.0202 s, rollCorr=-0.178 pitchCorr=-0.011 m1=0.96 m2=1.00 m3=0.69 m4=1.00
[PHYSICS] pitch=0.00 deg, altFt=-0.00 ft, dt=0.0098 s, rollCorr=-0.178 pitchCorr=-0.011 m1=0.96 m2=1.00 m3=0.69 m4=1.00
[PHYSICS] pitch=0.00 deg, altFt=-0.00 ft, dt=0.0100 s, rollCorr=-0.178 pitchCorr=-0.011 m1=0.96 m2=1.00 m3=0.69 m4=1.00
[PHYSICS] pitch=0.00 deg, altFt=-0.00 ft, dt=0.0199 s, rollCorr=-0.178 pitchCorr=-0.011 m1=0.96 m2=1.00 m3=0.69 m4=1.00
[PHYSICS] pitch=0.00 deg, altFt=-0.00 ft, dt=0.0101 s, rollCorr=-0.178 pitchCorr=-0.011 m1=0.96 m2=1.00 m3=0.69 m4=1.00
[PHYSICS] pitch=0.00 deg, altFt=-0.00 ft, dt=0.0100 s, rollCorr=-0.178 pitchCorr=-0.011 m1=0.96 m2=1.00 m3=0.69 m4=1.00
[PHYSICS] pitch=0.00 deg, altFt=-0.00 ft, dt=0.0202 s, rollCorr=-0.178 pitchCorr=-0.011 m1=0.96 m2=1.00 m3=0.69 m4=1.00
[PHYSICS] pitch=0.00 deg, altFt=-0.00 ft, dt=0.0098 s, rollCorr=-0.178 pitchCorr=-0.011 m1=0.96 m2=1.00 m3=0.69 m4=1.00
[PHYSICS] pitch=0.00 deg, altFt=-0.00 ft, dt=0.0100 s, rollCorr=-0.178 pitchCorr=-0.011 m1=0.96 m2=1.00 m3=0.69 m4=1.00
[PHYSICS] pitch=0.00 deg, altFt=-0.00 ft, dt=0.0202 s, rollCorr=-0.178 pitchCorr=-0.011 m1=0.96 m2=1.00 m3=0.69 m4=1.00
[PHYSICS] pitch=0.00 deg, altFt=-0.00 ft, dt=0.0095 s, rollCorr=-0.178 pitchCorr=-0.011 m1=0.96 m2=1.00 m3=0.69 m4=1.00
[PHYSICS] pitch=0.00 deg, altFt=-0.00 ft, dt=0.0099 s, rollCorr=-0.178 pitchCorr=-0.011 m1=0.96 m2=1.00 m3=0.69 m4=1.00
[PHYSICS] pitch=0.00 deg, altFt=-0.00 ft, dt=0.0202 s, rollCorr=-0.178 pitchCorr=-0.011 m1=0.96 m2=1.00 m3=0.69 m4=1.00
[PHYSICS] pitch=0.00 deg, altFt=-0.00 ft, dt=0.0101 s, rollCorr=-0.178 pitchCorr=-0.011 m1=0.96 m2=1.00 m3=0.69 m4=1.00
[PHYSICS] pitch=0.00 deg, altFt=-0.00 ft, dt=0.0100 s, rollCorr=-0.178 pitchCorr=-0.011 m1=0.96 m2=1.00 m3=0.69 m4=1.00
[PHYSICS] pitch=0.00 deg, altFt=-0.00 ft, dt=0.0202 s, rollCorr=-0.178 pitchCorr=-0.011 m1=0.96 m2=1.00 m3=0.69 m4=1.00
[PHYSICS] pitch=0.00 deg, altFt=-0.00 ft, dt=0.0098 s, rollCorr=-0.178 pitchCorr=-0.011 m1=0.96 m2=1.00 m3=0.69 m4=1.00
[PHYSICS] pitch=0.00 deg, altFt=-0.00 ft, dt=0.0100 s, rollCorr=-0.178 pitchCorr=-0.011 m1=0.96 m2=1.00 m3=0.69 m4=1.00
[PHYSICS] pitch=0.00 deg, altFt=-0.00 ft, dt=0.0199 s, rollCorr=-0.178 pitchCorr=-0.011 m1=0.96 m2=1.00 m3=0.69 m4=1.00
[PHYSICS] pitch=0.00 deg, altFt=-0.00 ft, dt=0.0101 s, rollCorr=-0.178 pitchCorr=-0.011 m1=0.96 m2=1.00 m3=0.69 m4=1.00
[PHYSICS] pitch=0.00 deg, altFt=-0.00 ft, dt=0.0100 s, rollCorr=-0.178 pitchCorr=-0.011 m1=0.96 m2=1.00 m3=0.69 m4=1.00
[PHYSICS] pitch=0.00 deg, altFt=-0.00 ft, dt=0.0202 s, rollCorr=-0.178 pitchCorr=-0.011 m1=0.96 m2=1.00 m3=0.69 m4=1.00
[PHYSICS] pitch=0.00 deg, altFt=-0.00 ft, dt=0.0098 s, rollCorr=-0.178 pitchCorr=-0.011 m1=0.96 m2=1.00 m3=0.69 m4=1.00
[PHYSICS] pitch=0.00 deg, altFt=-0.00 ft, dt=0.0100 s, rollCorr=-0.178 pitchCorr=-0.011 m1=0.96 m2=1.00 m3=0.69 m4=1.00
[PHYSICS] pitch=0.00 deg, altFt=-0.00 ft, dt=0.0202 s, rollCorr=-0.178 pitchCorr=-0.011 m1=0.96 m2=1.00 m3=0.69 m4=1.00
[PHYSICS] pitch=0.00 deg, altFt=-0.00 ft, dt=0.0095 s, rollCorr=-0.178 pitchCorr=-0.011 m1=0.96 m2=1.00 m3=0.69 m4=1.00
[PHYSICS] pitch=0.00 deg, altFt=-0.00 ft, dt=0.0099 s, rollCorr=-0.178 pitchCorr=-0.011 m1=0.96 m2=1.00 m3=0.69 m4=1.00
[PHYSICS] pitch=0.00 deg, altFt=-0.00 ft, dt=0.0203 s, rollCorr=-0.178 pitchCorr=-0.011 m1=0.96 m2=1.00 m3=0.69 m4=1.00
[PHYSICS] pitch=0.00 deg, altFt=-0.00 ft, dt=0.0101 s, rollCorr=-0.178 pitchCorr=-0.011 m1=0.96 m2=1.00 m3=0.69 m4=1.00
[PHYSICS] pitch=0.00 deg, altFt=-0.00 ft, dt=0.0100 s, rollCorr=-0.178 pitchCorr=-0.011 m1=0.96 m2=1.00 m3=0.69 m4=1.00
[PHYSICS] pitch=0.00 deg, altFt=-0.00 ft, dt=0.0202 s, rollCorr=-0.178 pitchCorr=-0.011 m1=0.96 m2=1.00 m3=0.69 m4=1.00
[PHYSICS] pitch=0.00 deg, altFt=-0.00 ft, dt=0.0098 s, rollCorr=-0.178 pitchCorr=-0.011 m1=0.96 m2=1.00 m3=0.69 m4=1.00
[PHYSICS] pitch=0.00 deg, altFt=-0.00 ft, dt=0.0100 s, rollCorr=-0.178 pitchCorr=-0.011 m1=0.96 m2=1.00 m3=0.69 m4=1.00
[PHYSICS] pitch=0.00 deg, altFt=-0.00 ft, dt=0.0199 s, rollCorr=-0.178 pitchCorr=-0.011 m1=0.96 m2=1.00 m3=0.69 m4=1.00
[PHYSICS] pitch=0.00 deg, altFt=-0.00 ft, dt=0.0101 s, rollCorr=-0.178 pitchCorr=-0.011 m1=0.96 m2=1.00 m3=0.69 m4=1.00
[PHYSICS] pitch=0.00 deg, altFt=-0.00 ft, dt=0.0100 s, rollCorr=-0.178 pitchCorr=-0.011 m1=0.96 m2=1.00 m3=0.69 m4=1.00
[PHYSICS] pitch=0.00 deg, altFt=-0.00 ft, dt=0.0202 s, rollCorr=-0.178 pitchCorr=-0.011 m1=0.96 m2=1.00 m3=0.69 m4=1.00
[PHYSICS] pitch=0.00 deg, altFt=-0.00 ft, dt=0.0098 s, rollCorr=-0.178 pitchCorr=-0.011 m1=0.96 m2=1.00 m3=0.69 m4=1.00
[PHYSICS] pitch=0.00 deg, altFt=-0.00 ft, dt=0.0100 s, rollCorr=-0.178 pitchCorr=-0.011 m1=0.96 m2=1.00 m3=0.69 m4=1.00
[PHYSICS] pitch=0.00 deg, altFt=-0.00 ft, dt=0.0202 s, rollCorr=-0.178 pitchCorr=-0.011 m1=0.96 m2=1.00 m3=0.69 m4=1.00
[PHYSICS] pitch=0.00 deg, altFt=-0.00 ft, dt=0.0095 s, rollCorr=-0.178 pitchCorr=-0.011 m1=0.96 m2=1.00 m3=0.69 m4=1.00
[PHYSICS] pitch=0.00 deg, altFt=-0.00 ft, dt=0.0099 s, rollCorr=-0.178 pitchCorr=-0.011 m1=0.96 m2=1.00 m3=0.69 m4=1.00
[PHYSICS] pitch=0.00 deg, altFt=-0.00 ft, dt=0.0203 s, rollCorr=-0.178 pitchCorr=-0.011 m1=0.96 m2=1.00 m3=0.69 m4=1.00
[PHYSICS] pitch=0.00 deg, altFt=-0.00 ft, dt=0.0101 s, rollCorr=-0.178 pitchCorr=-0.011 m1=0.96 m2=1.00 m3=0.69 m4=1.00
[PHYSICS] pitch=0.00 deg, altFt=-0.00 ft, dt=0.0101 s, rollCorr=-0.178 pitchCorr=-0.011 m1=0.96 m2=1.00 m3=0.69 m4=1.00
[PHYSICS] pitch=0.00 deg, altFt=-0.00 ft, dt=0.0202 s, rollCorr=-0.178 pitchCorr=-0.011 m1=0.96 m2=1.00 m3=0.69 m4=1.00
[PHYSICS] pitch=0.00 deg, altFt=-0.00 ft, dt=0.0098 s, rollCorr=-0.178 pitchCorr=-0.011 m1=0.96 m2=1.00 m3=0.69 m4=1.00
[PHYSICS] pitch=0.00 deg, altFt=-0.00 ft, dt=0.0100 s, rollCorr=-0.178 pitchCorr=-0.011 m1=0.96 m2=1.00 m3=0.69 m4=1.00
[PHYSICS] pitch=0.00 deg, altFt=-0.00 ft, dt=0.0199 s, rollCorr=-0.178 pitchCorr=-0.011 m1=0.96 m2=1.00 m3=0.69 m4=1.00
[PHYSICS] pitch=0.00 deg, altFt=-0.00 ft, dt=0.0101 s, rollCorr=-0.178 pitchCorr=-0.011 m1=0.96 m2=1.00 m3=0.69 m4=1.00
[PHYSICS] pitch=0.00 deg, altFt=-0.00 ft, dt=0.0100 s, rollCorr=-0.178 pitchCorr=-0.011 m1=0.96 m2=1.00 m3=0.69 m4=1.00
[PHYSICS] pitch=0.00 deg, altFt=-0.00 ft, dt=0.0202 s, rollCorr=-0.178 pitchCorr=-0.011 m1=0.96 m2=1.00 m3=0.69 m4=1.00
[PHYSICS] pitch=0.00 deg, altFt=-0.00 ft, dt=0.0098 s, rollCorr=-0.178 pitchCorr=-0.011 m1=0.96 m2=1.00 m3=0.69 m4=1.00
[PHYSICS] pitch=0.00 deg, altFt=-0.00 ft, dt=0.0100 s, rollCorr=-0.178 pitchCorr=-0.011 m1=0.96 m2=1.00 m3=0.69 m4=1.00
[PHYSICS] pitch=0.00 deg, altFt=-0.00 ft, dt=0.0202 s, rollCorr=-0.178 pitchCorr=-0.011 m1=0.96 m2=1.00 m3=0.69 m4=1.00
[PHYSICS] pitch=0.00 deg, altFt=-0.00 ft, dt=0.0095 s, rollCorr=-0.178 pitchCorr=-0.011 m1=0.96 m2=1.00 m3=0.69 m4=1.00
[PHYSICS] pitch=0.00 deg, altFt=-0.00 ft, dt=0.0099 s, rollCorr=-0.178 pitchCorr=-0.011 m1=0.96 m2=1.00 m3=0.69 m4=1.00
[PHYSICS] pitch=0.00 deg, altFt=-0.00 ft, dt=0.0202 s, rollCorr=-0.178 pitchCorr=-0.011 m1=0.96 m2=1.00 m3=0.69 m4=1.00
[PHYSICS] pitch=0.00 deg, altFt=-0.00 ft, dt=0.0101 s, rollCorr=-0.178 pitchCorr=-0.011 m1=0.96 m2=1.00 m3=0.69 m4=1.00
[PHYSICS] pitch=0.00 deg, altFt=-0.00 ft, dt=0.0100 s, rollCorr=-0.178 pitchCorr=-0.011 m1=0.96 m2=1.00 m3=0.69 m4=1.00
[PHYSICS] pitch=0.00 deg, altFt=-0.00 ft, dt=0.0202 s, rollCorr=-0.178 pitchCorr=-0.011 m1=0.96 m2=1.00 m3=0.69 m4=1.00
[PHYSICS] pitch=0.00 deg, altFt=-0.00 ft, dt=0.0098 s, rollCorr=-0.178 pitchCorr=-0.011 m1=0.96 m2=1.00 m3=0.69 m4=1.00
[PHYSICS] pitch=0.00 deg, altFt=-0.00 ft, dt=0.0100 s, rollCorr=-0.178 pitchCorr=-0.011 m1=0.96 m2=1.00 m3=0.69 m4=1.00
[PHYSICS] pitch=0.00 deg, altFt=-0.00 ft, dt=0.0199 s, rollCorr=-0.178 pitchCorr=-0.011 m1=0.96 m2=1.00 m3=0.69 m4=1.00
[PHYSICS] pitch=0.00 deg, altFt=-0.00 ft, dt=0.0101 s, rollCorr=-0.178 pitchCorr=-0.011 m1=0.96 m2=1.00 m3=0.69 m4=1.00
[PHYSICS] pitch=0.00 deg, altFt=-0.00 ft, dt=0.0100 s, rollCorr=-0.178 pitchCorr=-0.011 m1=0.96 m2=1.00 m3=0.69 m4=1.00
[PHYSICS] pitch=0.00 deg, altFt=-0.00 ft, dt=0.0202 s, rollCorr=-0.178 pitchCorr=-0.011 m1=0.96 m2=1.00 m3=0.69 m4=1.00
[PHYSICS] pitch=0.00 deg, altFt=-0.00 ft, dt=0.0098 s, rollCorr=-0.178 pitchCorr=-0.011 m1=0.96 m2=1.00 m3=0.69 m4=1.00
[PHYSICS] pitch=0.00 deg, altFt=-0.00 ft, dt=0.0100 s, rollCorr=-0.178 pitchCorr=-0.011 m1=0.96 m2=1.00 m3=0.69 m4=1.00
[PHYSICS] pitch=0.00 deg, altFt=-0.00 ft, dt=0.0202 s, rollCorr=-0.178 pitchCorr=-0.011 m1=0.96 m2=1.00 m3=0.69 m4=1.00
[PHYSICS] pitch=0.00 deg, altFt=-0.00 ft, dt=0.0095 s, rollCorr=-0.178 pitchCorr=-0.011 m1=0.96 m2=1.00 m3=0.69 m4=1.00
[PHYSICS] pitch=0.00 deg, altFt=-0.00 ft, dt=0.0099 s, rollCorr=-0.178 pitchCorr=-0.011 m1=0.96 m2=1.00 m3=0.69 m4=1.00
[PHYSICS] pitch=0.00 deg, altFt=-0.00 ft, dt=0.0203 s, rollCorr=-0.178 pitchCorr=-0.011 m1=0.96 m2=1.00 m3=0.69 m4=1.00
[PHYSICS] pitch=0.00 deg, altFt=-0.00 ft, dt=0.0101 s, rollCorr=-0.178 pitchCorr=-0.011 m1=0.96 m2=1.00 m3=0.69 m4=1.00
[PHYSICS] pitch=0.00 deg, altFt=-0.00 ft, dt=0.0100 s, rollCorr=-0.178 pitchCorr=-0.011 m1=0.96 m2=1.00 m3=0.69 m4=1.00
[PHYSICS] pitch=0.00 deg, altFt=-0.00 ft, dt=0.0202 s, rollCorr=-0.178 pitchCorr=-0.011 m1=0.96 m2=1.00 m3=0.69 m4=1.00
[PHYSICS] pitch=0.00 deg, altFt=-0.00 ft, dt=0.0098 s, rollCorr=-0.178 pitchCorr=-0.011 m1=0.96 m2=1.00 m3=0.69 m4=1.00
[PHYSICS] pitch=0.00 deg, altFt=-0.00 ft, dt=0.0100 s, rollCorr=-0.178 pitchCorr=-0.011 m1=0.96 m2=1.00 m3=0.69 m4=1.00
[PHYSICS] pitch=0.00 deg, altFt=-0.00 ft, dt=0.0199 s, rollCorr=-0.178 pitchCorr=-0.011 m1=0.96 m2=1.00 m3=0.69 m4=1.00
[PHYSICS] pitch=0.00 deg, altFt=-0.00 ft, dt=0.0101 s, rollCorr=-0.178 pitchCorr=-0.011 m1=0.96 m2=1.00 m3=0.69 m4=1.00
[PHYSICS] pitch=0.00 deg, altFt=-0.00 ft, dt=0.0100 s, rollCorr=-0.178 pitchCorr=-0.011 m1=0.96 m2=1.00 m3=0.69 m4=1.00
[PHYSICS] pitch=0.00 deg, altFt=-0.00 ft, dt=0.0202 s, rollCorr=-0.178 pitchCorr=-0.011 m1=0.96 m2=1.00 m3=0.69 m4=1.00
[PHYSICS] pitch=0.00 deg, altFt=-0.00 ft, dt=0.0098 s, rollCorr=-0.178 pitchCorr=-0.011 m1=0.96 m2=1.00 m3=0.69 m4=1.00
[PHYSICS] pitch=0.00 deg, altFt=-0.00 ft, dt=0.0100 s, rollCorr=-0.178 pitchCorr=-0.011 m1=0.96 m2=1.00 m3=0.69 m4=1.00
[PHYSICS] pitch=0.00 deg, altFt=-0.00 ft, dt=0.0202 s, rollCorr=-0.178 pitchCorr=-0.011 m1=0.96 m2=1.00 m3=0.69 m4=1.00
[PHYSICS] pitch=0.00 deg, altFt=-0.00 ft, dt=0.0095 s, rollCorr=-0.178 pitchCorr=-0.011 m1=0.96 m2=1.00 m3=0.69 m4=1.00
[PHYSICS] pitch=0.00 deg, altFt=-0.00 ft, dt=0.0099 s, rollCorr=-0.178 pitchCorr=-0.011 m1=0.96 m2=1.00 m3=0.69 m4=1.00
[PHYSICS] pitch=0.00 deg, altFt=-0.00 ft, dt=0.0203 s, rollCorr=-0.178 pitchCorr=-0.011 m1=0.96 m2=1.00 m3=0.69 m4=1.00
[PHYSICS] pitch=0.00 deg, altFt=-0.00 ft, dt=0.0101 s, rollCorr=-0.178 pitchCorr=-0.011 m1=0.96 m2=1.00 m3=0.69 m4=1.00
[PHYSICS] pitch=0.00 deg, altFt=-0.00 ft, dt=0.0100 s, rollCorr=-0.178 pitchCorr=-0.011 m1=0.96 m2=1.00 m3=0.69 m4=1.00
[PHYSICS] pitch=0.00 deg, altFt=-0.00 ft, dt=0.0202 s, rollCorr=-0.178 pitchCorr=-0.011 m1=0.96 m2=1.00 m3=0.69 m4=1.00
[PHYSICS] pitch=0.00 deg, altFt=-0.00 ft, dt=0.0098 s, rollCorr=-0.178 pitchCorr=-0.011 m1=0.96 m2=1.00 m3=0.69 m4=1.00
[PHYSICS] pitch=0.00 deg, altFt=-0.00 ft, dt=0.0100 s, rollCorr=-0.178 pitchCorr=-0.011 m1=0.96 m2=1.00 m3=0.69 m4=1.00
[PHYSICS] pitch=0.00 deg, altFt=-0.00 ft, dt=0.0199 s, rollCorr=-0.178 pitchCorr=-0.011 m1=0.96 m2=1.00 m3=0.69 m4=1.00
[PHYSICS] pitch=0.00 deg, altFt=-0.00 ft, dt=0.0101 s, rollCorr=-0.178 pitchCorr=-0.011 m1=0.96 m2=1.00 m3=0.69 m4=1.00
[PHYSICS] pitch=0.00 deg, altFt=-0.00 ft, dt=0.0100 s, rollCorr=-0.178 pitchCorr=-0.011 m1=0.96 m2=1.00 m3=0.69 m4=1.00
[PHYSICS] pitch=0.00 deg, altFt=-0.00 ft, dt=0.0202 s, rollCorr=-0.178 pitchCorr=-0.011 m1=0.96 m2=1.00 m3=0.69 m4=1.00
[PHYSICS] pitch=0.00 deg, altFt=-0.00 ft, dt=0.0098 s, rollCorr=-0.178 pitchCorr=-0.011 m1=0.96 m2=1.00 m3=0.69 m4=1.00
[PHYSICS] pitch=0.00 deg, altFt=-0.00 ft, dt=0.0100 s, rollCorr=-0.178 pitchCorr=-0.011 m1=0.96 m2=1.00 m3=0.69 m4=1.00
[PHYSICS] pitch=0.00 deg, altFt=-0.00 ft, dt=0.0202 s, rollCorr=-0.178 pitchCorr=-0.011 m1=0.96 m2=1.00 m3=0.69 m4=1.00
[PHYSICS] pitch=0.00 deg, altFt=-0.00 ft, dt=0.0095 s, rollCorr=-0.178 pitchCorr=-0.011 m1=0.96 m2=1.00 m3=0.69 m4=1.00
[PHYSICS] pitch=0.00 deg, altFt=-0.00 ft, dt=0.0099 s, rollCorr=-0.178 pitchCorr=-0.011 m1=0.96 m2=1.00 m3=0.69 m4=1.00
[PHYSICS] pitch=0.00 deg, altFt=-0.00 ft, dt=0.0202 s, rollCorr=-0.178 pitchCorr=-0.011 m1=0.96 m2=1.00 m3=0.69 m4=1.00
[PHYSICS] pitch=0.00 deg, altFt=-0.00 ft, dt=0.0101 s, rollCorr=-0.178 pitchCorr=-0.011 m1=0.96 m2=1.00 m3=0.69 m4=1.00
[PHYSICS] pitch=0.00 deg, altFt=-0.00 ft, dt=0.0100 s, rollCorr=-0.178 pitchCorr=-0.011 m1=0.96 m2=1.00 m3=0.69 m4=1.00
[PHYSICS] pitch=0.00 deg, altFt=-0.00 ft, dt=0.0202 s, rollCorr=-0.178 pitchCorr=-0.011 m1=0.96 m2=1.00 m3=0.69 m4=1.00
[PHYSICS] pitch=0.00 deg, altFt=-0.00 ft, dt=0.0098 s, rollCorr=-0.178 pitchCorr=-0.011 m1=0.96 m2=1.00 m3=0.69 m4=1.00
[PHYSICS] pitch=0.00 deg, altFt=-0.00 ft, dt=0.0100 s, rollCorr=-0.178 pitchCorr=-0.011 m1=0.96 m2=1.00 m3=0.69 m4=1.00
[PHYSICS] pitch=0.00 deg, altFt=-0.00 ft, dt=0.0199 s, rollCorr=-0.178 pitchCorr=-0.011 m1=0.96 m2=1.00 m3=0.69 m4=1.00
[PHYSICS] pitch=0.00 deg, altFt=-0.00 ft, dt=0.0101 s, rollCorr=-0.178 pitchCorr=-0.011 m1=0.96 m2=1.00 m3=0.69 m4=1.00
[PHYSICS] pitch=0.00 deg, altFt=-0.00 ft, dt=0.0100 s, rollCorr=-0.178 pitchCorr=-0.011 m1=0.96 m2=1.00 m3=0.69 m4=1.00
[PHYSICS] pitch=0.00 deg, altFt=-0.00 ft, dt=0.0202 s, rollCorr=-0.178 pitchCorr=-0.011 m1=0.96 m2=1.00 m3=0.69 m4=1.00
[PHYSICS] pitch=0.00 deg, altFt=-0.00 ft, dt=0.0098 s, rollCorr=-0.178 pitchCorr=-0.011 m1=0.96 m2=1.00 m3=0.69 m4=1.00
[PHYSICS] pitch=0.00 deg, altFt=-0.00 ft, dt=0.0100 s, rollCorr=-0.178 pitchCorr=-0.011 m1=0.96 m2=1.00 m3=0.69 m4=1.00
[PHYSICS] pitch=0.00 deg, altFt=-0.00 ft, dt=0.0202 s, rollCorr=-0.178 pitchCorr=-0.011 m1=0.96 m2=1.00 m3=0.69 m4=1.00
[PHYSICS] pitch=0.00 deg, altFt=-0.00 ft, dt=0.0095 s, rollCorr=-0.178 pitchCorr=-0.011 m1=0.96 m2=1.00 m3=0.69 m4=1.00
[PHYSICS] pitch=0.00 deg, altFt=-0.00 ft, dt=0.0099 s, rollCorr=-0.178 pitchCorr=-0.011 m1=0.96 m2=1.00 m3=0.69 m4=1.00
[PHYSICS] pitch=0.00 deg, altFt=-0.00 ft, dt=0.0203 s, rollCorr=-0.178 pitchCorr=-0.011 m1=0.96 m2=1.00 m3=0.69 m4=1.00
[PHYSICS] pitch=0.00 deg, altFt=-0.00 ft, dt=0.0101 s, rollCorr=-0.178 pitchCorr=-0.011 m1=0.96 m2=1.00 m3=0.69 m4=1.00
[PHYSICS] pitch=0.00 deg, altFt=-0.00 ft, dt=0.0101 s, rollCorr=-0.178 pitchCorr=-0.011 m1=0.96 m2=1.00 m3=0.69 m4=1.00
[PHYSICS] pitch=0.00 deg, altFt=-0.00 ft, dt=0.0202 s, rollCorr=-0.178 pitchCorr=-0.011 m1=0.96 m2=1.00 m3=0.69 m4=1.00
[PHYSICS] pitch=0.00 deg, altFt=-0.00 ft, dt=0.0098 s, rollCorr=-0.178 pitchCorr=-0.011 m1=0.96 m2=1.00 m3=0.69 m4=1.00
[PHYSICS] pitch=0.00 deg, altFt=-0.00 ft, dt=0.0100 s, rollCorr=-0.178 pitchCorr=-0.011 m1=0.96 m2=1.00 m3=0.69 m4=1.00
[PHYSICS] pitch=0.00 deg, altFt=-0.00 ft, dt=0.0199 s, rollCorr=-0.178 pitchCorr=-0.011 m1=0.96 m2=1.00 m3=0.69 m4=1.00
[PHYSICS] pitch=0.00 deg, altFt=-0.00 ft, dt=0.0101 s, rollCorr=-0.178 pitchCorr=-0.011 m1=0.96 m2=1.00 m3=0.69 m4=1.00
[PHYSICS] pitch=0.00 deg, altFt=-0.00 ft, dt=0.0100 s, rollCorr=-0.178 pitchCorr=-0.011 m1=0.96 m2=1.00 m3=0.69 m4=1.00
[PHYSICS] pitch=0.00 deg, altFt=-0.00 ft, dt=0.0202 s, rollCorr=-0.178 pitchCorr=-0.011 m1=0.96 m2=1.00 m3=0.69 m4=1.00
[PHYSICS] pitch=0.00 deg, altFt=-0.00 ft, dt=0.0098 s, rollCorr=-0.178 pitchCorr=-0.011 m1=0.96 m2=1.00 m3=0.69 m4=1.00
[PHYSICS] pitch=0.00 deg, altFt=-0.00 ft, dt=0.0100 s, rollCorr=-0.178 pitchCorr=-0.011 m1=0.96 m2=1.00 m3=0.69 m4=1.00
[PHYSICS] pitch=0.00 deg, altFt=-0.00 ft, dt=0.0202 s, rollCorr=-0.178 pitchCorr=-0.011 m1=0.96 m2=1.00 m3=0.69 m4=1.00
[PHYSICS] pitch=0.00 deg, altFt=-0.00 ft, dt=0.0095 s, rollCorr=-0.178 pitchCorr=-0.011 m1=0.96 m2=1.00 m3=0.69 m4=1.00
[PHYSICS] pitch=0.00 deg, altFt=-0.00 ft, dt=0.0099 s, rollCorr=-0.178 pitchCorr=-0.011 m1=0.96 m2=1.00 m3=0.69 m4=1.00
[PHYSICS] pitch=0.00 deg, altFt=-0.00 ft, dt=0.0203 s, rollCorr=-0.178 pitchCorr=-0.011 m1=0.96 m2=1.00 m3=0.69 m4=1.00
[PHYSICS] pitch=0.00 deg, altFt=-0.00 ft, dt=0.0101 s, rollCorr=-0.178 pitchCorr=-0.011 m1=0.96 m2=1.00 m3=0.69 m4=1.00
[PHYSICS] pitch=0.00 deg, altFt=-0.00 ft, dt=0.0100 s, rollCorr=-0.178 pitchCorr=-0.011 m1=0.96 m2=1.00 m3=0.69 m4=1.00
[PHYSICS] pitch=0.00 deg, altFt=-0.00 ft, dt=0.0202 s, rollCorr=-0.178 pitchCorr=-0.011 m1=0.96 m2=1.00 m3=0.69 m4=1.00
[PHYSICS] pitch=0.00 deg, altFt=-0.00 ft, dt=0.0098 s, rollCorr=-0.178 pitchCorr=-0.011 m1=0.96 m2=1.00 m3=0.69 m4=1.00
[PHYSICS] pitch=0.00 deg, altFt=-0.00 ft, dt=0.0100 s, rollCorr=-0.178 pitchCorr=-0.011 m1=0.96 m2=1.00 m3=0.69 m4=1.00
[PHYSICS] pit
[GPS + Compass Injection Test] delay 3000ms
ch=0.00 deg, altFt=-0.00 ft, dt=0.0199 s, rollCorr=-0.178 pitchCorr=-0.011 m1=0.96 m2=1.00 m3=0.69 m4=1.00
[PHYSICS] pitch=0.00 deg, altFt=-0.00 ft, dt=0.0101 s, rollCorr=-0.178 pitchCorr=-0.011 m1=0.96 m2=1.00 m3=0.69 m4=1.00
[PHYSICS] pitch=0.00 deg, altFt=-0.00 ft, dt=0.0100 s, rollCorr=-0.178 pitchCorr=-0.011 m1=0.96 m2=1.00 m3=0.69 m4=1.00
[PHYSICS] pitch=0.00 deg, altFt=-0.00 ft, dt=0.0202 s, rollCorr=-0.178 pitchCorr=-0.011 m1=0.96 m2=1.00 m3=0.69 m4=1.00
[PHYSICS] pitch=0.00 deg, altFt=-0.00 ft, dt=0.0098 s, rollCorr=-0.178 pitchCorr=-0.011 m1=0.96 m2=1.00 m3=0.69 m4=1.00
[PHYSICS] pitch=0.00 deg, altFt=-0.00 ft, dt=0.0100 s, rollCorr=-0.178 pitchCorr=-0.011 m1=0.96 m2=1.00 m3=0.69 m4=1.00
[PHYSICS] pitch=0.00 deg, altFt=-0.00 ft, dt=0.0202 s, rollCorr=-0.178 pitchCorr=-0.011 m1=0.96 m2=1.00 m3=0.69 m4=1.00
[PHYSICS] pitch=0.00 deg, altFt=-0.00 ft, dt=0.0095 s, rollCorr=-0.178 pitchCorr=-0.011 m1=0.96 m2=1.00 m3=0.69 m4=1.00
[PHYSICS] pitch=0.00 deg, altFt=-0.00 ft, dt=0.0099 s, rollCorr=-0.178 pitchCorr=-0.011 m1=0.96 m2=1.00 m3=0.69 m4=1.00
[PHYSICS] pitch=0.00 deg, altFt=-0.00 ft, dt=0.0202 s, rollCorr=-0.178 pitchCorr=-0.011 m1=0.96 m2=1.00 m3=0.69 m4=1.00
[PHYSICS] pitch=0.00 deg, altFt=-0.00 ft, dt=0.0101 s, rollCorr=-0.178 pitchCorr=-0.011 m1=0.96 m2=1.00 m3=0.69 m4=1.00
[PHYSICS] pitch=0.00 deg, altFt=-0.00 ft, dt=0.0100 s, rollCorr=-0.178 pitchCorr=-0.011 m1=0.96 m2=1.00 m3=0.69 m4=1.00
[PHYSICS] pitch=0.00 deg, altFt=-0.00 ft, dt=0.0202 s, rollCorr=-0.178 pitchCorr=-0.011 m1=0.96 m2=1.00 m3=0.69 m4=1.00
[PHYSICS] pitch=0.00 deg, altFt=-0.00 ft, dt=0.0098 s, rollCorr=-0.178 pitchCorr=-0.011 m1=0.96 m2=1.00 m3=0.69 m4=1.00
[PHYSICS] pitch=0.00 deg, altFt=-0.00 ft, dt=0.0100 s, rollCorr=-0.178 pitchCorr=-0.011 m1=0.96 m2=1.00 m3=0.69 m4=1.00
[PHYSICS] pitch=0.00 deg, altFt=-0.00 ft, dt=0.0199 s, rollCorr=-0.178 pitchCorr=-0.011 m1=0.96 m2=1.00 m3=0.69 m4=1.00
[PHYSICS] pitch=0.00 deg, altFt=-0.00 ft, dt=0.0101 s, rollCorr=-0.178 pitchCorr=-0.011 m1=0.96 m2=1.00 m3=0.69 m4=1.00
[PHYSICS] pitch=0.00 deg, altFt=-0.00 ft, dt=0.0100 s, rollCorr=-0.178 pitchCorr=-0.011 m1=0.96 m2=1.00 m3=0.69 m4=1.00
[PHYSICS] pitch=0.00 deg, altFt=-0.00 ft, dt=0.0202 s, rollCorr=-0.178 pitchCorr=-0.011 m1=0.96 m2=1.00 m3=0.69 m4=1.00
[PHYSICS] pitch=0.00 deg, altFt=-0.00 ft, dt=0.0098 s, rollCorr=-0.178 pitchCorr=-0.011 m1=0.96 m2=1.00 m3=0.69 m4=1.00
[PHYSICS] pitch=0.00 deg, altFt=-0.00 ft, dt=0.0100 s, rollCorr=-0.178 pitchCorr=-0.011 m1=0.96 m2=1.00 m3=0.69 m4=1.00
[PHYSICS] pitch=0.00 deg, altFt=-0.00 ft, dt=0.0202 s, rollCorr=-0.178 pitchCorr=-0.011 m1=0.96 m2=1.00 m3=0.69 m4=1.00
[PHYSICS] pitch=0.00 deg, altFt=-0.00 ft, dt=0.0095 s, rollCorr=-0.178 pitchCorr=-0.011 m1=0.96 m2=1.00 m3=0.69 m4=1.00
[PHYSICS] pitch=0.00 deg, altFt=-0.00 ft, dt=0.0099 s, rollCorr=-0.178 pitchCorr=-0.011 m1=0.96 m2=1.00 m3=0.69 m4=1.00
[PHYSICS] pitch=0.00 deg, altFt=-0.00 ft, dt=0.0203 s, rollCorr=-0.178 pitchCorr=-0.011 m1=0.96 m2=1.00 m3=0.69 m4=1.00
[PHYSICS] pitch=0.00 deg, altFt=-0.00 ft, dt=0.0101 s, rollCorr=-0.178 pitchCorr=-0.011 m1=0.96 m2=1.00 m3=0.69 m4=1.00
[PHYSICS] pitch=0.00 deg, altFt=-0.00 ft, dt=0.0100 s, rollCorr=-0.178 pitchCorr=-0.011 m1=0.96 m2=1.00 m3=0.69 m4=1.00
[PHYSICS] pitch=0.00 deg, altFt=-0.00 ft, dt=0.0202 s, rollCorr=-0.178 pitchCorr=-0.011 m1=0.96 m2=1.00 m3=0.69 m4=1.00
[PHYSICS] pitch=0.00 deg, altFt=-0.00 ft, dt=0.0098 s, rollCorr=-0.178 pitchCorr=-0.011 m1=0.96 m2=1.00 m3=0.69 m4=1.00
[PHYSICS] pitch=0.00 deg, altFt=-0.00 ft, dt=0.0100 s, rollCorr=-0.178 pitchCorr=-0.011 m1=0.96 m2=1.00 m3=0.69 m4=1.00
[PHYSICS] pitch=0.00 deg, altFt=-0.00 ft, dt=0.0199 s, rollCorr=-0.178 pitchCorr=-0.011 m1=0.96 m2=1.00 m3=0.69 m4=1.00
[PHYSICS] pitch=0.00 deg, altFt=-0.00 ft, dt=0.0101 s, rollCorr=-0.178 pitchCorr=-0.011 m1=0.96 m2=1.00 m3=0.69 m4=1.00
[PHYSICS] pitch=0.00 deg, altFt=-0.00 ft, dt=0.0100 s, rollCorr=-0.178 pitchCorr=-0.011 m1=0.96 m2=1.00 m3=0.69 m4=1.00
[PHYSICS] pitch=0.00 deg, altFt=-0.00 ft, dt=0.0202 s, rollCorr=-0.178 pitchCorr=-0.011 m1=0.96 m2=1.00 m3=0.69 m4=1.00
[PHYSICS] pitch=0.00 deg, altFt=-0.00 ft, dt=0.0098 s, rollCorr=-0.178 pitchCorr=-0.011 m1=0.96 m2=1.00 m3=0.69 m4=1.00
[PHYSICS] pitch=0.00 deg, altFt=-0.00 ft, dt=0.0100 s, rollCorr=-0.178 pitchCorr=-0.011 m1=0.96 m2=1.00 m3=0.69 m4=1.00
[PHYSICS] pitch=0.00 deg, altFt=-0.00 ft, dt=0.0202 s, rollCorr=-0.178 pitchCorr=-0.011 m1=0.96 m2=1.00 m3=0.69 m4=1.00
[PHYSICS] pitch=0.00 deg, altFt=-0.00 ft, dt=0.0095 s, rollCorr=-0.178 pitchCorr=-0.011 m1=0.96 m2=1.00 m3=0.69 m4=1.00
[PHYSICS] pitch=0.00 deg, altFt=-0.00 ft, dt=0.0099 s, rollCorr=-0.178 pitchCorr=-0.011 m1=0.96 m2=1.00 m3=0.69 m4=1.00
[PHYSICS] pitch=0.00 deg, altFt=-0.00 ft, dt=0.0202 s, rollCorr=-0.178 pitchCorr=-0.011 m1=0.96 m2=1.00 m3=0.69 m4=1.00
[PHYSICS] pitch=0.00 deg, altFt=-0.00 ft, dt=0.0101 s, rollCorr=-0.178 pitchCorr=-0.011 m1=0.96 m2=1.00 m3=0.69 m4=1.00
[PHYSICS] pitch=0.00 deg, altFt=-0.00 ft, dt=0.0100 s, rollCorr=-0.178 pitchCorr=-0.011 m1=0.96 m2=1.00 m3=0.69 m4=1.00
[PHYSICS] pitch=0.00 deg, altFt=-0.00 ft, dt=0.0202 s, rollCorr=-0.178 pitchCorr=-0.011 m1=0.96 m2=1.00 m3=0.69 m4=1.00
[PHYSICS] pitch=0.00 deg, altFt=-0.00 ft, dt=0.0098 s, rollCorr=-0.178 pitchCorr=-0.011 m1=0.96 m2=1.00 m3=0.69 m4=1.00
[PHYSICS] pitch=0.00 deg, altFt=-0.00 ft, dt=0.0100 s, rollCorr=-0.178 pitchCorr=-0.011 m1=0.96 m2=1.00 m3=0.69 m4=1.00
[PHYSICS] pitch=0.00 deg, altFt=-0.00 ft, dt=0.0199 s, rollCorr=-0.178 pitchCorr=-0.011 m1=0.96 m2=1.00 m3=0.69 m4=1.00
[PHYSICS] pitch=0.00 deg, altFt=-0.00 ft, dt=0.0101 s, rollCorr=-0.178 pitchCorr=-0.011 m1=0.96 m2=1.00 m3=0.69 m4=1.00
[PHYSICS] pitch=0.00 deg, altFt=-0.00 ft, dt=0.0100 s, rollCorr=-0.178 pitchCorr=-0.011 m1=0.96 m2=1.00 m3=0.69 m4=1.00
[PHYSICS] pitch=0.00 deg, altFt=-0.00 ft, dt=0.0202 s, rollCorr=-0.178 pitchCorr=-0.011 m1=0.96 m2=1.00 m3=0.69 m4=1.00
[PHYSICS] pitch=0.00 deg, altFt=-0.00 ft, dt=0.0098 s, rollCorr=-0.178 pitchCorr=-0.011 m1=0.96 m2=1.00 m3=0.69 m4=1.00
[PHYSICS] pitch=0.00 deg, altFt=-0.00 ft, dt=0.0100 s, rollCorr=-0.178 pitchCorr=-0.011 m1=0.96 m2=1.00 m3=0.69 m4=1.00
[PHYSICS] pitch=0.00 deg, altFt=-0.00 ft, dt=0.0202 s, rollCorr=-0.178 pitchCorr=-0.011 m1=0.96 m2=1.00 m3=0.69 m4=1.00
[PHYSICS] pitch=0.00 deg, altFt=-0.00 ft, dt=0.0095 s, rollCorr=-0.178 pitchCorr=-0.011 m1=0.96 m2=1.00 m3=0.69 m4=1.00
[PHYSICS] pitch=0.00 deg, altFt=-0.00 ft, dt=0.0099 s, rollCorr=-0.178 pitchCorr=-0.011 m1=0.96 m2=1.00 m3=0.69 m4=1.00
[PHYSICS] pitch=0.00 deg, altFt=-0.00 ft, dt=0.0202 s, rollCorr=-0.178 pitchCorr=-0.011 m1=0.96 m2=1.00 m3=0.69 m4=1.00
[PHYSICS] pitch=0.00 deg, altFt=-0.00 ft, dt=0.0101 s, rollCorr=-0.178 pitchCorr=-0.011 m1=0.96 m2=1.00 m3=0.69 m4=1.00
[PHYSICS] pitch=0.00 deg, altFt=-0.00 ft, dt=0.0100 s, rollCorr=-0.178 pitchCorr=-0.011 m1=0.96 m2=1.00 m3=0.69 m4=1.00
[PHYSICS] pitch=0.00 deg, altFt=-0.00 ft, dt=0.0202 s, rollCorr=-0.178 pitchCorr=-0.011 m1=0.96 m2=1.00 m3=0.69 m4=1.00
[PHYSICS] pitch=0.00 deg, altFt=-0.00 ft, dt=0.0098 s, rollCorr=-0.178 pitchCorr=-0.011 m1=0.96 m2=1.00 m3=0.69 m4=1.00
[PHYSICS] pitch=0.00 deg, altFt=-0.00 ft, dt=0.0100 s, rollCorr=-0.178 pitchCorr=-0.011 m1=0.96 m2=1.00 m3=0.69 m4=1.00
[PHYSICS] pitch=0.00 deg, altFt=-0.00 ft, dt=0.0199 s, rollCorr=-0.178 pitchCorr=-0.011 m1=0.96 m2=1.00 m3=0.69 m4=1.00
[PHYSICS] pitch=0.00 deg, altFt=-0.00 ft, dt=0.0101 s, rollCorr=-0.178 pitchCorr=-0.011 m1=0.96 m2=1.00 m3=0.69 m4=1.00
[PHYSICS] pitch=0.00 deg, altFt=-0.00 ft, dt=0.0100 s, rollCorr=-0.178 pitchCorr=-0.011 m1=0.96 m2=1.00 m3=0.69 m4=1.00
[PHYSICS] pitch=0.00 deg, altFt=-0.00 ft, dt=0.0202 s, rollCorr=-0.178 pitchCorr=-0.011 m1=0.96 m2=1.00 m3=0.69 m4=1.00
[PHYSICS] pitch=0.00 deg, altFt=-0.00 ft, dt=0.0098 s, rollCorr=-0.178 pitchCorr=-0.011 m1=0.96 m2=1.00 m3=0.69 m4=1.00
[PHYSICS] pitch=0.00 deg, altFt=-0.00 ft, dt=0.0100 s, rollCorr=-0.178 pitchCorr=-0.011 m1=0.96 m2=1.00 m3=0.69 m4=1.00
[PHYSICS] pitch=0.00 deg, altFt=-0.00 ft, dt=0.0202 s, rollCorr=-0.178 pitchCorr=-0.011 m1=0.96 m2=1.00 m3=0.69 m4=1.00
[PHYSICS] pitch=0.00 deg, altFt=-0.00 ft, dt=0.0095 s, rollCorr=-0.178 pitchCorr=-0.011 m1=0.96 m2=1.00 m3=0.69 m4=1.00
[PHYSICS] pitch=0.00 deg, altFt=-0.00 ft, dt=0.0099 s, rollCorr=-0.178 pitchCorr=-0.011 m1=0.96 m2=1.00 m3=0.69 m4=1.00
[PHYSICS] pitch=0.00 deg, altFt=-0.00 ft, dt=0.0202 s, rollCorr=-0.178 pitchCorr=-0.011 m1=0.96 m2=1.00 m3=0.69 m4=1.00
[PHYSICS] pitch=0.00 deg, altFt=-0.00 ft, dt=0.0101 s, rollCorr=-0.178 pitchCorr=-0.011 m1=0.96 m2=1.00 m3=0.69 m4=1.00
[PHYSICS] pitch=0.00 deg, altFt=-0.00 ft, dt=0.0100 s, rollCorr=-0.178 pitchCorr=-0.011 m1=0.96 m2=1.00 m3=0.69 m4=1.00
[PHYSICS] pitch=0.00 deg, altFt=-0.00 ft, dt=0.0202 s, rollCorr=-0.178 pitchCorr=-0.011 m1=0.96 m2=1.00 m3=0.69 m4=1.00
[PHYSICS] pitch=0.00 deg, altFt=-0.00 ft, dt=0.0098 s, rollCorr=-0.178 pitchCorr=-0.011 m1=0.96 m2=1.00 m3=0.69 m4=1.00
[PHYSICS] pitch=0.00 deg, altFt=-0.00 ft, dt=0.0100 s, rollCorr=-0.178 pitchCorr=-0.011 m1=0.96 m2=1.00 m3=0.69 m4=1.00
[PHYSICS] pitch=0.00 deg, altFt=-0.00 ft, dt=0.0199 s, rollCorr=-0.178 pitchCorr=-0.011 m1=0.96 m2=1.00 m3=0.69 m4=1.00
[PHYSICS] pitch=0.00 deg, altFt=-0.00 ft, dt=0.0101 s, rollCorr=-0.178 pitchCorr=-0.011 m1=0.96 m2=1.00 m3=0.69 m4=1.00
[PHYSICS] pitch=0.00 deg, altFt=-0.00 ft, dt=0.0100 s, rollCorr=-0.178 pitchCorr=-0.011 m1=0.96 m2=1.00 m3=0.69 m4=1.00
[PHYSICS] pitch=0.00 deg, altFt=-0.00 ft, dt=0.0202 s, rollCorr=-0.178 pitchCorr=-0.011 m1=0.96 m2=1.00 m3=0.69 m4=1.00
[PHYSICS] pitch=0.00 deg, altFt=-0.00 ft, dt=0.0098 s, rollCorr=-0.178 pitchCorr=-0.011 m1=0.96 m2=1.00 m3=0.69 m4=1.00
[PHYSICS] pitch=0.00 deg, altFt=-0.00 ft, dt=0.0100 s, rollCorr=-0.178 pitchCorr=-0.011 m1=0.96 m2=1.00 m3=0.69 m4=1.00
[PHYSICS] pitch=0.00 deg, altFt=-0.00 ft, dt=0.0202 s, rollCorr=-0.178 pitchCorr=-0.011 m1=0.96 m2=1.00 m3=0.69 m4=1.00
[PHYSICS] pitch=0.00 deg, altFt=-0.00 ft, dt=0.0095 s, rollCorr=-0.178 pitchCorr=-0.011 m1=0.96 m2=1.00 m3=0.69 m4=1.00
[PHYSICS] pitch=0.00 deg, altFt=-0.00 ft, dt=0.0099 s, rollCorr=-0.178 pitchCorr=-0.011 m1=0.96 m2=1.00 m3=0.69 m4=1.00
[PHYSICS] pitch=0.00 deg, altFt=-0.00 ft, dt=0.0202 s, rollCorr=-0.178 pitchCorr=-0.011 m1=0.96 m2=1.00 m3=0.69 m4=1.00
[PHYSICS] pitch=0.00 deg, altFt=-0.00 ft, dt=0.0101 s, rollCorr=-0.178 pitchCorr=-0.011 m1=0.96 m2=1.00 m3=0.69 m4=1.00
[PHYSICS] pitch=0.00 deg, altFt=-0.00 ft, dt=0.0100 s, rollCorr=-0.178 pitchCorr=-0.011 m1=0.96 m2=1.00 m3=0.69 m4=1.00
[PHYSICS] pitch=0.00 deg, altFt=-0.00 ft, dt=0.0202 s, rollCorr=-0.178 pitchCorr=-0.011 m1=0.96 m2=1.00 m3=0.69 m4=1.00
[PHYSICS] pitch=0.00 deg, altFt=-0.00 ft, dt=0.0098 s, rollCorr=-0.178 pitchCorr=-0.011 m1=0.96 m2=1.00 m3=0.69 m4=1.00
[PHYSICS] pitch=0.00 deg, altFt=-0.00 ft, dt=0.0100 s, rollCorr=-0.178 pitchCorr=-0.011 m1=0.96 m2=1.00 m3=0.69 m4=1.00
[PHYSICS] pitch=0.00 deg, altFt=-0.00 ft, dt=0.0199 s, rollCorr=-0.178 pitchCorr=-0.011 m1=0.96 m2=1.00 m3=0.69 m4=1.00
[PHYSICS] pitch=0.00 deg, altFt=-0.00 ft, dt=0.0101 s, rollCorr=-0.178 pitchCorr=-0.011 m1=0.96 m2=1.00 m3=0.69 m4=1.00
[PHYSICS] pitch=0.00 deg, altFt=-0.00 ft, dt=0.0100 s, rollCorr=-0.178 pitchCorr=-0.011 m1=0.96 m2=1.00 m3=0.69 m4=1.00
[PHYSICS] pitch=0.00 deg, altFt=-0.00 ft, dt=0.0202 s, rollCorr=-0.178 pitchCorr=-0.011 m1=0.96 m2=1.00 m3=0.69 m4=1.00
[PHYSICS] pitch=0.00 deg, altFt=-0.00 ft, dt=0.0098 s, rollCorr=-0.178 pitchCorr=-0.011 m1=0.96 m2=1.00 m3=0.69 m4=1.00
[PHYSICS] pitch=0.00 deg, altFt=-0.00 ft, dt=0.0100 s, rollCorr=-0.178 pitchCorr=-0.011 m1=0.96 m2=1.00 m3=0.69 m4=1.00
[PHYSICS] pitch=0.00 deg, altFt=-0.00 ft, dt=0.0202 s, rollCorr=-0.178 pitchCorr=-0.011 m1=0.96 m2=1.00 m3=0.69 m4=1.00
[PHYSICS] pitch=0.00 deg, altFt=-0.00 ft, dt=0.0095 s, rollCorr=-0.178 pitchCorr=-0.011 m1=0.96 m2=1.00 m3=0.69 m4=1.00
[PHYSICS] pitch=0.00 deg, altFt=-0.00 ft, dt=0.0099 s, rollCorr=-0.178 pitchCorr=-0.011 m1=0.96 m2=1.00 m3=0.69 m4=1.00
[PHYSICS] pitch=0.00 deg, altFt=-0.00 ft, dt=0.0202 s, rollCorr=-0.178 pitchCorr=-0.011 m1=0.96 m2=1.00 m3=0.69 m4=1.00
[PHYSICS] pitch=0.00 deg, altFt=-0.00 ft, dt=0.0101 s, rollCorr=-0.178 pitchCorr=-0.011 m1=0.96 m2=1.00 m3=0.69 m4=1.00
[PHYSICS] pitch=0.00 deg, altFt=-0.00 ft, dt=0.0100 s, rollCorr=-0.178 pitchCorr=-0.011 m1=0.96 m2=1.00 m3=0.69 m4=1.00
[PHYSICS] pitch=0.00 deg, altFt=-0.00 ft, dt=0.0202 s, rollCorr=-0.178 pitchCorr=-0.011 m1=0.96 m2=1.00 m3=0.69 m4=1.00
[PHYSICS] pitch=0.00 deg, altFt=-0.00 ft, dt=0.0098 s, rollCorr=-0.178 pitchCorr=-0.011 m1=0.96 m2=1.00 m3=0.69 m4=1.00
[PHYSICS] pitch=0.00 deg, altFt=-0.00 ft, dt=0.0100 s, rollCorr=-0.178 pitchCorr=-0.011 m1=0.96 m2=1.00 m3=0.69 m4=1.00
[PHYSICS] pitch=0.00 deg, altFt=-0.00 ft, dt=0.0199 s, rollCorr=-0.178 pitchCorr=-0.011 m1=0.96 m2=1.00 m3=0.69 m4=1.00
[PHYSICS] pitch=0.00 deg, altFt=-0.00 ft, dt=0.0101 s, rollCorr=-0.178 pitchCorr=-0.011 m1=0.96 m2=1.00 m3=0.69 m4=1.00
[PHYSICS] pitch=0.00 deg, altFt=-0.00 ft, dt=0.0100 s, rollCorr=-0.178 pitchCorr=-0.011 m1=0.96 m2=1.00 m3=0.69 m4=1.00
[PHYSICS] pitch=0.00 deg, altFt=-0.00 ft, dt=0.0202 s, rollCorr=-0.178 pitchCorr=-0.011 m1=0.96 m2=1.00 m3=0.69 m4=1.00
[PHYSICS] pitch=0.00 deg, altFt=-0.00 ft, dt=0.0098 s, rollCorr=-0.178 pitchCorr=-0.011 m1=0.96 m2=1.00 m3=0.69 m4=1.00
[PHYSICS] pitch=0.00 deg, altFt=-0.00 ft, dt=0.0100 s, rollCorr=-0.178 pitchCorr=-0.011 m1=0.96 m2=1.00 m3=0.69 m4=1.00
[PHYSICS] pitch=0.00 deg, altFt=-0.00 ft, dt=0.0202 s, rollCorr=-0.178 pitchCorr=-0.011 m1=0.96 m2=1.00 m3=0.69 m4=1.00
[PHYSICS] pitch=0.00 deg, altFt=-0.00 ft, dt=0.0095 s, rollCorr=-0.178 pitchCorr=-0.011 m1=0.96 m2=1.00 m3=0.69 m4=1.00
[PHYSICS] pitch=0.00 deg, altFt=-0.00 ft, dt=0.0099 s, rollCorr=-0.178 pitchCorr=-0.011 m1=0.96 m2=1.00 m3=0.69 m4=1.00
[PHYSICS] pitch=0.00 deg, altFt=-0.00 ft, dt=0.0203 s, rollCorr=-0.178 pitchCorr=-0.011 m1=0.96 m2=1.00 m3=0.69 m4=1.00
[PHYSICS] pitch=0.00 deg, altFt=-0.00 ft, dt=0.0101 s, rollCorr=-0.178 pitchCorr=-0.011 m1=0.96 m2=1.00 m3=0.69 m4=1.00
[PHYSICS] pitch=0.00 deg, altFt=-0.00 ft, dt=0.0100 s, rollCorr=-0.178 pitchCorr=-0.011 m1=0.96 m2=1.00 m3=0.69 m4=1.00
[PHYSICS] pitch=0.00 deg, altFt=-0.00 ft, dt=0.0202 s, rollCorr=-0.178 pitchCorr=-0.011 m1=0.96 m2=1.00 m3=0.69 m4=1.00
[PHYSICS] pitch=0.00 deg, altFt=-0.00 ft, dt=0.0098 s, rollCorr=-0.178 pitchCorr=-0.011 m1=0.96 m2=1.00 m3=0.69 m4=1.00
[PHYSICS] pitch=0.00 deg, altFt=-0.00 ft, dt=0.0100 s, rollCorr=-0.178 pitchCorr=-0.011 m1=0.96 m2=1.00 m3=0.69 m4=1.00
[PHYSICS] pitch=0.00 deg, altFt=-0.00 ft, dt=0.0199 s, rollCorr=-0.178 pitchCorr=-0.011 m1=0.96 m2=1.00 m3=0.69 m4=1.00
[PHYSICS] pitch=0.00 deg, altFt=-0.00 ft, dt=0.0101 s, rollCorr=-0.178 pitchCorr=-0.011 m1=0.96 m2=1.00 m3=0.69 m4=1.00
[PHYSICS] pitch=0.00 deg, altFt=-0.00 ft, dt=0.0100 s, rollCorr=-0.178 pitchCorr=-0.011 m1=0.96 m2=1.00 m3=0.69 m4=1.00
[PHYSICS] pitch=0.00 deg, altFt=-0.00 ft, dt=0.0202 s, rollCorr=-0.178 pitchCorr=-0.011 m1=0.96 m2=1.00 m3=0.69 m4=1.00
[PHYSICS] pitch=0.00 deg, altFt=-0.00 ft, dt=0.0098 s, rollCorr=-0.178 pitchCorr=-0.011 m1=0.96 m2=1.00 m3=0.69 m4=1.00
[PHYSICS] pitch=0.00 deg, altFt=-0.00 ft, dt=0.0100 s, rollCorr=-0.178 pitchCorr=-0.011 m1=0.96 m2=1.00 m3=0.69 m4=1.00
[PHYSICS] pitch=0.00 deg, altFt=-0.00 ft, dt=0.0202 s, rollCorr=-0.178 pitchCorr=-0.011 m1=0.96 m2=1.00 m3=0.69 m4=1.00
[PHYSICS] pitch=0.00 deg, altFt=-0.00 ft, dt=0.0095 s, rollCorr=-0.178 pitchCorr=-0.011 m1=0.96 m2=1.00 m3=0.69 m4=1.00
[PHYSICS] pitch=0.00 deg, altFt=-0.00 ft, dt=0.0099 s, rollCorr=-0.178 pitchCorr=-0.011 m1=0.96 m2=1.00 m3=0.69 m4=1.00
[PHYSICS] pitch=0.00 deg, altFt=-0.00 ft, dt=0.0203 s, rollCorr=-0.178 pitchCorr=-0.011 m1=0.96 m2=1.00 m3=0.69 m4=1.00
[PHYSICS] pitch=0.00 deg, altFt=-0.00 ft, dt=0.0101 s, rollCorr=-0.178 pitchCorr=-0.011 m1=0.96 m2=1.00 m3=0.69 m4=1.00
[PHYSICS] pitch=0.00 deg, altFt=-0.00 ft, dt=0.0100 s, rollCorr=-0.178 pitchCorr=-0.011 m1=0.96 m2=1.00 m3=0.69 m4=1.00
[PHYSICS] pitch=0.00 deg, altFt=-0.00 ft, dt=0.0202 s, rollCorr=-0.178 pitchCorr=-0.011 m1=0.96 m2=1.00 m3=0.69 m4=1.00
[PHYSICS] pitch=0.00 deg, altFt=-0.00 ft, dt=0.0098 s, rollCorr=-0.178 pitchCorr=-0.011 m1=0.96 m2=1.00 m3=0.69 m4=1.00
[PHYSICS] pitch=0.00 deg, altFt=-0.00 ft, dt=0.0100 s, rollCorr=-0.178 pitchCorr=-0.011 m1=0.96 m2=1.00 m3=0.69 m4=1.00
[PHYSICS] pitch=0.00 deg, altFt=-0.00 ft, dt=0.0199 s, rollCorr=-0.178 pitchCorr=-0.011 m1=0.96 m2=1.00 m3=0.69 m4=1.00
[PHYSICS] pitch=0.00 deg, altFt=-0.00 ft, dt=0.0101 s, rollCorr=-0.178 pitchCorr=-0.011 m1=0.96 m2=1.00 m3=0.69 m4=1.00
[PHYSICS] pitch=0.00 deg, altFt=-0.00 ft, dt=0.0100 s, rollCorr=-0.178 pitchCorr=-0.011 m1=0.96 m2=1.00 m3=0.69 m4=1.00
[PHYSICS] pitch=0.00 deg, altFt=-0.00 ft, dt=0.0202 s, rollCorr=-0.178 pitchCorr=-0.011 m1=0.96 m2=1.00 m3=0.69 m4=1.00
[PHYSICS] pitch=0.00 deg, altFt=-0.00 ft, dt=0.0098 s, rollCorr=-0.178 pitchCorr=-0.011 m1=0.96 m2=1.00 m3=0.69 m4=1.00
[PHYSICS] pitch=0.00 deg, altFt=-0.00 ft, dt=0.0100 s, rollCorr=-0.178 pitchCorr=-0.011 m1=0.96 m2=1.00 m3=0.69 m4=1.00
[PHYSICS] pitch=0.00 deg, altFt=-0.00 ft, dt=0.0202 s, rollCorr=-0.178 pitchCorr=-0.011 m1=0.96 m2=1.00 m3=0.69 m4=1.00
[PHYSICS] pitch=0.00 deg, altFt=-0.00 ft, dt=0.0095 s, rollCorr=-0.178 pitchCorr=-0.011 m1=0.96 m2=1.00 m3=0.69 m4=1.00
[PHYSICS] pitch=0.00 deg, altFt=-0.00 ft, dt=0.0100 s, rollCorr=-0.178 pitchCorr=-0.011 m1=0.96 m2=1.00 m3=0.69 m4=1.00
[PHYSICS] pitch=0.00 deg, altFt=-0.00 ft, dt=0.0203 s, rollCorr=-0.178 pitchCorr=-0.011 m1=0.96 m2=1.00 m3=0.69 m4=1.00
[PHYSICS] pitch=0.00 deg, altFt=-0.00 ft, dt=0.0101 s, rollCorr=-0.178 pitchCorr=-0.011 m1=0.96 m2=1.00 m3=0.69 m4=1.00
[PHYSICS] pitch=0.00 deg, altFt=-0.00 ft, dt=0.0100 s, rollCorr=-0.178 pitchCorr=-0.011 m1=0.96 m2=1.00 m3=0.69 m4=1.00
[PHYSICS] pitch=0.00 deg, altFt=-0.00 ft, dt=0.0202 s, rollCorr=-0.178 pitchCorr=-0.011 m1=0.96 m2=1.00 m3=0.69 m4=1.00
[PHYSICS] pitch=0.00 deg, altFt=-0.00 ft, dt=0.0098 s, rollCorr=-0.178 pitchCorr=-0.011 m1=0.96 m2=1.00 m3=0.69 m4=1.00
[PHYSICS] pitch=0.00 deg, altFt=-0.00 ft, dt=0.0100 s, rollCorr=-0.178 pitchCorr=-0.011 m1=0.96 m2=1.00 m3=0.69 m4=1.00
[PHYSICS] pitch=0.00 deg, altFt=-0.00 ft, dt=0.0199 s, rollCorr=-0.178 pitchCorr=-0.011 m1=0.96 m2=1.00 m3=0.69 m4=1.00
[PHYSICS] pitch=0.00 deg, altFt=-0.00 ft, dt=0.0101 s, rollCorr=-0.178 pitchCorr=-0.011 m1=0.96 m2=1.00 m3=0.69 m4=1.00
[PHYSICS] pitch=0.00 deg, altFt=-0.00 ft, dt=0.0100 s, rollCorr=-0.178 pitchCorr=-0.011 m1=0.96 m2=1.00 m3=0.69 m4=1.00
[PHYSICS] pitch=0.00 deg, altFt=-0.00 ft, dt=0.0202 s, rollCorr=-0.178 pitchCorr=-0.011 m1=0.96 m2=1.00 m3=0.69 m4=1.00
[PHYSICS] pitch=0.00 deg, altFt=-0.00 ft, dt=0.0098 s, rollCorr=-0.178 pitchCorr=-0.011 m1=0.96 m2=1.00 m3=0.69 m4=1.00
[PHYSICS] pitch=0.00 deg, altFt=-0.00 ft, dt=0.0100 s, rollCorr=-0.178 pitchCorr=-0.011 m1=0.96 m2=1.00 m3=0.69 m4=1.00
[PHYSICS] pitch=0.00 deg, altFt=-0.00 ft, dt=0.0202 s, rollCorr=-0.178 pitchCorr=-0.011 m1=0.96 m2=1.00 m3=0.69 m4=1.00
[PHYSICS] pitch=0.00 deg, altFt=-0.00 ft, dt=0.0095 s, rollCorr=-0.178 pitchCorr=-0.011 m1=0.96 m2=1.00 m3=0.69 m4=1.00
[PHYSICS] pitch=0.00 deg, altFt=-0.00 ft, dt=0.0099 s, rollCorr=-0.178 pitchCorr=-0.011 m1=0.96 m2=1.00 m3=0.69 m4=1.00
[PHYSICS] pitch=0.00 deg, altFt=-0.00 ft, dt=0.0202 s, rollCorr=-0.178 pitchCorr=-0.011 m1=0.96 m2=1.00 m3=0.69 m4=1.00
[PHYSICS] pitch=0.00 deg, altFt=-0.00 ft, dt=0.0101 s, rollCorr=-0.178 pitchCorr=-0.011 m1=0.96 m2=1.00 m3=0.69 m4=1.00
[PHYSICS] pitch=0.00 deg, altFt=-0.00 ft, dt=0.0100 s, rollCorr=-0.178 pitchCorr=-0.011 m1=0.96 m2=1.00 m3=0.69 m4=1.00
[PHYSICS] pitch=0.00 deg, altFt=-0.00 ft, dt=0.0202 s, rollCorr=-0.178 pitchCorr=-0.011 m1=0.96 m2=1.00 m3=0.69 m4=1.00
[PHYSICS] pitch=0.00 deg, altFt=-0.00 ft, dt=0.0098 s, rollCorr=-0.178 pitchCorr=-0.011 m1=0.96 m2=1.00 m3=0.69 m4=1.00
[PHYSICS] pitch=0.00 deg, altFt=-0.00 ft, dt=0.0100 s, rollCorr=-0.178 pitchCorr=-0.011 m1=0.96 m2=1.00 m3=0.69 m4=1.00
[PHYSICS] pitch=0.00 deg, altFt=-0.00 ft, dt=0.0199 s, rollCorr=-0.178 pitchCorr=-0.011 m1=0.96 m2=1.00 m3=0.69 m4=1.00
[PHYSICS] pitch=0.00 deg, altFt=-0.00 ft, dt=0.0101 s, rollCorr=-0.178 pitchCorr=-0.011 m1=0.96 m2=1.00 m3=0.69 m4=1.00
[PHYSICS] pitch=0.00 deg, altFt=-0.00 ft, dt=0.0100 s, rollCorr=-0.178 pitchCorr=-0.011 m1=0.96 m2=1.00 m3=0.69 m4=1.00
[PHYSICS] pitch=0.00 deg, altFt=-0.00 ft, dt=0.0202 s, rollCorr=-0.178 pitchCorr=-0.011 m1=0.96 m2=1.00 m3=0.69 m4=1.00
[PHYSICS] pitch=0.00 deg, altFt=-0.00 ft, dt=0.0098 s, rollCorr=-0.178 pitchCorr=-0.011 m1=0.96 m2=1.00 m3=0.69 m4=1.00
[PHYSICS] pitch=0.00 deg, altFt=-0.00 ft, dt=0.0100 s, rollCorr=-0.178 pitchCorr=-0.011 m1=0.96 m2=1.00 m3=0.69 m4=1.00
[PHYSICS] pitch=0.00 deg, altFt=-0.00 ft, dt=0.0202 s, rollCorr=-0.178 pitchCorr=-0.011 m1=0.96 m2=1.00 m3=0.69 m4=1.00
[PHYSICS] pitch=0.00 deg, altFt=-0.00 ft, dt=0.0095 s, rollCorr=-0.178 pitchCorr=-0.011 m1=0.96 m2=1.00 m3=0.69 m4=1.00
[PHYSICS] pitch=0.00 deg, altFt=-0.00 ft, dt=0.0099 s, rollCorr=-0.178 pitchCorr=-0.011 m1=0.96 m2=1.00 m3=0.69 m4=1.00
[PHYSICS] pitch=0.00 deg, altFt=-0.00 ft, dt=0.0202 s, rollCorr=-0.178 pitchCorr=-0.011 m1=0.96 m2=1.00 m3=0.69 m4=1.00
[PHYSICS] pitch=0.00 deg, altFt=-0.00 ft, dt=0.0101 s, rollCorr=-0.178 pitchCorr=-0.011 m1=0.96 m2=1.00 m3=0.69 m4=1.00
[PHYSICS] pitch=0.00 deg, altFt=-0.00 ft, dt=0.0100 s, rollCorr=-0.178 pitchCorr=-0.011 m1=0.96 m2=1.00 m3=0.69 m4=1.00
[PHYSICS] pitch=0.00 deg, altFt=-0.00 ft, dt=0.0202 s, rollCorr=-0.178 pitchCorr=-0.011 m1=0.96 m2=1.00 m3=0.69 m4=1.00
[PHYSICS] pitch=0.00 deg, altFt=-0.00 ft, dt=0.0098 s, rollCorr=-0.178 pitchCorr=-0.011 m1=0.96 m2=1.00 m3=0.69 m4=1.00
[PHYSICS] pitch=0.00 deg, altFt=-0.00 ft, dt=0.0100 s, rollCorr=-0.178 pitchCorr=-0.011 m1=0.96 m2=1.00 m3=0.69 m4=1.00
[PHYSICS] pitch=0.00 deg, altFt=-0.00 ft, dt=0.0199 s, rollCorr=-0.178 pitchCorr=-0.011 m1=0.96 m2=1.00 m3=0.69 m4=1.00
[PHYSICS] pitch=0.00 deg, altFt=-0.00 ft, dt=0.0101 s, rollCorr=-0.178 pitchCorr=-0.011 m1=0.96 m2=1.00 m3=0.69 m4=1.00
[PHYSICS] pitch=0.00 deg, altFt=-0.00 ft, dt=0.0100 s, rollCorr=-0.178 pitchCorr=-0.011 m1=0.96 m2=1.00 m3=0.69 m4=1.00
[PHYSICS] pitch=0.00 deg, altFt=-0.00 ft, dt=0.0202 s, rollCorr=-0.178 pitchCorr=-0.011 m1=0.96 m2=1.00 m3=0.69 m4=1.00
[PHYSICS] pitch=0.00 deg, altFt=-0.00 ft, dt=0.0098 s, rollCorr=-0.178 pitchCorr=-0.011 m1=0.96 m2=1.00 m3=0.69 m4=1.00
[PHYSICS] pitch=0.00 deg, altFt=-0.00 ft, dt=0.0100 s, rollCorr=-0.178 pitchCorr=-0.011 m1=0.96 m2=1.00 m3=0.69 m4=1.00
[PHYSICS] pitch=0.00 deg, altFt=-0.00 ft, dt=0.0202 s, rollCorr=-0.178 pitchCorr=-0.011 m1=0.96 m2=1.00 m3=0.69 m4=1.00
[PHYSICS] pitch=0.00 deg, altFt=-0.00 ft, dt=0.0095 s, rollCorr=-0.178 pitchCorr=-0.011 m1=0.96 m2=1.00 m3=0.69 m4=1.00
[PHYSICS] pitch=0.00 deg, altFt=-0.00 ft, dt=0.0099 s, rollCorr=-0.178 pitchCorr=-0.011 m1=0.96 m2=1.00 m3=0.69 m4=1.00
[PHYSICS] pitch=0.00 deg, altFt=-0.00 ft, dt=0.0202 s, rollCorr=-0.178 pitchCorr=-0.011 m1=0.96 m2=1.00 m3=0.69 m4=1.00
[PHYSICS] pitch=0.00 deg, altFt=-0.00 ft, dt=0.0101 s, rollCorr=-0.178 pitchCorr=-0.011 m1=0.96 m2=1.00 m3=0.69 m4=1.00
[PHYSICS] pitch=0.00 deg, altFt=-0.00 ft, dt=0.0100 s, rollCorr=-0.178 pitchCorr=-0.011 m1=0.96 m2=1.00 m3=0.69 m4=1.00
[PHYSICS] pitch=0.00 deg, altFt=-0.00 ft, dt=0.0202 s, rollCorr=-0.178 pitchCorr=-0.011 m1=0.96 m2=1.00 m3=0.69 m4=1.00
[PHYSICS] pitch=0.00 deg, altFt=-0.00 ft, dt=0.0098 s, rollCorr=-0.178 pitchCorr=-0.011 m1=0.96 m2=1.00 m3=0.69 m4=1.00
[PHYSICS] pitch=0.00 deg, altFt=-0.00 ft, dt=0.0100 s, rollCorr=-0.178 pitchCorr=-0.011 m1=0.96 m2=1.00 m3=0.69 m4=1.00
[PHYSICS] pitch=0.00 deg, altFt=-0.00 ft, dt=0.0199 s, rollCorr=-0.178 pitchCorr=-0.011 m1=0.96 m2=1.00 m3=0.69 m4=1.00
[PHYSICS] pitch=0.00 deg, altFt=-0.00 ft, dt=0.0101 s, rollCorr=-0.178 pitchCorr=-0.011 m1=0.96 m2=1.00 m3=0.69 m4=1.00
[PHYSICS] pitch=0.00 deg, altFt=-0.00 ft, dt=0.0100 s, rollCorr=-0.178 pitchCorr=-0.011 m1=0.96 m2=1.00 m3=0.69 m4=1.00
[PHYSICS] pitch=0.00 deg, altFt=-0.00 ft, dt=0.0202 s, rollCorr=-0.178 pitchCorr=-0.011 m1=0.96 m2=1.00 m3=0.69 m4=1.00
[PHYSICS] pitch=0.00 deg, altFt=-0.00 ft, dt=0.0098 s, rollCorr=-0.178 pitchCorr=-0.011 m1=0.96 m2=1.00 m3=0.69 m4=1.00
[PHYSICS] pitch=0.00 deg, altFt=-0.00 ft, dt=0.0100 s, rollCorr=-0.178 pitchCorr=-0.011 m1=0.96 m2=1.00 m3=0.69 m4=1.00
[PHYSICS] pitch=0.00 deg, altFt=-0.00 ft, dt=0.0202 s, rollCorr=-0.178 pitchCorr=-0.011 m1=0.96 m2=1.00 m3=0.69 m4=1.00
[PHYSICS] pitch=0.00 deg, altFt=-0.00 ft, dt=0.0095 s, rollCorr=-0.178 pitchCorr=-0.011 m1=0.96 m2=1.00 m3=0.69 m4=1.00
[PHYSICS] pitch=0.00 deg, altFt=-0.00 ft, dt=0.0099 s, rollCorr=-0.178 pitchCorr=-0.011 m1=0.96 m2=1.00 m3=0.69 m4=1.00
[PHYSICS] pitch=0.00 deg, altFt=-0.00 ft, dt=0.0202 s, rollCorr=-0.178 pitchCorr=-0.011 m1=0.96 m2=1.00 m3=0.69 m4=1.00
[PHYSICS] pitch=0.00 deg, altFt=-0.00 ft, dt=0.0101 s, rollCorr=-0.178 pitchCorr=-0.011 m1=0.96 m2=1.00 m3=0.69 m4=1.00
[PHYSICS] pitch=0.00 deg, altFt=-0.00 ft, dt=0.0100 s, rollCorr=-0.178 pitchCorr=-0.011 m1=0.96 m2=1.00 m3=0.69 m4=1.00
[PHYSICS] pitch=0.00 deg, altFt=-0.00 ft, dt=0.0202 s, rollCorr=-0.178 pitchCorr=-0.011 m1=0.96 m2=1.00 m3=0.69 m4=1.00
[PHYSICS] pitch=0.00 deg, altFt=-0.00 ft, dt=0.0098 s, rollCorr=-0.178 pitchCorr=-0.011 m1=0.96 m2=1.00 m3=0.69 m4=1.00
[PHYSICS] pitch=0.00 deg, altFt=-0.00 ft, dt=0.0100 s, rollCorr=-0.178 pitchCorr=-0.011 m1=0.96 m2=1.00 m3=0.69 m4=1.00
[PHYSICS] pitch=0.00 deg, altFt=-0.00 ft, dt=0.0199 s, rollCorr=-0.178 pitchCorr=-0.011 m1=0.96 m2=1.00 m3=0.69 m4=1.00
[PHYSICS] pitch=0.00 deg, altFt=-0.00 ft, dt=0.0101 s, rollCorr=-0.178 pitchCorr=-0.011 m1=0.96 m2=1.00 m3=0.69 m4=1.00
[PHYSICS] pitch=0.00 deg, altFt=-0.00 ft, dt=0.0100 s, rollCorr=-0.178 pitchCorr=-0.011 m1=0.96 m2=1.00 m3=0.69 m4=1.00
[PHYSICS] pitch=0.00 deg, altFt=-0.00 ft, dt=0.0202 s, rollCorr=-0.178 pitchCorr=-0.011 m1=0.96 m2=1.00 m3=0.69 m4=1.00
[PHYSICS] pitch=0.00 deg, altFt=-0.00 ft, dt=0.0098 s, rollCorr=-0.178 pitchCorr=-0.011 m1=0.96 m2=1.00 m3=0.69 m4=1.00
[PHYSICS] pitch=0.00 deg, altFt=-0.00 ft, dt=0.0100 s, rollCorr=-0.178 pitchCorr=-0.011 m1=0.96 m2=1.00 m3=0.69 m4=1.00
[PHYSICS] pitch=0.00 deg, altFt=-0.00 ft, dt=0.0202 s, rollCorr=-0.178 pitchCorr=-0.011 m1=0.96 m2=1.00 m3=0.69 m4=1.00
[PHYSICS] pitch=0.00 deg, altFt=-0.00 ft, dt=0.0095 s, rollCorr=-0.178 pitchCorr=-0.011 m1=0.96 m2=1.00 m3=0.69 m4=1.00
[PHYSICS] pitch=0.00 deg, altFt=-0.00 ft, dt=0.0099 s, rollCorr=-0.178 pitchCorr=-0.011 m1=0.96 m2=1.00 m3=0.69 m4=1.00
[PHYSICS] pitch=0.00 deg, altFt=-0.00 ft, dt=0.0203 s, rollCorr=-0.178 pitchCorr=-0.011 m1=0.96 m2=1.00 m3=0.69 m4=1.00
[PHYSICS] pitch=0.00 deg, altFt=-0.00 ft, dt=0.0101 s, rollCorr=-0.178 pitchCorr=-0.011 m1=0.96 m2=1.00 m3=0.69 m4=1.00
[PHYSICS] pitch=0.00 deg, altFt=-0.00 ft, dt=0.0100 s, rollCorr=-0.178 pitchCorr=-0.011 m1=0.96 m2=1.00 m3=0.69 m4=1.00
[PHYSICS] pitch=0.00 deg, altFt=-0.00 ft, dt=0.0202 s, rollCorr=-0.178 pitchCorr=-0.011 m1=0.96 m2=1.00 m3=0.69 m4=1.00
[PHYSICS] pitch=0.00 deg, altFt=-0.00 ft, dt=0.0098 s, rollCorr=-0.178 pitchCorr=-0.011 m1=0.96 m2=1.00 m3=0.69 m4=1.00
[PHYSICS] pitch=0.00 deg, altFt=-0.00 ft, dt=0.0100 s, rollCorr=-0.178 pitchCorr=-0.011 m1=0.96 m2=1.00 m3=0.69 m4=1.00
[PHYSICS] pit
[GPS + Compass Injection Test] Scenario completed successfully
