Wokwi CLI v0.26.1 (9d71b975b7eb)
Connected to Wokwi Simulation API 1.0.0-20260717-g64cc19ca
Starting simulation...
[chip-bme280] BME280 chip ready
ESP-ROM:esp32s3-20210327
Build:Mar 27 2021
rst:0x1 (POWERON),boot:0x8 (SPI_FAST_FLASH_BOOT)
SPIWP:0xee
mode:DIO, clock div:1
load:0x3fce3808,len:0x370
load:0x403c9700,len:0x900
load:0x403cc700,len:0x2364
entry 0x403c98ac
E (16) opi psram: PSRAM ID read error: 0x00000000, PSRAM chip not found or not supported, or wrong PSRAM line mode
E (18) spiram: SPI RAM enabled but initialization failed. Bailing out.
=== BOOT START ===
[WiFi] Connecting.
[WiFi] 10.13.37.2
E (1298) esp_littlefs: partition "spiffs" could not be found
E (1299) esp_littlefs: Failed to initialize LittleFS
[  1360][E][LittleFS.cpp:98] begin(): Mounting LittleFS failed! Error: 261
E (1316) esp_littlefs: partition "spiffs" could not be found
E (1317) esp_littlefs: Failed to initialize to format.
[  1377][E][LittleFS.cpp:123] format(): Formatting LittleFS failed! Error: 261
E (1333) esp_littlefs: partition "spiffs" could not be found
E (1335) esp_littlefs: Failed to initialize LittleFS
[  1395][E][LittleFS.cpp:98] begin(): Mounting LittleFS failed! Error: 261
[IMU] Initializing MPU6050...
[IMU] MPU6050 ready.
[BARO] Calibrating ground reference — keep still...
[BARO] Ground reference: 1180.50 hPa
[BARO] BME280 ready.
[Wind Gust Test] Expected text matched: "[BARO] BME280 ready."
[ESC] DShot600 ready on GPIO 4/5/6/7
[Web] Server started.
[Wind Gust Test] Expected text matched: "[Web] Server started."
[Wind Gust Test] delay 5000ms
[PHYSICS] pitch=0.00 deg, altFt=0.00 ft, dt=0.0000 s, rollCorr=0.000 pitchCorr=0.000 m1=1.00 m2=0.80 m3=0.80 m4=1.00
[PHYSICS] pitch=0.00 deg, altFt=0.00 ft, dt=0.0170 s, rollCorr=0.000 pitchCorr=0.000 m1=1.00 m2=0.60 m3=0.60 m4=1.00
[PHYSICS] pitch=0.00 deg, altFt=0.00 ft, dt=0.0170 s, rollCorr=0.000 pitchCorr=0.000 m1=1.00 m2=0.60 m3=0.60 m4=1.00
[PHYSICS] pitch=0.00 deg, altFt=0.00 ft, dt=0.0170 s, rollCorr=0.000 pitchCorr=0.000 m1=1.00 m2=0.60 m3=0.60 m4=1.00
[PHYSICS] pitch=0.00 deg, altFt=0.00 ft, dt=0.0170 s, rollCorr=0.000 pitchCorr=0.000 m1=1.00 m2=0.61 m3=0.61 m4=1.00
[PHYSICS] pitch=0.00 deg, altFt=0.00 ft, dt=0.0190 s, rollCorr=0.000 pitchCorr=0.000 m1=1.00 m2=0.61 m3=0.61 m4=1.00
[PHYSICS] pitch=0.00 deg, altFt=0.00 ft, dt=0.0170 s, rollCorr=0.000 pitchCorr=0.000 m1=1.00 m2=0.61 m3=0.61 m4=1.00
[PHYSICS] pitch=0.00 deg, altFt=0.00 ft, dt=0.0170 s, rollCorr=0.000 pitchCorr=0.000 m1=1.00 m2=0.61 m3=0.61 m4=1.00
[PHYSICS] pitch=0.00 deg, altFt=0.00 ft, dt=0.0190 s, rollCorr=0.000 pitchCorr=0.000 m1=1.00 m2=0.61 m3=0.61 m4=1.00
[PHYSICS] pitch=0.00 deg, altFt=0.00 ft, dt=0.0170 s, rollCorr=0.000 pitchCorr=0.000 m1=1.00 m2=0.62 m3=0.62 m4=1.00
[PHYSICS] pitch=0.00 deg, altFt=0.00 ft, dt=0.0190 s, rollCorr=0.000 pitchCorr=0.000 m1=1.00 m2=0.62 m3=0.62 m4=1.00
[PHYSICS] pitch=0.00 deg, altFt=0.00 ft, dt=0.0190 s, rollCorr=0.000 pitchCorr=0.000 m1=1.00 m2=0.62 m3=0.62 m4=1.00
[PHYSICS] pitch=0.00 deg, altFt=0.00 ft, dt=0.0170 s, rollCorr=0.000 pitchCorr=0.000 m1=1.00 m2=0.62 m3=0.62 m4=1.00
[PHYSICS] pitch=0.00 deg, altFt=0.00 ft, dt=0.0170 s, rollCorr=0.000 pitchCorr=0.000 m1=1.00 m2=0.62 m3=0.62 m4=1.00
[PHYSICS] pitch=0.00 deg, altFt=0.00 ft, dt=0.0190 s, rollCorr=0.000 pitchCorr=0.000 m1=1.00 m2=0.62 m3=0.62 m4=1.00
[PHYSICS] pitch=0.00 deg, altFt=0.00 ft, dt=0.0190 s, rollCorr=0.000 pitchCorr=0.000 m1=1.00 m2=0.63 m3=0.63 m4=1.00
[PHYSICS] pitch=0.00 deg, altFt=0.00 ft, dt=0.0170 s, rollCorr=0.000 pitchCorr=0.000 m1=1.00 m2=0.63 m3=0.63 m4=1.00
[PHYSICS] pitch=0.00 deg, altFt=0.00 ft, dt=0.0170 s, rollCorr=0.000 pitchCorr=0.000 m1=1.00 m2=0.63 m3=0.63 m4=1.00
[PHYSICS] pitch=0.00 deg, altFt=0.00 ft, dt=0.0190 s, rollCorr=0.000 pitchCorr=0.000 m1=1.00 m2=0.63 m3=0.63 m4=1.00
[PHYSICS] pitch=0.00 deg, altFt=0.00 ft, dt=0.0170 s, rollCorr=0.000 pitchCorr=0.000 m1=1.00 m2=0.63 m3=0.63 m4=1.00
[PHYSICS] pitch=0.00 deg, altFt=0.00 ft, dt=0.0170 s, rollCorr=0.000 pitchCorr=0.000 m1=1.00 m2=0.63 m3=0.63 m4=1.00
[PHYSICS] pitch=0.00 deg, altFt=0.00 ft, dt=0.0190 s, rollCorr=0.000 pitchCorr=0.000 m1=1.00 m2=0.64 m3=0.64 m4=1.00
[PHYSICS] pitch=0.00 deg, altFt=0.00 ft, dt=0.0170 s, rollCorr=0.000 pitchCorr=0.000 m1=1.00 m2=0.64 m3=0.64 m4=1.00
[PHYSICS] pitch=0.00 deg, altFt=0.00 ft, dt=0.0170 s, rollCorr=0.000 pitchCorr=0.000 m1=1.00 m2=0.64 m3=0.64 m4=1.00
[PHYSICS] pitch=0.00 deg, altFt=0.00 ft, dt=0.0170 s, rollCorr=0.000 pitchCorr=0.000 m1=1.00 m2=0.64 m3=0.64 m4=1.00
[PHYSICS] pitch=0.00 deg, altFt=0.00 ft, dt=0.0190 s, rollCorr=0.000 pitchCorr=0.000 m1=1.00 m2=0.64 m3=0.64 m4=1.00
[PHYSICS] pitch=0.00 deg, altFt=0.00 ft, dt=0.0170 s, rollCorr=0.000 pitchCorr=0.000 m1=1.00 m2=0.65 m3=0.65 m4=1.00
[PHYSICS] pitch=0.00 deg, altFt=0.00 ft, dt=0.0170 s, rollCorr=0.000 pitchCorr=0.000 m1=1.00 m2=0.65 m3=0.65 m4=1.00
[PHYSICS] pitch=0.00 deg, altFt=0.00 ft, dt=0.0170 s, rollCorr=0.000 pitchCorr=0.000 m1=1.00 m2=0.65 m3=0.65 m4=1.00
[PHYSICS] pitch=0.00 deg, altFt=0.00 ft, dt=0.0170 s, rollCorr=0.000 pitchCorr=0.000 m1=1.00 m2=0.65 m3=0.65 m4=1.00
[PHYSICS] pitch=0.00 deg, altFt=0.00 ft, dt=0.0190 s, rollCorr=0.000 pitchCorr=0.000 m1=1.00 m2=0.65 m3=0.65 m4=1.00
[PHYSICS] pitch=0.00 deg, altFt=0.00 ft, dt=0.0170 s, rollCorr=0.000 pitchCorr=0.000 m1=1.00 m2=0.65 m3=0.65 m4=1.00
[PHYSICS] pitch=0.00 deg, altFt=0.00 ft, dt=0.0190 s, rollCorr=0.000 pitchCorr=0.000 m1=1.00 m2=0.66 m3=0.66 m4=1.00
[PHYSICS] pitch=0.00 deg, altFt=0.00 ft, dt=0.0170 s, rollCorr=0.000 pitchCorr=0.000 m1=1.00 m2=0.66 m3=0.66 m4=1.00
[PHYSICS] pitch=0.00 deg, altFt=0.00 ft, dt=0.0170 s, rollCorr=0.000 pitchCorr=0.000 m1=1.00 m2=0.66 m3=0.66 m4=1.00
[PHYSICS] pitch=0.00 deg, altFt=0.00 ft, dt=0.0170 s, rollCorr=0.000 pitchCorr=0.000 m1=1.00 m2=0.66 m3=0.66 m4=1.00
[PHYSICS] pitch=0.00 deg, altFt=0.00 ft, dt=0.0170 s, rollCorr=0.000 pitchCorr=0.000 m1=1.00 m2=0.66 m3=0.66 m4=1.00
[PHYSICS] pitch=0.00 deg, altFt=0.00 ft, dt=0.0170 s, rollCorr=0.000 pitchCorr=0.000 m1=1.00 m2=0.66 m3=0.66 m4=1.00
[PHYSICS] pitch=0.00 deg, altFt=0.00 ft, dt=0.0170 s, rollCorr=0.000 pitchCorr=0.000 m1=1.00 m2=0.67 m3=0.67 m4=1.00
[PHYSICS] pitch=0.00 deg, altFt=0.00 ft, dt=0.0170 s, rollCorr=0.000 pitchCorr=0.000 m1=1.00 m2=0.67 m3=0.67 m4=1.00
[PHYSICS] pitch=0.00 deg, altFt=0.00 ft, dt=0.0190 s, rollCorr=0.000 pitchCorr=0.000 m1=1.00 m2=0.67 m3=0.67 m4=1.00
[PHYSICS] pitch=0.00 deg, altFt=0.00 ft, dt=0.0170 s, rollCorr=0.000 pitchCorr=0.000 m1=1.00 m2=0.67 m3=0.67 m4=1.00
[PHYSICS] pitch=0.00 deg, altFt=0.00 ft, dt=0.0190 s, rollCorr=0.000 pitchCorr=0.000 m1=1.00 m2=0.67 m3=0.67 m4=1.00
[PHYSICS] pitch=0.00 deg, altFt=0.00 ft, dt=0.0190 s, rollCorr=0.000 pitchCorr=0.000 m1=1.00 m2=0.68 m3=0.68 m4=1.00
[PHYSICS] pitch=0.00 deg, altFt=0.00 ft, dt=0.0170 s, rollCorr=0.000 pitchCorr=0.000 m1=1.00 m2=0.68 m3=0.68 m4=1.00
[PHYSICS] pitch=0.00 deg, altFt=0.00 ft, dt=0.0170 s, rollCorr=0.000 pitchCorr=0.000 m1=1.00 m2=0.68 m3=0.68 m4=1.00
[PHYSICS] pitch=0.00 deg, altFt=0.00 ft, dt=0.0190 s, rollCorr=0.000 pitchCorr=0.000 m1=1.00 m2=0.68 m3=0.68 m4=1.00
[PHYSICS] pitch=0.00 deg, altFt=0.00 ft, dt=0.0170 s, rollCorr=0.000 pitchCorr=0.000 m1=1.00 m2=0.68 m3=0.68 m4=1.00
[PHYSICS] pitch=0.00 deg, altFt=0.00 ft, dt=0.0170 s, rollCorr=0.000 pitchCorr=0.000 m1=1.00 m2=0.68 m3=0.68 m4=1.00
[PHYSICS] pitch=0.00 deg, altFt=0.00 ft, dt=0.0170 s, rollCorr=0.000 pitchCorr=0.000 m1=1.00 m2=0.69 m3=0.69 m4=1.00
[PHYSICS] pitch=0.00 deg, altFt=0.00 ft, dt=0.0190 s, rollCorr=0.000 pitchCorr=0.000 m1=1.00 m2=0.69 m3=0.69 m4=1.00
[PHYSICS] pitch=0.00 deg, altFt=0.00 ft, dt=0.0190 s, rollCorr=0.000 pitchCorr=0.000 m1=1.00 m2=0.69 m3=0.69 m4=1.00
[PHYSICS] pitch=0.00 deg, altFt=0.00 ft, dt=0.0190 s, rollCorr=0.000 pitchCorr=0.000 m1=1.00 m2=0.69 m3=0.69 m4=1.00
[PHYSICS] pitch=0.00 deg, altFt=0.00 ft, dt=0.0190 s, rollCorr=0.000 pitchCorr=0.000 m1=1.00 m2=0.69 m3=0.69 m4=1.00
[PHYSICS] pitch=0.00 deg, altFt=0.00 ft, dt=0.0170 s, rollCorr=0.000 pitchCorr=0.000 m1=1.00 m2=0.70 m3=0.70 m4=1.00
[PHYSICS] pitch=0.00 deg, altFt=0.00 ft, dt=0.0170 s, rollCorr=0.000 pitchCorr=0.000 m1=1.00 m2=0.70 m3=0.70 m4=1.00
[PHYSICS] pitch=0.00 deg, altFt=0.00 ft, dt=0.0170 s, rollCorr=0.000 pitchCorr=0.000 m1=1.00 m2=0.70 m3=0.70 m4=1.00
[PHYSICS] pitch=0.00 deg, altFt=0.00 ft, dt=0.0170 s, rollCorr=0.000 pitchCorr=0.000 m1=1.00 m2=0.70 m3=0.70 m4=1.00
[PHYSICS] pitch=0.00 deg, altFt=0.00 ft, dt=0.0190 s, rollCorr=0.000 pitchCorr=0.000 m1=1.00 m2=0.70 m3=0.70 m4=1.00
[PHYSICS] pitch=0.00 deg, altFt=0.00 ft, dt=0.0170 s, rollCorr=0.000 pitchCorr=0.000 m1=1.00 m2=0.70 m3=0.70 m4=1.00
[PHYSICS] pitch=0.00 deg, altFt=0.00 ft, dt=0.0190 s, rollCorr=0.000 pitchCorr=0.000 m1=1.00 m2=0.71 m3=0.71 m4=1.00
[PHYSICS] pitch=0.00 deg, altFt=0.00 ft, dt=0.0170 s, rollCorr=0.000 pitchCorr=0.000 m1=1.00 m2=0.71 m3=0.71 m4=1.00
[PHYSICS] pitch=0.00 deg, altFt=0.00 ft, dt=0.0170 s, rollCorr=0.000 pitchCorr=0.000 m1=1.00 m2=0.71 m3=0.71 m4=1.00
[PHYSICS] pitch=0.00 deg, altFt=0.00 ft, dt=0.0170 s, rollCorr=0.000 pitchCorr=0.000 m1=1.00 m2=0.71 m3=0.71 m4=1.00
[PHYSICS] pitch=0.00 deg, altFt=0.00 ft, dt=0.0170 s, rollCorr=0.000 pitchCorr=0.000 m1=1.00 m2=0.71 m3=0.71 m4=1.00
[PHYSICS] pitch=0.00 deg, altFt=0.00 ft, dt=0.0190 s, rollCorr=0.000 pitchCorr=0.000 m1=1.00 m2=0.71 m3=0.71 m4=1.00
[PHYSICS] pitch=0.00 deg, altFt=0.00 ft, dt=0.0170 s, rollCorr=0.000 pitchCorr=0.000 m1=1.00 m2=0.72 m3=0.72 m4=1.00
[PHYSICS] pitch=0.00 deg, altFt=0.00 ft, dt=0.0170 s, rollCorr=0.000 pitchCorr=0.000 m1=1.00 m2=0.72 m3=0.72 m4=1.00
[PHYSICS] pitch=0.00 deg, altFt=0.00 ft, dt=0.0170 s, rollCorr=0.000 pitchCorr=0.000 m1=1.00 m2=0.72 m3=0.72 m4=1.00
[PHYSICS] pitch=0.00 deg, altFt=0.00 ft, dt=0.0190 s, rollCorr=0.000 pitchCorr=0.000 m1=1.00 m2=0.72 m3=0.72 m4=1.00
[PHYSICS] pitch=0.00 deg, altFt=0.00 ft, dt=0.0170 s, rollCorr=0.000 pitchCorr=0.000 m1=1.00 m2=0.72 m3=0.72 m4=1.00
[PHYSICS] pitch=0.00 deg, altFt=0.00 ft, dt=0.0190 s, rollCorr=0.000 pitchCorr=0.000 m1=1.00 m2=0.73 m3=0.73 m4=1.00
[PHYSICS] pitch=0.00 deg, altFt=0.00 ft, dt=0.0190 s, rollCorr=0.000 pitchCorr=0.000 m1=1.00 m2=0.73 m3=0.73 m4=1.00
[PHYSICS] pitch=0.00 deg, altFt=0.00 ft, dt=0.0170 s, rollCorr=0.000 pitchCorr=0.000 m1=1.00 m2=0.73 m3=0.73 m4=1.00
[PHYSICS] pitch=0.00 deg, altFt=0.00 ft, dt=0.0190 s, rollCorr=0.000 pitchCorr=0.000 m1=1.00 m2=0.73 m3=0.73 m4=1.00
[PHYSICS] pitch=0.00 deg, altFt=0.00 ft, dt=0.0170 s, rollCorr=0.000 pitchCorr=0.000 m1=1.00 m2=0.73 m3=0.73 m4=1.00
[PHYSICS] pitch=0.00 deg, altFt=0.00 ft, dt=0.0170 s, rollCorr=0.000 pitchCorr=0.000 m1=1.00 m2=0.73 m3=0.73 m4=1.00
[PHYSICS] pitch=0.00 deg, altFt=0.00 ft, dt=0.0190 s, rollCorr=0.000 pitchCorr=0.000 m1=1.00 m2=0.74 m3=0.74 m4=1.00
[PHYSICS] pitch=0.00 deg, altFt=0.00 ft, dt=0.0170 s, rollCorr=0.000 pitchCorr=0.000 m1=1.00 m2=0.74 m3=0.74 m4=1.00
[PHYSICS] pitch=0.00 deg, altFt=0.00 ft, dt=0.0190 s, rollCorr=0.000 pitchCorr=0.000 m1=1.00 m2=0.74 m3=0.74 m4=1.00
[PHYSICS] pitch=0.00 deg, altFt=0.00 ft, dt=0.0190 s, rollCorr=0.000 pitchCorr=0.000 m1=1.00 m2=0.74 m3=0.74 m4=1.00
[PHYSICS] pitch=0.00 deg, altFt=0.00 ft, dt=0.0170 s, rollCorr=0.000 pitchCorr=0.000 m1=1.00 m2=0.74 m3=0.74 m4=1.00
[PHYSICS] pitch=0.00 deg, altFt=0.00 ft, dt=0.0170 s, rollCorr=0.000 pitchCorr=0.000 m1=1.00 m2=0.74 m3=0.74 m4=1.00
[PHYSICS] pitch=0.00 deg, altFt=0.00 ft, dt=0.0170 s, rollCorr=0.000 pitchCorr=0.000 m1=1.00 m2=0.75 m3=0.75 m4=1.00
[PHYSICS] pitch=0.00 deg, altFt=0.00 ft, dt=0.0170 s, rollCorr=0.000 pitchCorr=0.000 m1=1.00 m2=0.75 m3=0.75 m4=1.00
[PHYSICS] pitch=0.00 deg, altFt=0.00 ft, dt=0.0170 s, rollCorr=0.000 pitchCorr=0.000 m1=1.00 m2=0.75 m3=0.75 m4=1.00
[PHYSICS] pitch=0.00 deg, altFt=0.00 ft, dt=0.0170 s, rollCorr=0.000 pitchCorr=0.000 m1=1.00 m2=0.75 m3=0.75 m4=1.00
[PHYSICS] pitch=0.00 deg, altFt=0.00 ft, dt=0.0170 s, rollCorr=0.000 pitchCorr=0.000 m1=1.00 m2=0.75 m3=0.75 m4=1.00
[PHYSICS] pitch=0.00 deg, altFt=0.00 ft, dt=0.0170 s, rollCorr=0.000 pitchCorr=0.000 m1=1.00 m2=0.75 m3=0.75 m4=1.00
[PHYSICS] pitch=0.00 deg, altFt=0.00 ft, dt=0.0170 s, rollCorr=0.000 pitchCorr=0.000 m1=1.00 m2=0.76 m3=0.76 m4=1.00
[PHYSICS] pitch=0.00 deg, altFt=0.00 ft, dt=0.0190 s, rollCorr=0.000 pitchCorr=0.000 m1=1.00 m2=0.76 m3=0.76 m4=1.00
[PHYSICS] pitch=0.00 deg, altFt=0.00 ft, dt=0.0170 s, rollCorr=0.000 pitchCorr=0.000 m1=1.00 m2=0.76 m3=0.76 m4=1.00
[PHYSICS] pitch=0.00 deg, altFt=0.00 ft, dt=0.0190 s, rollCorr=0.000 pitchCorr=0.000 m1=1.00 m2=0.76 m3=0.76 m4=1.00
[PHYSICS] pitch=0.00 deg, altFt=0.00 ft, dt=0.0190 s, rollCorr=0.000 pitchCorr=0.000 m1=1.00 m2=0.76 m3=0.76 m4=1.00
[PHYSICS] pitch=0.00 deg, altFt=0.00 ft, dt=0.0170 s, rollCorr=0.000 pitchCorr=0.000 m1=1.00 m2=0.77 m3=0.77 m4=1.00
[PHYSICS] pitch=0.00 deg, altFt=0.00 ft, dt=0.0170 s, rollCorr=0.000 pitchCorr=0.000 m1=1.00 m2=0.77 m3=0.77 m4=1.00
[PHYSICS] pitch=0.00 deg, altFt=0.00 ft, dt=0.0170 s, rollCorr=0.000 pitchCorr=0.000 m1=1.00 m2=0.77 m3=0.77 m4=1.00
[PHYSICS] pitch=0.00 deg, altFt=0.00 ft, dt=0.0170 s, rollCorr=0.000 pitchCorr=0.000 m1=1.00 m2=0.77 m3=0.77 m4=1.00
[PHYSICS] pitch=0.00 deg, altFt=0.00 ft, dt=0.0170 s, rollCorr=0.000 pitchCorr=0.000 m1=1.00 m2=0.77 m3=0.77 m4=1.00
[PHYSICS] pitch=0.00 deg, altFt=0.00 ft, dt=0.0190 s, rollCorr=0.000 pitchCorr=0.000 m1=1.00 m2=0.77 m3=0.77 m4=1.00
[PHYSICS] pitch=0.00 deg, altFt=0.00 ft, dt=0.0190 s, rollCorr=0.000 pitchCorr=0.000 m1=1.00 m2=0.78 m3=0.78 m4=1.00
[PHYSICS] pitch=0.00 deg, altFt=0.00 ft, dt=0.0170 s, rollCorr=0.000 pitchCorr=0.000 m1=1.00 m2=0.78 m3=0.78 m4=1.00
[PHYSICS] pitch=0.00 deg, altFt=0.00 ft, dt=0.0170 s, rollCorr=0.000 pitchCorr=0.000 m1=1.00 m2=0.78 m3=0.78 m4=1.00
[PHYSICS] pitch=0.00 deg, altFt=0.00 ft, dt=0.0190 s, rollCorr=0.000 pitchCorr=0.000 m1=1.00 m2=0.78 m3=0.78 m4=1.00
[PHYSICS] pitch=0.00 deg, altFt=0.00 ft, dt=0.0170 s, rollCorr=0.000 pitchCorr=0.000 m1=1.00 m2=0.78 m3=0.78 m4=1.00
[PHYSICS] pitch=0.00 deg, altFt=0.00 ft, dt=0.0170 s, rollCorr=0.000 pitchCorr=0.000 m1=1.00 m2=0.79 m3=0.79 m4=1.00
[PHYSICS] pitch=0.00 deg, altFt=0.00 ft, dt=0.0170 s, rollCorr=0.000 pitchCorr=0.000 m1=1.00 m2=0.79 m3=0.79 m4=1.00
[PHYSICS] pitch=0.00 deg, altFt=0.00 ft, dt=0.0170 s, rollCorr=0.000 pitchCorr=0.000 m1=1.00 m2=0.79 m3=0.79 m4=1.00
[PHYSICS] pitch=0.00 deg, altFt=0.00 ft, dt=0.0170 s, rollCorr=0.000 pitchCorr=0.000 m1=1.00 m2=0.79 m3=0.79 m4=1.00
[PHYSICS] pitch=0.00 deg, altFt=0.00 ft, dt=0.0170 s, rollCorr=0.000 pitchCorr=0.000 m1=1.00 m2=0.79 m3=0.79 m4=1.00
[PHYSICS] pitch=0.00 deg, altFt=0.00 ft, dt=0.0170 s, rollCorr=0.000 pitchCorr=0.000 m1=1.00 m2=0.79 m3=0.79 m4=1.00
[PHYSICS] pitch=0.00 deg, altFt=0.00 ft, dt=0.0170 s, rollCorr=0.000 pitchCorr=0.000 m1=1.00 m2=0.80 m3=0.80 m4=1.00
[PHYSICS] pitch=0.00 deg, altFt=0.00 ft, dt=0.0170 s, rollCorr=0.000 pitchCorr=0.000 m1=1.00 m2=0.80 m3=0.80 m4=1.00
[PHYSICS] pitch=0.00 deg, altFt=0.00 ft, dt=0.0170 s, rollCorr=0.000 pitchCorr=0.000 m1=1.00 m2=0.80 m3=0.80 m4=1.00
[PHYSICS] pitch=0.00 deg, altFt=0.00 ft, dt=0.0170 s, rollCorr=0.000 pitchCorr=0.000 m1=1.00 m2=0.80 m3=0.80 m4=1.00
[PHYSICS] pitch=0.00 deg, altFt=0.00 ft, dt=0.0170 s, rollCorr=0.000 pitchCorr=0.000 m1=1.00 m2=0.80 m3=0.80 m4=1.00
[PHYSICS] pitch=0.00 deg, altFt=0.00 ft, dt=0.0170 s, rollCorr=0.000 pitchCorr=0.000 m1=1.00 m2=0.80 m3=0.80 m4=1.00
[PHYSICS] pitch=0.00 deg, altFt=0.00 ft, dt=0.0190 s, rollCorr=0.000 pitchCorr=0.000 m1=1.00 m2=0.80 m3=0.80 m4=1.00
[PHYSICS] pitch=0.00 deg, altFt=0.00 ft, dt=0.0170 s, rollCorr=0.000 pitchCorr=0.000 m1=1.00 m2=0.80 m3=0.80 m4=1.00
[PHYSICS] pitch=0.00 deg, altFt=0.00 ft, dt=0.0170 s, rollCorr=0.000 pitchCorr=0.000 m1=1.00 m2=0.80 m3=0.80 m4=1.00
[PHYSICS] pitch=0.00 deg, altFt=0.00 ft, dt=0.0170 s, rollCorr=0.000 pitchCorr=0.000 m1=1.00 m2=0.80 m3=0.80 m4=1.00
[PHYSICS] pitch=0.00 deg, altFt=0.00 ft, dt=0.0170 s, rollCorr=0.000 pitchCorr=0.000 m1=1.00 m2=0.80 m3=0.80 m4=1.00
[PHYSICS] pitch=0.00 deg, altFt=0.00 ft, dt=0.0170 s, rollCorr=0.000 pitchCorr=0.000 m1=1.00 m2=0.80 m3=0.80 m4=1.00
[PHYSICS] pitch=0.00 deg, altFt=0.00 ft, dt=0.0170 s, rollCorr=0.000 pitchCorr=0.000 m1=1.00 m2=0.80 m3=0.80 m4=1.00
[PHYSICS] pitch=0.00 deg, altFt=0.00 ft, dt=0.0170 s, rollCorr=0.000 pitchCorr=0.000 m1=1.00 m2=0.80 m3=0.80 m4=1.00
[PHYSICS] pitch=0.00 deg, altFt=0.00 ft, dt=0.0170 s, rollCorr=0.000 pitchCorr=0.000 m1=1.00 m2=0.80 m3=0.80 m4=1.00
[PHYSICS] pitch=0.00 deg, altFt=0.00 ft, dt=0.0170 s, rollCorr=0.000 pitchCorr=0.000 m1=1.00 m2=0.80 m3=0.80 m4=1.00
[PHYSICS] pitch=0.00 deg, altFt=0.00 ft, dt=0.0170 s, rollCorr=0.000 pitchCorr=0.000 m1=1.00 m2=0.80 m3=0.80 m4=1.00
[PHYSICS] pitch=0.00 deg, altFt=0.00 ft, dt=0.0170 s, rollCorr=0.000 pitchCorr=0.000 m1=1.00 m2=0.80 m3=0.80 m4=1.00
[PHYSICS] pitch=0.00 deg, altFt=0.00 ft, dt=0.0170 s, rollCorr=0.000 pitchCorr=0.000 m1=1.00 m2=0.80 m3=0.80 m4=1.00
[PHYSICS] pitch=0.00 deg, altFt=0.00 ft, dt=0.0190 s, rollCorr=0.000 pitchCorr=0.000 m1=1.00 m2=0.80 m3=0.80 m4=1.00
[PHYSICS] pitch=0.00 deg, altFt=0.00 ft, dt=0.0190 s, rollCorr=0.000 pitchCorr=0.000 m1=1.00 m2=0.80 m3=0.80 m4=1.00
[PHYSICS] pitch=0.00 deg, altFt=0.00 ft, dt=0.0190 s, rollCorr=0.000 pitchCorr=0.000 m1=1.00 m2=0.80 m3=0.80 m4=1.00
[PHYSICS] pitch=0.00 deg, altFt=0.00 ft, dt=0.0170 s, rollCorr=0.000 pitchCorr=0.000 m1=1.00 m2=0.80 m3=0.80 m4=1.00
[PHYSICS] pitch=0.00 deg, altFt=0.00 ft, dt=0.0170 s, rollCorr=0.000 pitchCorr=0.000 m1=1.00 m2=0.80 m3=0.80 m4=1.00
[PHYSICS] pitch=0.00 deg, altFt=0.00 ft, dt=0.0190 s, rollCorr=0.000 pitchCorr=0.000 m1=1.00 m2=0.80 m3=0.80 m4=1.00
[PHYSICS] pitch=0.00 deg, altFt=0.00 ft, dt=0.0170 s, rollCorr=0.000 pitchCorr=0.000 m1=1.00 m2=0.80 m3=0.80 m4=1.00
[PHYSICS] pitch=0.00 deg, altFt=0.00 ft, dt=0.0170 s, rollCorr=0.000 pitchCorr=0.000 m1=1.00 m2=0.80 m3=0.80 m4=1.00
[PHYSICS] pitch=0.00 deg, altFt=0.00 ft, dt=0.0170 s, rollCorr=0.000 pitchCorr=0.000 m1=1.00 m2=0.80 m3=0.80 m4=1.00
[PHYSICS] pitch=0.00 deg, altFt=0.00 ft, dt=0.0170 s, rollCorr=0.000 pitchCorr=0.000 m1=1.00 m2=0.80 m3=0.80 m4=1.00
[PHYSICS] pitch=0.00 deg, altFt=0.00 ft, dt=0.0170 s, rollCorr=0.000 pitchCorr=0.000 m1=1.00 m2=0.80 m3=0.80 m4=1.00
[PHYSICS] pitch=0.00 deg, altFt=0.00 ft, dt=0.0170 s, rollCorr=0.000 pitchCorr=0.000 m1=1.00 m2=0.80 m3=0.80 m4=1.00
[PHYSICS] pitch=0.00 deg, altFt=0.00 ft, dt=0.0190 s, rollCorr=0.000 pitchCorr=0.000 m1=1.00 m2=0.80 m3=0.80 m4=1.00
[PHYSICS] pitch=0.00 deg, altFt=0.00 ft, dt=0.0170 s, rollCorr=0.000 pitchCorr=0.000 m1=1.00 m2=0.80 m3=0.80 m4=1.00
[PHYSICS] pitch=0.00 deg, altFt=0.00 ft, dt=0.0170 s, rollCorr=0.000 pitchCorr=0.000 m1=1.00 m2=0.80 m3=0.80 m4=1.00
[PHYSICS] pitch=0.00 deg, altFt=0.00 ft, dt=0.0170 s, rollCorr=0.000 pitchCorr=0.000 m1=1.00 m2=0.80 m3=0.80 m4=1.00
[PHYSICS] pitch=0.00 deg, altFt=0.00 ft, dt=0.0170 s, rollCorr=0.000 pitchCorr=0.000 m1=1.00 m2=0.80 m3=0.80 m4=1.00
[PHYSICS] pitch=0.00 deg, altFt=0.00 ft, dt=0.0170 s, rollCorr=0.000 pitchCorr=0.000 m1=1.00 m2=0.80 m3=0.80 m4=1.00
[PHYSICS] pitch=0.00 deg, altFt=0.00 ft, dt=0.0170 s, rollCorr=0.000 pitchCorr=0.000 m1=1.00 m2=0.80 m3=0.80 m4=1.00
[PHYSICS] pitch=0.00 deg, altFt=0.00 ft, dt=0.0170 s, rollCorr=0.000 pitchCorr=0.000 m1=1.00 m2=0.80 m3=0.80 m4=1.00
[PHYSICS] pitch=0.00 deg, altFt=0.00 ft, dt=0.0170 s, rollCorr=0.000 pitchCorr=0.000 m1=1.00 m2=0.80 m3=0.80 m4=1.00
[PHYSICS] pitch=0.00 deg, altFt=0.00 ft, dt=0.0170 s, rollCorr=0.000 pitchCorr=0.000 m1=1.00 m2=0.80 m3=0.80 m4=1.00
[PHYSICS] pitch=0.00 deg, altFt=0.00 ft, dt=0.0170 s, rollCorr=0.000 pitchCorr=0.000 m1=1.00 m2=0.80 m3=0.80 m4=1.00
[PHYSICS] pitch=0.00 deg, altFt=0.00 ft, dt=0.0170 s, rollCorr=0.000 pitchCorr=0.000 m1=1.00 m2=0.80 m3=0.80 m4=1.00
[PHYSICS] pitch=0.00 deg, altFt=0.00 ft, dt=0.0170 s, rollCorr=0.000 pitchCorr=0.000 m1=1.00 m2=0.80 m3=0.80 m4=1.00
[PHYSICS] pitch=0.00 deg, altFt=0.00 ft, dt=0.0170 s, rollCorr=0.000 pitchCorr=0.000 m1=1.00 m2=0.80 m3=0.80 m4=1.00
[PHYSICS] pitch=0.00 deg, altFt=0.00 ft, dt=0.0170 s, rollCorr=0.000 pitchCorr=0.000 m1=1.00 m2=0.80 m3=0.80 m4=1.00
[PHYSICS] pitch=0.00 deg, altFt=0.00 ft, dt=0.0170 s, rollCorr=0.000 pitchCorr=0.000 m1=1.00 m2=0.80 m3=0.80 m4=1.00
[PHYSICS] pitch=0.00 deg, altFt=0.00 ft, dt=0.0170 s, rollCorr=0.000 pitchCorr=0.000 m1=1.00 m2=0.80 m3=0.80 m4=1.00
[PHYSICS] pitch=0.00 deg, altFt=0.00 ft, dt=0.0170 s, rollCorr=0.000 pitchCorr=0.000 m1=1.00 m2=0.80 m3=0.80 m4=1.00
[PHYSICS] pitch=0.00 deg, altFt=0.00 ft, dt=0.0170 s, rollCorr=0.000 pitchCorr=0.000 m1=1.00 m2=0.80 m3=0.80 m4=1.00
[PHYSICS] pitch=0.00 deg, altFt=0.00 ft, dt=0.0170 s, rollCorr=0.000 pitchCorr=0.000 m1=1.00 m2=0.80 m3=0.80 m4=1.00
[PHYSICS] pitch=0.00 deg, altFt=0.00 ft, dt=0.0170 s, rollCorr=0.000 pitchCorr=0.000 m1=1.00 m2=0.80 m3=0.80 m4=1.00
[PHYSICS] pitch=0.00 deg, altFt=0.00 ft, dt=0.0170 s, rollCorr=0.000 pitchCorr=0.000 m1=1.00 m2=0.80 m3=0.80 m4=1.00
[PHYSICS] pitch=0.00 deg, altFt=0.00 ft, dt=0.0170 s, rollCorr=0.000 pitchCorr=0.000 m1=1.00 m2=0.80 m3=0.80 m4=1.00
[PHYSICS] pitch=0.00 deg, altFt=0.00 ft, dt=0.0170 s, rollCorr=0.000 pitchCorr=0.000 m1=1.00 m2=0.80 m3=0.80 m4=1.00
[PHYSICS] pitch=0.00 deg, altFt=0.00 ft, dt=0.0170 s, rollCorr=0.000 pitchCorr=0.000 m1=1.00 m2=0.80 m3=0.80 m4=1.00
[PHYSICS] pitch=0.00 deg, altFt=0.00 ft, dt=0.0170 s, rollCorr=0.000 pitchCorr=0.000 m1=1.00 m2=0.80 m3=0.80 m4=1.00
[PHYSICS] pitch=0.00 deg, altFt=0.00 ft, dt=0.0170 s, rollCorr=0.000 pitchCorr=0.000 m1=1.00 m2=0.80 m3=0.80 m4=1.00
[PHYSICS] pitch=0.00 deg, altFt=0.00 ft, dt=0.0170 s, rollCorr=0.000 pitchCorr=0.000 m1=1.00 m2=0.80 m3=0.80 m4=1.00
[PHYSICS] pitch=0.00 deg, altFt=0.00 ft, dt=0.0190 s, rollCorr=0.000 pitchCorr=0.000 m1=1.00 m2=0.80 m3=0.80 m4=1.00
[PHYSICS] pitch=0.00 deg, altFt=0.00 ft, dt=0.0170 s, rollCorr=0.000 pitchCorr=0.000 m1=1.00 m2=0.80 m3=0.80 m4=1.00
[PHYSICS] pitch=0.00 deg, altFt=0.00 ft, dt=0.0170 s, rollCorr=0.000 pitchCorr=0.000 m1=1.00 m2=0.80 m3=0.80 m4=1.00
[PHYSICS] pitch=0.00 deg, altFt=0.00 ft, dt=0.0170 s, rollCorr=0.000 pitchCorr=0.000 m1=1.00 m2=0.80 m3=0.80 m4=1.00
[PHYSICS] pitch=0.00 deg, altFt=0.00 ft, dt=0.0170 s, rollCorr=0.000 pitchCorr=0.000 m1=1.00 m2=0.80 m3=0.80 m4=1.00
[PHYSICS] pitch=0.00 deg, altFt=0.00 ft, dt=0.0170 s, rollCorr=0.000 pitchCorr=0.000 m1=1.00 m2=0.80 m3=0.80 m4=1.00
[PHYSICS] pitch=0.00 deg, altFt=0.00 ft, dt=0.0170 s, rollCorr=0.000 pitchCorr=0.000 m1=1.00 m2=0.80 m3=0.80 m4=1.00
[PHYSICS] pitch=0.00 deg, altFt=0.00 ft, dt=0.0170 s, rollCorr=0.000 pitchCorr=0.000 m1=1.00 m2=0.80 m3=0.80 m4=1.00
[PHYSICS] pitch=0.00 deg, altFt=0.00 ft, dt=0.0170 s, rollCorr=0.000 pitchCorr=0.000 m1=1.00 m2=0.80 m3=0.80 m4=1.00
[PHYSICS] pitch=0.00 deg, altFt=0.00 ft, dt=0.0190 s, rollCorr=0.000 pitchCorr=0.000 m1=1.00 m2=0.80 m3=0.80 m4=1.00
[PHYSICS] pitch=0.00 deg, altFt=0.00 ft, dt=0.0170 s, rollCorr=0.000 pitchCorr=0.000 m1=1.00 m2=0.80 m3=0.80 m4=1.00
[PHYSICS] pitch=0.00 deg, altFt=0.00 ft, dt=0.0170 s, rollCorr=0.000 pitchCorr=0.000 m1=1.00 m2=0.80 m3=0.80 m4=1.00
[PHYSICS] pitch=0.00 deg, altFt=0.00 ft, dt=0.0190 s, rollCorr=0.000 pitchCorr=0.000 m1=1.00 m2=0.80 m3=0.80 m4=1.00
[PHYSICS] pitch=0.00 deg, altFt=0.00 ft, dt=0.0170 s, rollCorr=0.000 pitchCorr=0.000 m1=1.00 m2=0.80 m3=0.80 m4=1.00
[PHYSICS] pitch=0.00 deg, altFt=0.00 ft, dt=0.0170 s, rollCorr=0.000 pitchCorr=0.000 m1=1.00 m2=0.80 m3=0.80 m4=1.00
[PHYSICS] pitch=0.00 deg, altFt=0.00 ft, dt=0.0170 s, rollCorr=0.000 pitchCorr=0.000 m1=1.00 m2=0.80 m3=0.80 m4=1.00
[PHYSICS] pitch=0.00 deg, altFt=0.00 ft, dt=0.0170 s, rollCorr=0.000 pitchCorr=0.000 m1=1.00 m2=0.80 m3=0.80 m4=1.00
[PHYSICS] pitch=0.00 deg, altFt=0.00 ft, dt=0.0190 s, rollCorr=0.000 pitchCorr=0.000 m1=1.00 m2=0.80 m3=0.80 m4=1.00
[PHYSICS] pitch=0.00 deg, altFt=0.00 ft, dt=0.0170 s, rollCorr=0.000 pitchCorr=0.000 m1=1.00 m2=0.80 m3=0.80 m4=1.00
[PHYSICS] pitch=0.00 deg, altFt=0.00 ft, dt=0.0170 s, rollCorr=0.000 pitchCorr=0.000 m1=1.00 m2=0.80 m3=0.80 m4=1.00
[PHYSICS] pitch=0.00 deg, altFt=0.00 ft, dt=0.0190 s, rollCorr=0.000 pitchCorr=0.000 m1=1.00 m2=0.80 m3=0.80 m4=1.00
[PHYSICS] pitch=0.00 deg, altFt=0.00 ft, dt=0.0170 s, rollCorr=0.000 pitchCorr=0.000 m1=1.00 m2=0.80 m3=0.80 m4=1.00
[PHYSICS] pitch=0.00 deg, altFt=0.00 ft, dt=0.0170 s, rollCorr=0.000 pitchCorr=0.000 m1=1.00 m2=0.80 m3=0.80 m4=1.00
[PHYSICS] pitch=0.00 deg, altFt=0.00 ft, dt=0.0190 s, rollCorr=0.000 pitchCorr=0.000 m1=1.00 m2=0.80 m3=0.80 m4=1.00
[PHYSICS] pitch=0.00 deg, altFt=0.00 ft, dt=0.0170 s, rollCorr=0.000 pitchCorr=0.000 m1=1.00 m2=0.80 m3=0.80 m4=1.00
[PHYSICS] pitch=0.00 deg, altFt=0.00 ft, dt=0.0190 s, rollCorr=0.000 pitchCorr=0.000 m1=1.00 m2=0.80 m3=0.80 m4=1.00
[PHYSICS] pitch=0.00 deg, altFt=0.00 ft, dt=0.0170 s, rollCorr=0.000 pitchCorr=0.000 m1=1.00 m2=0.80 m3=0.80 m4=1.00
[PHYSICS] pitch=0.00 deg, altFt=0.00 ft, dt=0.0170 s, rollCorr=0.000 pitchCorr=0.000 m1=1.00 m2=0.80 m3=0.80 m4=1.00
[PHYSICS] pitch=0.00 deg, altFt=0.00 ft, dt=0.0170 s, rollCorr=0.000 pitchCorr=0.000 m1=1.00 m2=0.80 m3=0.80 m4=1.00
[PHYSICS] pitch=0.00 deg, altFt=0.00 ft, dt=0.0170 s, rollCorr=0.000 pitchCorr=0.000 m1=1.00 m2=0.80 m3=0.80 m4=1.00
[PHYSICS] pitch=0.00 deg, altFt=0.00 ft, dt=0.0170 s, rollCorr=0.000 pitchCorr=0.000 m1=1.00 m2=0.80 m3=0.80 m4=1.00
[PHYSICS] pitch=0.00 deg, altFt=0.00 ft, dt=0.0190 s, rollCorr=0.000 pitchCorr=0.000 m1=1.00 m2=0.80 m3=0.80 m4=1.00
[PHYSICS] pitch=0.00 deg, altFt=0.00 ft, dt=0.0170 s, rollCorr=0.000 pitchCorr=0.000 m1=1.00 m2=0.80 m3=0.80 m4=1.00
[PHYSICS] pitch=0.00 deg, altFt=0.00 ft, dt=0.0170 s, rollCorr=0.000 pitchCorr=0.000 m1=1.00 m2=0.80 m3=0.80 m4=1.00
[PHYSICS] pitch=0.00 deg, altFt=0.00 ft, dt=0.0170 s, rollCorr=0.000 pitchCorr=0.000 m1=1.00 m2=0.80 m3=0.80 m4=1.00
[PHYSICS] pitch=0.00 deg, altFt=0.00 ft, dt=0.0170 s, rollCorr=0.000 pitchCorr=0.000 m1=1.00 m2=0.80 m3=0.80 m4=1.00
[PHYSICS] pitch=0.00 deg, altFt=0.00 ft, dt=0.0190 s, rollCorr=0.000 pitchCorr=0.000 m1=1.00 m2=0.80 m3=0.80 m4=1.00
[PHYSICS] pitch=0.00 deg, altFt=0.00 ft, dt=0.0170 s, rollCorr=0.000 pitchCorr=0.000 m1=1.00 m2=0.80 m3=0.80 m4=1.00
[PHYSICS] pitch=0.00 deg, altFt=0.00 ft, dt=0.0170 s, rollCorr=0.000 pitchCorr=0.000 m1=1.00 m2=0.80 m3=0.80 m4=1.00
[PHYSICS] pitch=0.00 deg, altFt=0.00 ft, dt=0.0170 s, rollCorr=0.000 pitchCorr=0.000 m1=1.00 m2=0.80 m3=0.80 m4=1.00
[PHYSICS] pitch=0.00 deg, altFt=0.00 ft, dt=0.0170 s, rollCorr=0.000 pitchCorr=0.000 m1=1.00 m2=0.80 m3=0.80 m4=1.00
[PHYSICS] pitch=0.00 deg, altFt=0.00 ft, dt=0.0170 s, rollCorr=0.000 pitchCorr=0.000 m1=1.00 m2=0.80 m3=0.80 m4=1.00
[PHYSICS] pitch=0.00 deg, altFt=0.00 ft, dt=0.0190 s, rollCorr=0.000 pitchCorr=0.000 m1=1.00 m2=0.80 m3=0.80 m4=1.00
[PHYSICS] pitch=0.00 deg, altFt=0.00 ft, dt=0.0170 s, rollCorr=0.000 pitchCorr=0.000 m1=1.00 m2=0.80 m3=0.80 m4=1.00
[PHYSICS] pitch=0.00 deg, altFt=0.00 ft, dt=0.0190 s, rollCorr=0.000 pitchCorr=0.000 m1=1.00 m2=0.80 m3=0.80 m4=1.00
[PHYSICS] pitch=0.00 deg, altFt=0.00 ft, dt=0.0170 s, rollCorr=0.000 pitchCorr=0.000 m1=1.00 m2=0.80 m3=0.80 m4=1.00
[PHYSICS] pitch=0.00 deg, altFt=0.00 ft, dt=0.0190 s, rollCorr=0.000 pitchCorr=0.000 m1=1.00 m2=0.80 m3=0.80 m4=1.00
[PHYSICS] pitch=0.00 deg, altFt=0.00 ft, dt=0.0170 s, rollCorr=0.000 pitchCorr=0.000 m1=1.00 m2=0.80 m3=0.80 m4=1.00
[PHYSICS] pitch=0.00 deg, altFt=0.00 ft, dt=0.0170 s, rollCorr=0.000 pitchCorr=0.000 m1=1.00 m2=0.80 m3=0.80 m4=1.00
[PHYSICS] pitch=0.00 deg, altFt=0.00 ft, dt=0.0170 s, rollCorr=0.000 pitchCorr=0.000 m1=1.00 m2=0.80 m3=0.80 m4=1.00
[PHYSICS] pitch=0.00 deg, altFt=0.00 ft, dt=0.0170 s, rollCorr=0.000 pitchCorr=0.000 m1=1.00 m2=0.80 m3=0.80 m4=1.00
[PHYSICS] pitch=0.00 deg, altFt=0.00 ft, dt=0.0170 s, rollCorr=0.000 pitchCorr=0.000 m1=1.00 m2=0.80 m3=0.80 m4=1.00
[PHYSICS] pitch=0.00 deg, altFt=0.00 ft, dt=0.0170 s, rollCorr=0.000 pitchCorr=0.000 m1=1.00 m2=0.80 m3=0.80 m4=1.00
[PHYSICS] pitch=0.00 deg, altFt=0.00 ft, dt=0.0170 s, rollCorr=0.000 pitchCorr=0.000 m1=1.00 m2=0.80 m3=0.80 m4=1.00
[PHYSICS] pitch=0.00 deg, altFt=0.00 ft, dt=0.0170 s, rollCorr=0.000 pitchCorr=0.000 m1=1.00 m2=0.80 m3=0.80 m4=1.00
[PHYSICS] pitch=0.00 deg, altFt=0.00 ft, dt=0.0170 s, rollCorr=0.000 pitchCorr=0.000 m1=1.00 m2=0.80 m3=0.80 m4=1.00
[PHYSICS] pitch=0.00 deg, altFt=0.00 ft, dt=0.0170 s, rollCorr=0.000 pitchCorr=0.000 m1=1.00 m2=0.80 m3=0.80 m4=1.00
[PHYSICS] pitch=0.00 deg, altFt=0.00 ft, dt=0.0170 s, rollCorr=0.000 pitchCorr=0.000 m1=1.00 m2=0.80 m3=0.80 m4=1.00
[PHYSICS] pitch=0.00 deg, altFt=0.00 ft, dt=0.0170 s, rollCorr=0.000 pitchCorr=0.000 m1=1.00 m2=0.80 m3=0.80 m4=1.00
[PHYSICS] pitch=0.00 deg, altFt=0.00 ft, dt=0.0170 s, rollCorr=0.000 pitchCorr=0.000 m1=1.00 m2=0.80 m3=0.80 m4=1.00
[PHYSICS] pitch=0.00 deg, altFt=0.00 ft, dt=0.0190 s, rollCorr=0.000 pitchCorr=0.000 m1=1.00 m2=0.80 m3=0.80 m4=1.00
[PHYSICS] pitch=0.00 deg, altFt=0.00 ft, dt=0.0170 s, rollCorr=0.000 pitchCorr=0.000 m1=1.00 m2=0.80 m3=0.80 m4=1.00
[PHYSICS] pitch=0.00 deg, altFt=0.00 ft, dt=0.0190 s, rollCorr=0.000 pitchCorr=0.000 m1=1.00 m2=0.80 m3=0.80 m4=1.00
[PHYSICS] pitch=0.00 deg, altFt=0.00 ft, dt=0.0190 s, rollCorr=0.000 pitchCorr=0.000 m1=1.00 m2=0.80 m3=0.80 m4=1.00
[PHYSICS] pitch=0.00 deg, altFt=0.00 ft, dt=0.0170 s, rollCorr=0.000 pitchCorr=0.000 m1=1.00 m2=0.80 m3=0.80 m4=1.00
[PHYSICS] pitch=0.00 deg, altFt=0.00 ft, dt=0.0170 s, rollCorr=0.000 pitchCorr=0.000 m1=1.00 m2=0.80 m3=0.80 m4=1.00
[PHYSICS] pitch=0.00 deg, altFt=0.00 ft, dt=0.0170 s, rollCorr=0.000 pitchCorr=0.000 m1=1.00 m2=0.80 m3=0.80 m4=1.00
[PHYSICS] pitch=0.00 deg, altFt=0.00 ft, dt=0.0170 s, rollCorr=0.000 pitchCorr=0.000 m1=1.00 m2=0.80 m3=0.80 m4=1.00
[PHYSICS] pitch=0.00 deg, altFt=0.00 ft, dt=0.0170 s, rollCorr=0.000 pitchCorr=0.000 m1=1.00 m2=0.80 m3=0.80 m4=1.00
[PHYSICS] pitch=0.00 deg, altFt=0.00 ft, dt=0.0170 s, rollCorr=0.000 pitchCorr=0.000 m1=1.00 m2=0.80 m3=0.80 m4=1.00
[PHYSICS] pitch=0.00 deg, altFt=0.00 ft, dt=0.0170 s, rollCorr=0.000 pitchCorr=0.000 m1=1.00 m2=0.80 m3=0.80 m4=1.00
[PHYSICS] pitch=0.00 deg, altFt=0.00 ft, dt=0.0170 s, rollCorr=0.000 pitchCorr=0.000 m1=1.00 m2=0.80 m3=0.80 m4=1.00
[PHYSICS] pitch=0.00 deg, altFt=0.00 ft, dt=0.0190 s, rollCorr=0.000 pitchCorr=0.000 m1=1.00 m2=0.80 m3=0.80 m4=1.00
[PHYSICS] pitch=0.00 deg, altFt=0.00 ft, dt=0.0170 s, rollCorr=0.000 pitchCorr=0.000 m1=1.00 m2=0.80 m3=0.80 m4=1.00
[PHYSICS] pitch=0.00 deg, altFt=0.00 ft, dt=0.0170 s, rollCorr=0.000 pitchCorr=0.000 m1=1.00 m2=0.80 m3=0.80 m4=1.00
[PHYSICS] pitch=0.00 deg, altFt=0.00 ft, dt=0.0190 s, rollCorr=0.000 pitchCorr=0.000 m1=1.00 m2=0.80 m3=0.80 m4=1.00
[PHYSICS] pitch=0.00 deg, altFt=0.00 ft, dt=0.0170 s, rollCorr=0.000 pitchCorr=0.000 m1=1.00 m2=0.80 m3=0.80 m4=1.00
[PHYSICS] pitch=0.00 deg, altFt=0.00 ft, dt=0.0170 s, rollCorr=0.000 pitchCorr=0.000 m1=1.00 m2=0.80 m3=0.80 m4=1.00
[PHYSICS] pitch=0.00 deg, altFt=0.00 ft, dt=0.0170 s, rollCorr=0.000 pitchCorr=0.000 m1=1.00 m2=0.80 m3=0.80 m4=1.00
[PHYSICS] pitch=0.00 deg, altFt=0.00 ft, dt=0.0170 s, rollCorr=0.000 pitchCorr=0.000 m1=1.00 m2=0.80 m3=0.80 m4=1.00
[PHYSICS] pitch=0.00 deg, altFt=0.00 ft, dt=0.0170 s, rollCorr=0.000 pitchCorr=0.000 m1=1.00 m2=0.80 m3=0.80 m4=1.00
[PHYSICS] pitch=0.00 deg, altFt=0.00 ft, dt=0.0170 s, rollCorr=0.000 pitchCorr=0.000 m1=1.00 m2=0.80 m3=0.80 m4=1.00
[PHYSICS] pitch=0.00 deg, altFt=0.00 ft, dt=0.0170 s, rollCorr=0.000 pitchCorr=0.000 m1=1.00 m2=0.80 m3=0.80 m4=1.00
[PHYSICS] pitch=0.00 deg, altFt=0.00 ft, dt=0.0170 s, rollCorr=0.000 pitchCorr=0.000 m1=1.00 m2=0.80 m3=0.80 m4=1.00
[PHYSICS] pitch=0.00 deg, altFt=0.00 ft, dt=0.0190 s, rollCorr=0.000 pitchCorr=0.000 m1=1.00 m2=0.80 m3=0.80 m4=1.00
[PHYSICS] pitch=0.00 deg, altFt=0.00 ft, dt=0.0170 s, rollCorr=0.000 pitchCorr=0.000 m1=1.00 m2=0.80 m3=0.80 m4=1.00
[PHYSICS] pitch=0.00 deg, altFt=0.00 ft, dt=0.0170 s, rollCorr=0.000 pitchCorr=0.000 m1=1.00 m2=0.80 m3=0.80 m4=1.00
[PHYSICS] pitch=0.00 deg, altFt=0.00 ft, dt=0.0170 s, rollCorr=0.000 pitchCorr=0.000 m1=1.00 m2=0.80 m3=0.80 m4=1.00
[PHYSICS] pitch=0.00 deg, altFt=0.00 ft, dt=0.0190 s, rollCorr=0.000 pitchCorr=0.000 m1=1.00 m2=0.80 m3=0.80 m4=1.00
[PHYSICS] pitch=0.00 deg, altFt=0.00 ft, dt=0.0190 s, rollCorr=0.000 pitchCorr=0.000 m1=1.00 m2=0.80 m3=0.80 m4=1.00
[PHYSICS] pitch=0.00 deg, altFt=0.00 ft, dt=0.0170 s, rollCorr=0.000 pitchCorr=0.000 m1=1.00 m2=0.80 m3=0.80 m4=1.00
[PHYSICS] pitch=0.00 deg, altFt=0.00 ft, dt=0.0170 s, rollCorr=0.000 pitchCorr=0.000 m1=1.00 m2=0.80 m3=0.80 m4=1.00
[PHYSICS] pitch=0.00 deg, altFt=0.00 ft, dt=0.0170 s, rollCorr=0.000 pitchCorr=0.000 m1=1.00 m2=0.80 m3=0.80 m4=1.00
[PHYSICS] pitch=0.00 deg, altFt=0.00 ft, dt=0.0170 s, rollCorr=0.000 pitchCorr=0.000 m1=1.00 m2=0.80 m3=0.80 m4=1.00
[PHYSICS] pitch=0.00 deg, altFt=0.00 ft, dt=0.0170 s, rollCorr=0.000 pitchCorr=0.000 m1=1.00 m2=0.80 m3=0.80 m4=1.00
[PHYSICS] pitch=0.00 deg, altFt=0.00 ft, dt=0.0170 s, rollCorr=0.000 pitchCorr=0.000 m1=1.00 m2=0.80 m3=0.80 m4=1.00
[PHYSICS] pitch=0.00 deg, altFt=0.00 ft, dt=0.0170 s, rollCorr=0.000 pitchCorr=0.000 m1=1.00 m2=0.80 m3=0.80 m4=1.00
[PHYSICS] pitch=0.00 deg, altFt=0.00 ft, dt=0.0170 s, rollCorr=0.000 pitchCorr=0.000 m1=1.00 m2=0.80 m3=0.80 m4=1.00
[PHYSICS] pitch=0.00 deg, altFt=0.00 ft, dt=0.0170 s, rollCorr=0.000 pitchCorr=0.000 m1=1.00 m2=0.80 m3=0.80 m4=1.00
[PHYSICS] pitch=0.00 deg, altFt=0.00 ft, dt=0.0170 s, rollCorr=0.000 pitchCorr=0.000 m1=1.00 m2=0.80 m3=0.80 m4=1.00
[PHYSICS] pitch=0.00 deg, altFt=0.00 ft, dt=0.0170 s, rollCorr=0.000 pitchCorr=0.000 m1=1.00 m2=0.80 m3=0.80 m4=1.00
[PHYSICS] pitch=0.00 deg, altFt=0.00 ft, dt=0.0170 s, rollCorr=0.000 pitchCorr=0.000 m1=1.00 m2=0.80 m3=0.80 m4=1.00
[PHYSICS] pitch=0.00 deg, altFt=0.00 ft, dt=0.0170 s, rollCorr=0.000 pitchCorr=0.000 m1=1.00 m2=0.80 m3=0.80 m4=1.00
[PHYSICS] pitch=0.00 deg, altFt=0.00 ft, dt=0.0170 s, rollCorr=0.000 pitchCorr=0.000 m1=1.00 m2=0.80 m3=0.80 m4=1.00
[PHYSICS] pitch=0.00 deg, altFt=0.00 ft, dt=0.0170 s, rollCorr=0.000 pitchCorr=0.000 m1=1.00 m2=0.80 m3=0.80 m4=1.00
[PHYSICS] pitch=0.00 deg, altFt=0.00 ft, dt=0.0190 s, rollCorr=0.000 pitchCorr=0.000 m1=1.00 m2=0.80 m3=0.80 m4=1.00
[PHYSICS] pitch=0.00 deg, altFt=0.00 ft, dt=0.0190 s, rollCorr=0.000 pitchCorr=0.000 m1=1.00 m2=0.80 m3=0.80 m4=1.00
[PHYSICS] pitch=0.00 deg, altFt=0.00 ft, dt=0.0170 s, rollCorr=0.000 pitchCorr=0.000 m1=1.00 m2=0.80 m3=0.80 m4=1.00
[PHYSICS] pitch=0.00 deg, altFt=0.00 ft, dt=0.0170 s, rollCorr=0.000 pitchCorr=0.000 m1=1.00 m2=0.80 m3=0.80 m4=1.00
[PHYSICS] pitch=0.00 deg, altFt=0.00 ft, dt=0.0170 s, rollCorr=0.000 pitchCorr=0.000 m1=1.00 m2=0.80 m3=0.80 m4=1.00
[PHYSICS] pitch=0.00 deg, altFt=0.00 ft, dt=0.0170 s, rollCorr=0.000 pitchCorr=0.000 m1=1.00 m2=0.80 m3=0.80 m4=1.00
[PHYSICS] pitch=0.00 deg, altFt=0.00 ft, dt=0.0170 s, rollCorr=0.000 pitchCorr=0.000 m1=1.00 m2=0.80 m3=0.80 m4=1.00
[PHYSICS] pitch=0.00 deg, altFt=0.00 ft, dt=0.0170 s, rollCorr=0.000 pitchCorr=0.000 m1=1.00 m2=0.80 m3=0.80 m4=1.00
[PHYSICS] pitch=0.00 deg, altFt=0.00 ft, dt=0.0170 s, rollCorr=0.000 pitchCorr=0.000 m1=1.00 m2=0.80 m3=0.80 m4=1.00
[PHYSICS] pitch=0.00 deg, altFt=0.00 ft, dt=0.0190 s, rollCorr=0.000 pitchCorr=0.000 m1=1.00 m2=0.80 m3=0.80 m4=1.00
[PHYSICS] pitch=0.00 deg, altFt=0.00 ft, dt=0.0170 s, rollCorr=0.000 pitchCorr=0.000 m1=1.00 m2=0.80 m3=0.80 m4=1.00
[PHYSICS] pitch=0.00 deg, altFt=0.00 ft, dt=0.0170 s, rollCorr=0.000 pitchCorr=0.000 m1=1.00 m2=0.80 m3=0.80 m4=1.00
[Wind Gust Test] delay 2000ms
[PHYSICS] pitch=0.00 deg, altFt=0.00 ft, dt=0.0170 s, rollCorr=0.000 pitchCorr=0.000 m1=1.00 m2=0.80 m3=0.80 m4=1.00
[PHYSICS] pitch=-0.06 deg, altFt=0.00 ft, dt=0.0190 s, rollCorr=-0.003 pitchCorr=0.000 m1=1.00 m2=0.83 m3=0.77 m4=1.00
[PHYSICS] pitch=-0.11 deg, altFt=0.00 ft, dt=0.0180 s, rollCorr=-0.014 pitchCorr=0.016 m1=1.00 m2=0.83 m3=0.77 m4=1.00
[PHYSICS] pitch=-0.17 deg, altFt=0.00 ft, dt=0.0180 s, rollCorr=-0.015 pitchCorr=0.017 m1=1.00 m2=0.83 m3=0.77 m4=1.00
[PHYSICS] pitch=-0.23 deg, altFt=0.00 ft, dt=0.0180 s, rollCorr=-0.015 pitchCorr=0.018 m1=1.00 m2=0.83 m3=0.77 m4=1.00
[PHYSICS] pitch=-0.29 deg, altFt=0.00 ft, dt=0.0180 s, rollCorr=-0.016 pitchCorr=0.018 m1=1.00 m2=0.84 m3=0.76 m4=1.00
[PHYSICS] pitch=-0.34 deg, altFt=0.00 ft, dt=0.0180 s, rollCorr=-0.016 pitchCorr=0.019 m1=1.00 m2=0.84 m3=0.76 m4=1.00
[PHYSICS] pitch=-0.40 deg, altFt=0.00 ft, dt=0.0180 s, rollCorr=-0.017 pitchCorr=0.019 m1=1.00 m2=0.84 m3=0.76 m4=1.00
[PHYSICS] pitch=-0.46 deg, altFt=0.00 ft, dt=0.0180 s, rollCorr=-0.017 pitchCorr=0.020 m1=1.00 m2=0.84 m3=0.76 m4=1.00
[PHYSICS] pitch=-0.52 deg, altFt=0.00 ft, dt=0.0170 s, rollCorr=-0.018 pitchCorr=0.021 m1=1.00 m2=0.84 m3=0.76 m4=1.00
[PHYSICS] pitch=-0.57 deg, altFt=0.00 ft, dt=0.0180 s, rollCorr=-0.019 pitchCorr=0.022 m1=1.00 m2=0.84 m3=0.76 m4=1.00
[PHYSICS] pitch=-0.63 deg, altFt=0.00 ft, dt=0.0180 s, rollCorr=-0.019 pitchCorr=0.022 m1=1.00 m2=0.84 m3=0.76 m4=1.00
[PHYSICS] pitch=-0.69 deg, altFt=0.00 ft, dt=0.0180 s, rollCorr=-0.019 pitchCorr=0.022 m1=1.00 m2=0.84 m3=0.76 m4=1.00
[PHYSICS] pitch=-0.74 deg, altFt=0.00 ft, dt=0.0180 s, rollCorr=-0.020 pitchCorr=0.023 m1=1.00 m2=0.84 m3=0.76 m4=1.00
[PHYSICS] pitch=-0.80 deg, altFt=0.00 ft, dt=0.0180 s, rollCorr=-0.020 pitchCorr=0.023 m1=1.00 m2=0.85 m3=0.75 m4=1.00
[PHYSICS] pitch=-0.86 deg, altFt=0.00 ft, dt=0.0180 s, rollCorr=-0.021 pitchCorr=0.024 m1=1.00 m2=0.85 m3=0.75 m4=1.00
[PHYSICS] pitch=-0.92 deg, altFt=0.00 ft, dt=0.0180 s, rollCorr=-0.021 pitchCorr=0.025 m1=1.00 m2=0.85 m3=0.75 m4=1.00
[PHYSICS] pitch=-0.97 deg, altFt=0.00 ft, dt=0.0180 s, rollCorr=-0.022 pitchCorr=0.025 m1=1.00 m2=0.85 m3=0.75 m4=1.00
[PHYSICS] pitch=-1.03 deg, altFt=0.00 ft, dt=0.0180 s, rollCorr=-0.022 pitchCorr=0.026 m1=1.00 m2=0.85 m3=0.75 m4=1.00
[PHYSICS] pitch=-1.09 deg, altFt=0.00 ft, dt=0.0180 s, rollCorr=-0.023 pitchCorr=0.026 m1=1.00 m2=0.85 m3=0.75 m4=1.00
[PHYSICS] pitch=-1.15 deg, altFt=0.00 ft, dt=0.0180 s, rollCorr=-0.024 pitchCorr=0.027 m1=1.00 m2=0.85 m3=0.75 m4=1.00
[PHYSICS] pitch=-1.20 deg, altFt=0.00 ft, dt=0.0180 s, rollCorr=-0.024 pitchCorr=0.028 m1=1.00 m2=0.85 m3=0.75 m4=1.00
[PHYSICS] pitch=-1.26 deg, altFt=0.00 ft, dt=0.0180 s, rollCorr=-0.025 pitchCorr=0.028 m1=1.00 m2=0.85 m3=0.75 m4=1.00
[PHYSICS] pitch=-1.32 deg, altFt=0.00 ft, dt=0.0180 s, rollCorr=-0.025 pitchCorr=0.029 m1=1.00 m2=0.85 m3=0.75 m4=1.00
[PHYSICS] pitch=-1.37 deg, altFt=0.00 ft, dt=0.0180 s, rollCorr=-0.026 pitchCorr=0.029 m1=1.00 m2=0.86 m3=0.74 m4=1.00
[PHYSICS] pitch=-1.43 deg, altFt=0.00 ft, dt=0.0180 s, rollCorr=-0.026 pitchCorr=0.030 m1=1.00 m2=0.86 m3=0.74 m4=1.00
[PHYSICS] pitch=-1.49 deg, altFt=0.00 ft, dt=0.0180 s, rollCorr=-0.027 pitchCorr=0.031 m1=1.00 m2=0.86 m3=0.74 m4=1.00
[PHYSICS] pitch=-1.55 deg, altFt=0.00 ft, dt=0.0180 s, rollCorr=-0.027 pitchCorr=0.031 m1=1.00 m2=0.86 m3=0.74 m4=1.00
[PHYSICS] pitch=-1.60 deg, altFt=0.00 ft, dt=0.0180 s, rollCorr=-0.028 pitchCorr=0.032 m1=1.00 m2=0.86 m3=0.74 m4=1.00
[PHYSICS] pitch=-1.66 deg, altFt=0.00 ft, dt=0.0180 s, rollCorr=-0.028 pitchCorr=0.032 m1=1.00 m2=0.86 m3=0.74 m4=1.00
[PHYSICS] pitch=-1.72 deg, altFt=0.00 ft, dt=0.0180 s, rollCorr=-0.029 pitchCorr=0.033 m1=1.00 m2=0.86 m3=0.74 m4=1.00
[PHYSICS] pitch=-1.78 deg, altFt=0.00 ft, dt=0.0180 s, rollCorr=-0.029 pitchCorr=0.034 m1=1.00 m2=0.86 m3=0.74 m4=1.00
[PHYSICS] pitch=-1.83 deg, altFt=0.00 ft, dt=0.0180 s, rollCorr=-0.030 pitchCorr=0.034 m1=1.00 m2=0.86 m3=0.74 m4=1.00
[PHYSICS] pitch=-1.89 deg, altFt=0.00 ft, dt=0.0180 s, rollCorr=-0.030 pitchCorr=0.035 m1=1.00 m2=0.87 m3=0.73 m4=1.00
[PHYSICS] pitch=-1.95 deg, altFt=0.00 ft, dt=0.0180 s, rollCorr=-0.031 pitchCorr=0.035 m1=1.00 m2=0.87 m3=0.73 m4=1.00
[PHYSICS] pitch=-2.00 deg, altFt=0.00 ft, dt=0.0180 s, rollCorr=-0.031 pitchCorr=0.036 m1=1.00 m2=0.87 m3=0.73 m4=1.00
[PHYSICS] pitch=-2.06 deg, altFt=0.00 ft, dt=0.0180 s, rollCorr=-0.032 pitchCorr=0.037 m1=1.00 m2=0.87 m3=0.73 m4=1.00
[PHYSICS] pitch=-2.12 deg, altFt=0.00 ft, dt=0.0180 s, rollCorr=-0.032 pitchCorr=0.037 m1=1.00 m2=0.87 m3=0.73 m4=1.00
[PHYSICS] pitch=-2.18 deg, altFt=0.00 ft, dt=0.0180 s, rollCorr=-0.033 pitchCorr=0.038 m1=1.00 m2=0.87 m3=0.73 m4=1.00
[PHYSICS] pitch=-2.23 deg, altFt=0.00 ft, dt=0.0180 s, rollCorr=-0.033 pitchCorr=0.038 m1=1.00 m2=0.87 m3=0.73 m4=1.00
[PHYSICS] pitch=-2.29 deg, altFt=0.00 ft, dt=0.0180 s, rollCorr=-0.034 pitchCorr=0.039 m1=1.00 m2=0.87 m3=0.73 m4=1.00
[PHYSICS] pitch=-2.35 deg, altFt=0.00 ft, dt=0.0180 s, rollCorr=-0.034 pitchCorr=0.040 m1=1.00 m2=0.88 m3=0.72 m4=1.00
[PHYSICS] pitch=-2.41 deg, altFt=0.00 ft, dt=0.0180 s, rollCorr=-0.035 pitchCorr=0.040 m1=1.00 m2=0.88 m3=0.72 m4=1.00
[PHYSICS] pitch=-2.46 deg, altFt=0.00 ft, dt=0.0180 s, rollCorr=-0.035 pitchCorr=0.041 m1=1.00 m2=0.88 m3=0.72 m4=1.00
[PHYSICS] pitch=-2.52 deg, altFt=0.00 ft, dt=0.0180 s, rollCorr=-0.036 pitchCorr=0.042 m1=1.00 m2=0.88 m3=0.72 m4=1.00
[PHYSICS] pitch=-2.58 deg, altFt=0.00 ft, dt=0.0180 s, rollCorr=-0.036 pitchCorr=0.042 m1=1.00 m2=0.88 m3=0.72 m4=1.00
[PHYSICS] pitch=-2.63 deg, altFt=0.00 ft, dt=0.0180 s, rollCorr=-0.037 pitchCorr=0.043 m1=1.00 m2=0.88 m3=0.72 m4=1.00
[PHYSICS] pitch=-2.69 deg, altFt=0.00 ft, dt=0.0180 s, rollCorr=-0.037 pitchCorr=0.043 m1=1.00 m2=0.88 m3=0.72 m4=1.00
[PHYSICS] pitch=-2.75 deg, altFt=0.00 ft, dt=0.0180 s, rollCorr=-0.038 pitchCorr=0.044 m1=1.00 m2=0.88 m3=0.72 m4=1.00
[PHYSICS] pitch=-2.81 deg, altFt=0.00 ft, dt=0.0180 s, rollCorr=-0.038 pitchCorr=0.045 m1=1.00 m2=0.88 m3=0.72 m4=1.00
[PHYSICS] pitch=-2.86 deg, altFt=0.00 ft, dt=0.0180 s, rollCorr=-0.039 pitchCorr=0.045 m1=1.00 m2=0.89 m3=0.71 m4=1.00
[PHYSICS] pitch=-2.92 deg, altFt=0.00 ft, dt=0.0180 s, rollCorr=-0.040 pitchCorr=0.046 m1=1.00 m2=0.89 m3=0.71 m4=1.00
[PHYSICS] pitch=-2.98 deg, altFt=0.00 ft, dt=0.0180 s, rollCorr=-0.040 pitchCorr=0.046 m1=1.00 m2=0.89 m3=0.71 m4=1.00
[PHYSICS] pitch=-3.04 deg, altFt=0.00 ft, dt=0.0180 s, rollCorr=-0.041 pitchCorr=0.047 m1=1.00 m2=0.89 m3=0.71 m4=1.00
[PHYSICS] pitch=-3.09 deg, altFt=0.00 ft, dt=0.0180 s, rollCorr=-0.041 pitchCorr=0.048 m1=1.00 m2=0.89 m3=0.71 m4=1.00
[PHYSICS] pitch=-3.15 deg, altFt=0.00 ft, dt=0.0180 s, rollCorr=-0.042 pitchCorr=0.048 m1=1.00 m2=0.89 m3=0.71 m4=1.00
[PHYSICS] pitch=-3.21 deg, altFt=0.00 ft, dt=0.0180 s, rollCorr=-0.042 pitchCorr=0.049 m1=0.81 m2=1.00 m3=1.00 m4=0.79
[PHYSICS] pitch=-3.26 deg, altFt=0.00 ft, dt=0.0180 s, rollCorr=-0.043 pitchCorr=0.050 m1=0.81 m2=1.00 m3=1.00 m4=0.79
[PHYSICS] pitch=-3.32 deg, altFt=0.00 ft, dt=0.0180 s, rollCorr=-0.043 pitchCorr=0.050 m1=0.81 m2=1.00 m3=1.00 m4=0.79
[PHYSICS] pitch=-3.38 deg, altFt=0.00 ft, dt=0.0180 s, rollCorr=-0.044 pitchCorr=0.051 m1=0.81 m2=1.00 m3=1.00 m4=0.79
[PHYSICS] pitch=-3.44 deg, altFt=0.00 ft, dt=0.0180 s, rollCorr=-0.044 pitchCorr=0.051 m1=0.81 m2=1.00 m3=1.00 m4=0.79
[PHYSICS] pitch=-3.49 deg, altFt=0.00 ft, dt=0.0180 s, rollCorr=-0.045 pitchCorr=0.052 m1=0.81 m2=1.00 m3=1.00 m4=0.79
[PHYSICS] pitch=-3.55 deg, altFt=0.00 ft, dt=0.0180 s, rollCorr=-0.045 pitchCorr=0.053 m1=0.81 m2=1.00 m3=1.00 m4=0.79
[PHYSICS] pitch=-3.61 deg, altFt=0.00 ft, dt=0.0180 s, rollCorr=-0.046 pitchCorr=0.053 m1=0.81 m2=1.00 m3=1.00 m4=0.79
[PHYSICS] pitch=-3.66 deg, altFt=0.00 ft, dt=0.0180 s, rollCorr=-0.046 pitchCorr=0.054 m1=0.81 m2=1.00 m3=1.00 m4=0.79
[PHYSICS] pitch=-3.72 deg, altFt=0.00 ft, dt=0.0180 s, rollCorr=-0.047 pitchCorr=0.055 m1=0.81 m2=1.00 m3=1.00 m4=0.79
[PHYSICS] pitch=-3.78 deg, altFt=0.00 ft, dt=0.0180 s, rollCorr=-0.047 pitchCorr=0.055 m1=0.81 m2=1.00 m3=1.00 m4=0.79
[PHYSICS] pitch=-3.84 deg, altFt=0.00 ft, dt=0.0180 s, rollCorr=-0.048 pitchCorr=0.056 m1=0.81 m2=1.00 m3=1.00 m4=0.79
[PHYSICS] pitch=-3.89 deg, altFt=0.00 ft, dt=0.0180 s, rollCorr=-0.049 pitchCorr=0.057 m1=0.81 m2=1.00 m3=1.00 m4=0.79
[PHYSICS] pitch=-3.95 deg, altFt=0.00 ft, dt=0.0180 s, rollCorr=-0.049 pitchCorr=0.057 m1=0.81 m2=1.00 m3=1.00 m4=0.79
[PHYSICS] pitch=-4.01 deg, altFt=0.00 ft, dt=0.0180 s, rollCorr=-0.050 pitchCorr=0.058 m1=0.81 m2=1.00 m3=1.00 m4=0.79
[PHYSICS] pitch=-4.06 deg, altFt=0.00 ft, dt=0.0180 s, rollCorr=-0.050 pitchCorr=0.059 m1=0.81 m2=1.00 m3=1.00 m4=0.79
[PHYSICS] pitch=-4.12 deg, altFt=0.00 ft, dt=0.0180 s, rollCorr=-0.051 pitchCorr=0.059 m1=0.81 m2=1.00 m3=1.00 m4=0.79
[PHYSICS] pitch=-4.18 deg, altFt=0.00 ft, dt=0.0180 s, rollCorr=-0.051 pitchCorr=0.060 m1=0.81 m2=1.00 m3=1.00 m4=0.79
[PHYSICS] pitch=-4.24 deg, altFt=0.00 ft, dt=0.0180 s, rollCorr=-0.052 pitchCorr=0.060 m1=0.81 m2=1.00 m3=1.00 m4=0.79
[PHYSICS] pitch=-4.29 deg, altFt=0.00 ft, dt=0.0180 s, rollCorr=-0.052 pitchCorr=0.061 m1=0.81 m2=1.00 m3=1.00 m4=0.79
[PHYSICS] pitch=-4.35 deg, altFt=0.00 ft, dt=0.0180 s, rollCorr=-0.053 pitchCorr=0.062 m1=0.81 m2=1.00 m3=1.00 m4=0.79
[PHYSICS] pitch=-4.41 deg, altFt=0.00 ft, dt=0.0180 s, rollCorr=-0.053 pitchCorr=0.062 m1=0.81 m2=1.00 m3=1.00 m4=0.79
[PHYSICS] pitch=-4.46 deg, altFt=0.00 ft, dt=0.0180 s, rollCorr=-0.054 pitchCorr=0.063 m1=0.81 m2=1.00 m3=1.00 m4=0.79
[PHYSICS] pitch=-4.52 deg, altFt=0.00 ft, dt=0.0180 s, rollCorr=-0.054 pitchCorr=0.064 m1=0.81 m2=1.00 m3=1.00 m4=0.79
[PHYSICS] pitch=-4.58 deg, altFt=0.00 ft, dt=0.0180 s, rollCorr=-0.055 pitchCorr=0.064 m1=0.81 m2=1.00 m3=1.00 m4=0.79
[PHYSICS] pitch=-4.64 deg, altFt=0.00 ft, dt=0.0180 s, rollCorr=-0.056 pitchCorr=0.065 m1=0.81 m2=1.00 m3=1.00 m4=0.79
[PHYSICS] pitch=-4.69 deg, altFt=0.00 ft, dt=0.0180 s, rollCorr=-0.056 pitchCorr=0.066 m1=0.81 m2=1.00 m3=1.00 m4=0.79
[PHYSICS] pitch=-4.75 deg, altFt=0.00 ft, dt=0.0180 s, rollCorr=-0.057 pitchCorr=0.066 m1=0.81 m2=1.00 m3=1.00 m4=0.79
[PHYSICS] pitch=-4.81 deg, altFt=0.00 ft, dt=0.0180 s, rollCorr=-0.057 pitchCorr=0.067 m1=0.81 m2=1.00 m3=1.00 m4=0.79
[PHYSICS] pitch=-4.86 deg, altFt=0.00 ft, dt=0.0180 s, rollCorr=-0.058 pitchCorr=0.068 m1=0.81 m2=1.00 m3=1.00 m4=0.79
[PHYSICS] pitch=-4.92 deg, altFt=0.00 ft, dt=0.0180 s, rollCorr=-0.058 pitchCorr=0.068 m1=0.81 m2=1.00 m3=1.00 m4=0.79
[PHYSICS] pitch=-4.98 deg, altFt=0.00 ft, dt=0.0180 s, rollCorr=-0.059 pitchCorr=0.069 m1=0.81 m2=1.00 m3=1.00 m4=0.79
[PHYSICS] pitch=-5.04 deg, altFt=0.00 ft, dt=0.0180 s, rollCorr=-0.059 pitchCorr=0.070 m1=0.81 m2=1.00 m3=1.00 m4=0.79
[PHYSICS] pitch=-5.09 deg, altFt=0.00 ft, dt=0.0180 s, rollCorr=-0.060 pitchCorr=0.070 m1=0.81 m2=1.00 m3=1.00 m4=0.79
[PHYSICS] pitch=-5.15 deg, altFt=0.00 ft, dt=0.0180 s, rollCorr=-0.060 pitchCorr=0.071 m1=0.81 m2=1.00 m3=1.00 m4=0.79
[PHYSICS] pitch=-5.21 deg, altFt=0.00 ft, dt=0.0180 s, rollCorr=-0.061 pitchCorr=0.072 m1=0.81 m2=1.00 m3=1.00 m4=0.79
[PHYSICS] pitch=-5.26 deg, altFt=0.00 ft, dt=0.0180 s, rollCorr=-0.062 pitchCorr=0.072 m1=0.81 m2=1.00 m3=1.00 m4=0.79
[PHYSICS] pitch=-5.32 deg, altFt=0.00 ft, dt=0.0180 s, rollCorr=-0.062 pitchCorr=0.073 m1=0.81 m2=1.00 m3=1.00 m4=0.79
[PHYSICS] pitch=-5.38 deg, altFt=0.00 ft, dt=0.0180 s, rollCorr=-0.063 pitchCorr=0.074 m1=0.81 m2=1.00 m3=1.00 m4=0.79
[PHYSICS] pitch=-5.43 deg, altFt=0.00 ft, dt=0.0180 s, rollCorr=-0.063 pitchCorr=0.074 m1=0.81 m2=1.00 m3=1.00 m4=0.79
[PHYSICS] pitch=-5.49 deg, altFt=0.00 ft, dt=0.0180 s, rollCorr=-0.064 pitchCorr=0.075 m1=0.81 m2=1.00 m3=1.00 m4=0.79
[PHYSICS] pitch=-5.55 deg, altFt=0.00 ft, dt=0.0180 s, rollCorr=-0.064 pitchCorr=0.076 m1=0.81 m2=1.00 m3=1.00 m4=0.79
[PHYSICS] pitch=-5.61 deg, altFt=0.00 ft, dt=0.0180 s, rollCorr=-0.065 pitchCorr=0.076 m1=0.81 m2=1.00 m3=1.00 m4=0.79
[PHYSICS] pitch=-5.66 deg, altFt=0.00 ft, dt=0.0180 s, rollCorr=-0.065 pitchCorr=0.077 m1=0.81 m2=1.00 m3=1.00 m4=0.79
[PHYSICS] pitch=-5.72 deg, altFt=0.00 ft, dt=0.0180 s, rollCorr=-0.066 pitchCorr=0.078 m1=0.81 m2=1.00 m3=1.00 m4=0.79
[PHYSICS] pitch=-5.78 deg, altFt=0.00 ft, dt=0.0180 s, rollCorr=-0.067 pitchCorr=0.078 m1=0.81 m2=1.00 m3=1.00 m4=0.79
[PHYSICS] pitch=-5.83 deg, altFt=0.00 ft, dt=0.0180 s, rollCorr=-0.067 pitchCorr=0.079 m1=0.81 m2=1.00 m3=1.00 m4=0.79
[PHYSICS] pitch=-5.89 deg, altFt=0.00 ft, dt=0.0180 s, rollCorr=-0.068 pitchCorr=0.080 m1=0.81 m2=1.00 m3=1.00 m4=0.79
[PHYSICS] pitch=-5.95 deg, altFt=0.00 ft, dt=0.0180 s, rollCorr=-0.068 pitchCorr=0.080 m1=0.81 m2=1.00 m3=1.00 m4=0.79
[PHYSICS] pitch=-6.00 deg, altFt=0.00 ft, dt=0.0180 s, rollCorr=-0.069 pitchCorr=0.081 m1=0.81 m2=1.00 m3=1.00 m4=0.79
[PHYSICS] pitch=-6.06 deg, altFt=0.00 ft, dt=0.0180 s, rollCorr=-0.069 pitchCorr=0.082 m1=0.81 m2=1.00 m3=1.00 m4=0.79
[PHYSICS] pitch=-6.12 deg, altFt=0.00 ft, dt=0.0180 s, rollCorr=-0.070 pitchCorr=0.082 m1=0.81 m2=1.00 m3=1.00 m4=0.79
[PHYSICS] pitch=-6.18 deg, altFt=0.00 ft, dt=0.0180 s, rollCorr=-0.070 pitchCorr=0.083 m1=0.81 m2=1.00 m3=1.00 m4=0.79
[PHYSICS] pitch=-6.23 deg, altFt=0.00 ft, dt=0.0180 s, rollCorr=-0.071 pitchCorr=0.084 m1=0.81 m2=1.00 m3=1.00 m4=0.79
[PHYSICS] pitch=-6.29 deg, altFt=0.00 ft, dt=0.0180 s, rollCorr=-0.072 pitchCorr=0.084 m1=0.81 m2=1.00 m3=1.00 m4=0.79
[Wind Gust Test] delay 30000ms
[PHYSICS] pitch=-6.35 deg, altFt=0.00 ft, dt=0.0180 s, rollCorr=-0.072 pitchCorr=0.085 m1=0.81 m2=1.00 m3=1.00 m4=0.79
[PHYSICS] pitch=-6.30 deg, altFt=0.00 ft, dt=0.0180 s, rollCorr=-0.073 pitchCorr=0.086 m1=0.81 m2=1.00 m3=1.00 m4=0.79
[PHYSICS] pitch=-6.26 deg, altFt=0.00 ft, dt=0.0180 s, rollCorr=-0.049 pitchCorr=0.058 m1=0.81 m2=1.00 m3=1.00 m4=0.79
[PHYSICS] pitch=-6.22 deg, altFt=0.00 ft, dt=0.0180 s, rollCorr=-0.049 pitchCorr=0.057 m1=0.81 m2=1.00 m3=1.00 m4=0.79
[PHYSICS] pitch=-6.17 deg, altFt=0.00 ft, dt=0.0180 s, rollCorr=-0.048 pitchCorr=0.057 m1=0.81 m2=1.00 m3=1.00 m4=0.79
[PHYSICS] pitch=-6.13 deg, altFt=0.00 ft, dt=0.0180 s, rollCorr=-0.048 pitchCorr=0.057 m1=0.81 m2=1.00 m3=1.00 m4=0.79
[PHYSICS] pitch=-6.09 deg, altFt=0.00 ft, dt=0.0180 s, rollCorr=-0.048 pitchCorr=0.056 m1=0.81 m2=1.00 m3=1.00 m4=0.79
[PHYSICS] pitch=-6.04 deg, altFt=0.00 ft, dt=0.0180 s, rollCorr=-0.048 pitchCorr=0.056 m1=0.81 m2=1.00 m3=1.00 m4=0.79
[PHYSICS] pitch=-6.00 deg, altFt=0.00 ft, dt=0.0180 s, rollCorr=-0.047 pitchCorr=0.056 m1=0.81 m2=1.00 m3=1.00 m4=0.79
[PHYSICS] pitch=-5.96 deg, altFt=0.00 ft, dt=0.0180 s, rollCorr=-0.047 pitchCorr=0.055 m1=0.81 m2=1.00 m3=1.00 m4=0.79
[PHYSICS] pitch=-5.92 deg, altFt=0.00 ft, dt=0.0180 s, rollCorr=-0.047 pitchCorr=0.055 m1=0.81 m2=1.00 m3=1.00 m4=0.79
[PHYSICS] pitch=-5.87 deg, altFt=0.00 ft, dt=0.0180 s, rollCorr=-0.047 pitchCorr=0.055 m1=0.81 m2=1.00 m3=1.00 m4=0.79
[PHYSICS] pitch=-5.83 deg, altFt=0.00 ft, dt=0.0180 s, rollCorr=-0.046 pitchCorr=0.054 m1=0.81 m2=1.00 m3=1.00 m4=0.79
[PHYSICS] pitch=-5.79 deg, altFt=0.00 ft, dt=0.0180 s, rollCorr=-0.046 pitchCorr=0.054 m1=0.81 m2=1.00 m3=1.00 m4=0.79
[PHYSICS] pitch=-5.74 deg, altFt=0.00 ft, dt=0.0180 s, rollCorr=-0.046 pitchCorr=0.054 m1=0.81 m2=1.00 m3=1.00 m4=0.79
[PHYSICS] pitch=-5.70 deg, altFt=0.00 ft, dt=0.0180 s, rollCorr=-0.045 pitchCorr=0.053 m1=0.81 m2=1.00 m3=1.00 m4=0.79
[PHYSICS] pitch=-5.66 deg, altFt=0.00 ft, dt=0.0180 s, rollCorr=-0.045 pitchCorr=0.053 m1=0.81 m2=1.00 m3=1.00 m4=0.79
[PHYSICS] pitch=-5.61 deg, altFt=0.00 ft, dt=0.0180 s, rollCorr=-0.045 pitchCorr=0.053 m1=0.81 m2=1.00 m3=1.00 m4=0.79
[PHYSICS] pitch=-5.57 deg, altFt=0.00 ft, dt=0.0180 s, rollCorr=-0.045 pitchCorr=0.052 m1=0.81 m2=1.00 m3=1.00 m4=0.79
[PHYSICS] pitch=-5.53 deg, altFt=0.00 ft, dt=0.0180 s, rollCorr=-0.044 pitchCorr=0.052 m1=0.81 m2=1.00 m3=1.00 m4=0.79
[PHYSICS] pitch=-5.48 deg, altFt=0.00 ft, dt=0.0180 s, rollCorr=-0.044 pitchCorr=0.052 m1=0.81 m2=1.00 m3=1.00 m4=0.79
[PHYSICS] pitch=-5.44 deg, altFt=0.00 ft, dt=0.0180 s, rollCorr=-0.044 pitchCorr=0.051 m1=0.81 m2=1.00 m3=1.00 m4=0.79
[PHYSICS] pitch=-5.40 deg, altFt=0.00 ft, dt=0.0180 s, rollCorr=-0.043 pitchCorr=0.051 m1=0.81 m2=1.00 m3=1.00 m4=0.79
[PHYSICS] pitch=-5.35 deg, altFt=0.00 ft, dt=0.0180 s, rollCorr=-0.043 pitchCorr=0.051 m1=0.81 m2=1.00 m3=1.00 m4=0.79
[PHYSICS] pitch=-5.31 deg, altFt=0.00 ft, dt=0.0180 s, rollCorr=-0.043 pitchCorr=0.050 m1=0.81 m2=1.00 m3=1.00 m4=0.79
[PHYSICS] pitch=-5.27 deg, altFt=0.00 ft, dt=0.0180 s, rollCorr=-0.043 pitchCorr=0.050 m1=0.81 m2=1.00 m3=1.00 m4=0.79
[PHYSICS] pitch=-5.22 deg, altFt=0.00 ft, dt=0.0180 s, rollCorr=-0.042 pitchCorr=0.050 m1=0.81 m2=1.00 m3=1.00 m4=0.79
[PHYSICS] pitch=-5.18 deg, altFt=0.00 ft, dt=0.0180 s, rollCorr=-0.042 pitchCorr=0.049 m1=0.81 m2=1.00 m3=1.00 m4=0.79
[PHYSICS] pitch=-5.14 deg, altFt=0.00 ft, dt=0.0180 s, rollCorr=-0.042 pitchCorr=0.049 m1=0.81 m2=1.00 m3=1.00 m4=0.79
[PHYSICS] pitch=-5.09 deg, altFt=0.00 ft, dt=0.0180 s, rollCorr=-0.041 pitchCorr=0.049 m1=0.81 m2=1.00 m3=1.00 m4=0.79
[PHYSICS] pitch=-5.05 deg, altFt=0.00 ft, dt=0.0180 s, rollCorr=-0.041 pitchCorr=0.048 m1=0.81 m2=1.00 m3=1.00 m4=0.79
[PHYSICS] pitch=-5.01 deg, altFt=0.00 ft, dt=0.0180 s, rollCorr=-0.041 pitchCorr=0.048 m1=0.81 m2=1.00 m3=1.00 m4=0.79
[PHYSICS] pitch=-4.96 deg, altFt=0.00 ft, dt=0.0180 s, rollCorr=-0.040 pitchCorr=0.048 m1=0.81 m2=1.00 m3=1.00 m4=0.79
[PHYSICS] pitch=-4.92 deg, altFt=0.00 ft, dt=0.0180 s, rollCorr=-0.040 pitchCorr=0.047 m1=0.81 m2=1.00 m3=1.00 m4=0.79
[PHYSICS] pitch=-4.88 deg, altFt=0.00 ft, dt=0.0180 s, rollCorr=-0.040 pitchCorr=0.047 m1=0.81 m2=1.00 m3=1.00 m4=0.79
[PHYSICS] pitch=-4.83 deg, altFt=0.00 ft, dt=0.0180 s, rollCorr=-0.040 pitchCorr=0.047 m1=0.81 m2=1.00 m3=1.00 m4=0.79
[PHYSICS] pitch=-4.79 deg, altFt=0.00 ft, dt=0.0180 s, rollCorr=-0.039 pitchCorr=0.046 m1=0.81 m2=1.00 m3=1.00 m4=0.79
[PHYSICS] pitch=-4.75 deg, altFt=0.00 ft, dt=0.0180 s, rollCorr=-0.039 pitchCorr=0.046 m1=0.81 m2=1.00 m3=1.00 m4=0.79
[PHYSICS] pitch=-4.70 deg, altFt=0.00 ft, dt=0.0180 s, rollCorr=-0.039 pitchCorr=0.046 m1=0.81 m2=1.00 m3=1.00 m4=0.79
[PHYSICS] pitch=-4.66 deg, altFt=0.00 ft, dt=0.0180 s, rollCorr=-0.038 pitchCorr=0.045 m1=0.81 m2=1.00 m3=1.00 m4=0.79
[PHYSICS] pitch=-4.62 deg, altFt=0.00 ft, dt=0.0180 s, rollCorr=-0.038 pitchCorr=0.045 m1=0.81 m2=1.00 m3=1.00 m4=0.79
[PHYSICS] pitch=-4.57 deg, altFt=0.00 ft, dt=0.0180 s, rollCorr=-0.038 pitchCorr=0.044 m1=0.81 m2=1.00 m3=1.00 m4=0.79
[PHYSICS] pitch=-4.53 deg, altFt=0.00 ft, dt=0.0180 s, rollCorr=-0.038 pitchCorr=0.044 m1=0.81 m2=1.00 m3=1.00 m4=0.79
[PHYSICS] pitch=-4.49 deg, altFt=0.00 ft, dt=0.0180 s, rollCorr=-0.037 pitchCorr=0.044 m1=0.81 m2=1.00 m3=1.00 m4=0.79
[PHYSICS] pitch=-4.44 deg, altFt=0.00 ft, dt=0.0180 s, rollCorr=-0.037 pitchCorr=0.043 m1=0.81 m2=1.00 m3=1.00 m4=0.79
[PHYSICS] pitch=-4.40 deg, altFt=0.00 ft, dt=0.0180 s, rollCorr=-0.037 pitchCorr=0.043 m1=0.81 m2=1.00 m3=1.00 m4=0.79
[PHYSICS] pitch=-4.36 deg, altFt=0.00 ft, dt=0.0180 s, rollCorr=-0.036 pitchCorr=0.043 m1=0.81 m2=1.00 m3=1.00 m4=0.79
[PHYSICS] pitch=-4.31 deg, altFt=0.00 ft, dt=0.0180 s, rollCorr=-0.036 pitchCorr=0.042 m1=0.81 m2=1.00 m3=1.00 m4=0.79
[PHYSICS] pitch=-4.27 deg, altFt=0.00 ft, dt=0.0180 s, rollCorr=-0.036 pitchCorr=0.042 m1=0.81 m2=1.00 m3=1.00 m4=0.79
[PHYSICS] pitch=-4.23 deg, altFt=0.00 ft, dt=0.0180 s, rollCorr=-0.035 pitchCorr=0.042 m1=0.81 m2=1.00 m3=1.00 m4=0.79
[PHYSICS] pitch=-4.18 deg, altFt=0.00 ft, dt=0.0180 s, rollCorr=-0.035 pitchCorr=0.041 m1=0.81 m2=1.00 m3=1.00 m4=0.79
[PHYSICS] pitch=-4.14 deg, altFt=0.00 ft, dt=0.0180 s, rollCorr=-0.035 pitchCorr=0.041 m1=0.81 m2=1.00 m3=1.00 m4=0.79
[PHYSICS] pitch=-4.10 deg, altFt=0.00 ft, dt=0.0180 s, rollCorr=-0.034 pitchCorr=0.041 m1=0.81 m2=1.00 m3=1.00 m4=0.79
[PHYSICS] pitch=-4.05 deg, altFt=0.00 ft, dt=0.0180 s, rollCorr=-0.034 pitchCorr=0.040 m1=0.81 m2=1.00 m3=1.00 m4=0.79
[PHYSICS] pitch=-4.01 deg, altFt=0.00 ft, dt=0.0180 s, rollCorr=-0.034 pitchCorr=0.040 m1=0.81 m2=1.00 m3=1.00 m4=0.79
[PHYSICS] pitch=-3.97 deg, altFt=0.00 ft, dt=0.0180 s, rollCorr=-0.034 pitchCorr=0.039 m1=0.81 m2=1.00 m3=1.00 m4=0.79
[PHYSICS] pitch=-3.92 deg, altFt=0.00 ft, dt=0.0180 s, rollCorr=-0.033 pitchCorr=0.039 m1=0.81 m2=1.00 m3=1.00 m4=0.79
[PHYSICS] pitch=-3.88 deg, altFt=0.00 ft, dt=0.0180 s, rollCorr=-0.033 pitchCorr=0.039 m1=0.81 m2=1.00 m3=1.00 m4=0.79
[PHYSICS] pitch=-3.84 deg, altFt=0.00 ft, dt=0.0180 s, rollCorr=-0.033 pitchCorr=0.038 m1=0.81 m2=1.00 m3=1.00 m4=0.79
[PHYSICS] pitch=-3.79 deg, altFt=0.00 ft, dt=0.0180 s, rollCorr=-0.032 pitchCorr=0.038 m1=0.81 m2=1.00 m3=1.00 m4=0.79
[PHYSICS] pitch=-3.75 deg, altFt=0.00 ft, dt=0.0180 s, rollCorr=-0.032 pitchCorr=0.038 m1=0.81 m2=1.00 m3=1.00 m4=0.79
[PHYSICS] pitch=-3.71 deg, altFt=0.00 ft, dt=0.0180 s, rollCorr=-0.032 pitchCorr=0.037 m1=0.81 m2=1.00 m3=1.00 m4=0.79
[PHYSICS] pitch=-3.66 deg, altFt=0.00 ft, dt=0.0180 s, rollCorr=-0.031 pitchCorr=0.037 m1=0.81 m2=1.00 m3=1.00 m4=0.79
[PHYSICS] pitch=-3.62 deg, altFt=0.00 ft, dt=0.0180 s, rollCorr=-0.031 pitchCorr=0.037 m1=0.81 m2=1.00 m3=1.00 m4=0.79
[PHYSICS] pitch=-3.58 deg, altFt=0.00 ft, dt=0.0180 s, rollCorr=-0.031 pitchCorr=0.036 m1=0.81 m2=1.00 m3=1.00 m4=0.79
[PHYSICS] pitch=-3.53 deg, altFt=0.00 ft, dt=0.0180 s, rollCorr=-0.030 pitchCorr=0.036 m1=0.81 m2=1.00 m3=1.00 m4=0.79
[PHYSICS] pitch=-3.49 deg, altFt=0.00 ft, dt=0.0180 s, rollCorr=-0.030 pitchCorr=0.035 m1=0.81 m2=1.00 m3=1.00 m4=0.79
[PHYSICS] pitch=-3.44 deg, altFt=0.00 ft, dt=0.0180 s, rollCorr=-0.030 pitchCorr=0.035 m1=0.81 m2=1.00 m3=1.00 m4=0.79
[PHYSICS] pitch=-3.40 deg, altFt=0.00 ft, dt=0.0180 s, rollCorr=-0.029 pitchCorr=0.035 m1=0.81 m2=1.00 m3=1.00 m4=0.79
[PHYSICS] pitch=-3.36 deg, altFt=0.00 ft, dt=0.0180 s, rollCorr=-0.029 pitchCorr=0.034 m1=0.81 m2=1.00 m3=1.00 m4=0.79
[PHYSICS] pitch=-3.31 deg, altFt=0.00 ft, dt=0.0180 s, rollCorr=-0.029 pitchCorr=0.034 m1=0.81 m2=1.00 m3=1.00 m4=0.79
[PHYSICS] pitch=-3.27 deg, altFt=0.00 ft, dt=0.0180 s, rollCorr=-0.029 pitchCorr=0.034 m1=0.80 m2=1.00 m3=1.00 m4=0.80
[PHYSICS] pitch=-3.23 deg, altFt=0.00 ft, dt=0.0180 s, rollCorr=-0.028 pitchCorr=0.033 m1=0.80 m2=1.00 m3=1.00 m4=0.80
[PHYSICS] pitch=-3.18 deg, altFt=0.00 ft, dt=0.0180 s, rollCorr=-0.028 pitchCorr=0.033 m1=0.80 m2=1.00 m3=1.00 m4=0.80
[PHYSICS] pitch=-3.14 deg, altFt=0.00 ft, dt=0.0180 s, rollCorr=-0.028 pitchCorr=0.032 m1=0.80 m2=1.00 m3=1.00 m4=0.80
[PHYSICS] pitch=-3.10 deg, altFt=0.00 ft, dt=0.0180 s, rollCorr=-0.027 pitchCorr=0.032 m1=0.80 m2=1.00 m3=1.00 m4=0.80
[PHYSICS] pitch=-3.05 deg, altFt=0.00 ft, dt=0.0180 s, rollCorr=-0.027 pitchCorr=0.032 m1=0.80 m2=1.00 m3=1.00 m4=0.80
[PHYSICS] pitch=-3.01 deg, altFt=0.00 ft, dt=0.0180 s, rollCorr=-0.027 pitchCorr=0.031 m1=0.80 m2=1.00 m3=1.00 m4=0.80
[PHYSICS] pitch=-2.97 deg, altFt=0.00 ft, dt=0.0180 s, rollCorr=-0.026 pitchCorr=0.031 m1=0.80 m2=1.00 m3=1.00 m4=0.80
[PHYSICS] pitch=-2.92 deg, altFt=0.00 ft, dt=0.0180 s, rollCorr=-0.026 pitchCorr=0.030 m1=0.80 m2=1.00 m3=1.00 m4=0.80
[PHYSICS] pitch=-2.88 deg, altFt=0.00 ft, dt=0.0180 s, rollCorr=-0.026 pitchCorr=0.030 m1=0.80 m2=1.00 m3=1.00 m4=0.80
[PHYSICS] pitch=-2.83 deg, altFt=0.00 ft, dt=0.0180 s, rollCorr=-0.025 pitchCorr=0.030 m1=0.80 m2=1.00 m3=1.00 m4=0.80
[PHYSICS] pitch=-2.79 deg, altFt=0.00 ft, dt=0.0180 s, rollCorr=-0.025 pitchCorr=0.029 m1=0.80 m2=1.00 m3=1.00 m4=0.80
[PHYSICS] pitch=-2.75 deg, altFt=0.00 ft, dt=0.0180 s, rollCorr=-0.025 pitchCorr=0.029 m1=0.80 m2=1.00 m3=1.00 m4=0.80
[PHYSICS] pitch=-2.70 deg, altFt=0.00 ft, dt=0.0180 s, rollCorr=-0.024 pitchCorr=0.029 m1=0.80 m2=1.00 m3=1.00 m4=0.80
[PHYSICS] pitch=-2.66 deg, altFt=0.00 ft, dt=0.0180 s, rollCorr=-0.024 pitchCorr=0.028 m1=0.80 m2=1.00 m3=1.00 m4=0.80
[PHYSICS] pitch=-2.62 deg, altFt=0.00 ft, dt=0.0180 s, rollCorr=-0.024 pitchCorr=0.028 m1=0.80 m2=1.00 m3=1.00 m4=0.80
[PHYSICS] pitch=-2.57 deg, altFt=0.00 ft, dt=0.0180 s, rollCorr=-0.023 pitchCorr=0.027 m1=0.80 m2=1.00 m3=1.00 m4=0.80
[PHYSICS] pitch=-2.53 deg, altFt=0.00 ft, dt=0.0180 s, rollCorr=-0.023 pitchCorr=0.027 m1=0.80 m2=1.00 m3=1.00 m4=0.80
[PHYSICS] pitch=-2.49 deg, altFt=0.00 ft, dt=0.0180 s, rollCorr=-0.023 pitchCorr=0.027 m1=0.80 m2=1.00 m3=1.00 m4=0.80
[PHYSICS] pitch=-2.44 deg, altFt=0.00 ft, dt=0.0180 s, rollCorr=-0.022 pitchCorr=0.026 m1=0.80 m2=1.00 m3=1.00 m4=0.80
[PHYSICS] pitch=-2.40 deg, altFt=0.00 ft, dt=0.0180 s, rollCorr=-0.022 pitchCorr=0.026 m1=0.80 m2=1.00 m3=1.00 m4=0.80
[PHYSICS] pitch=-2.36 deg, altFt=0.00 ft, dt=0.0180 s, rollCorr=-0.022 pitchCorr=0.025 m1=0.80 m2=1.00 m3=1.00 m4=0.80
[PHYSICS] pitch=-2.31 deg, altFt=0.00 ft, dt=0.0180 s, rollCorr=-0.021 pitchCorr=0.025 m1=0.80 m2=1.00 m3=1.00 m4=0.80
[PHYSICS] pitch=-2.27 deg, altFt=0.00 ft, dt=0.0180 s, rollCorr=-0.021 pitchCorr=0.025 m1=0.80 m2=1.00 m3=1.00 m4=0.80
[PHYSICS] pitch=-2.22 deg, altFt=0.00 ft, dt=0.0180 s, rollCorr=-0.021 pitchCorr=0.024 m1=0.80 m2=1.00 m3=1.00 m4=0.80
[PHYSICS] pitch=-2.18 deg, altFt=0.00 ft, dt=0.0180 s, rollCorr=-0.020 pitchCorr=0.024 m1=0.80 m2=1.00 m3=1.00 m4=0.80
[PHYSICS] pitch=-2.14 deg, altFt=0.00 ft, dt=0.0180 s, rollCorr=-0.020 pitchCorr=0.023 m1=0.80 m2=1.00 m3=1.00 m4=0.80
[PHYSICS] pitch=-2.09 deg, altFt=0.00 ft, dt=0.0180 s, rollCorr=-0.020 pitchCorr=0.023 m1=0.80 m2=1.00 m3=1.00 m4=0.80
[PHYSICS] pitch=-2.05 deg, altFt=0.00 ft, dt=0.0180 s, rollCorr=-0.019 pitchCorr=0.023 m1=0.80 m2=1.00 m3=1.00 m4=0.80
[PHYSICS] pitch=-2.01 deg, altFt=0.00 ft, dt=0.0180 s, rollCorr=-0.019 pitchCorr=0.022 m1=0.80 m2=1.00 m3=1.00 m4=0.80
[PHYSICS] pitch=-1.96 deg, altFt=0.00 ft, dt=0.0180 s, rollCorr=-0.019 pitchCorr=0.022 m1=0.80 m2=1.00 m3=1.00 m4=0.80
[PHYSICS] pitch=-1.92 deg, altFt=0.00 ft, dt=0.0180 s, rollCorr=-0.018 pitchCorr=0.021 m1=0.80 m2=1.00 m3=1.00 m4=0.80
[PHYSICS] pitch=-1.88 deg, altFt=0.00 ft, dt=0.0180 s, rollCorr=-0.018 pitchCorr=0.021 m1=0.80 m2=1.00 m3=1.00 m4=0.80
[PHYSICS] pitch=-1.83 deg, altFt=0.00 ft, dt=0.0180 s, rollCorr=-0.018 pitchCorr=0.021 m1=0.80 m2=1.00 m3=1.00 m4=0.80
[PHYSICS] pitch=-1.79 deg, altFt=0.00 ft, dt=0.0180 s, rollCorr=-0.017 pitchCorr=0.020 m1=0.80 m2=1.00 m3=1.00 m4=0.80
[PHYSICS] pitch=-1.74 deg, altFt=0.00 ft, dt=0.0180 s, rollCorr=-0.017 pitchCorr=0.020 m1=0.80 m2=1.00 m3=1.00 m4=0.80
[PHYSICS] pitch=-1.70 deg, altFt=0.00 ft, dt=0.0180 s, rollCorr=-0.017 pitchCorr=0.019 m1=0.80 m2=1.00 m3=1.00 m4=0.80
[PHYSICS] pitch=-1.66 deg, altFt=0.00 ft, dt=0.0180 s, rollCorr=-0.016 pitchCorr=0.019 m1=0.80 m2=1.00 m3=1.00 m4=0.80
[PHYSICS] pitch=-1.61 deg, altFt=0.00 ft, dt=0.0180 s, rollCorr=-0.016 pitchCorr=0.019 m1=0.80 m2=1.00 m3=1.00 m4=0.80
[PHYSICS] pitch=-1.57 deg, altFt=0.00 ft, dt=0.0180 s, rollCorr=-0.016 pitchCorr=0.018 m1=0.80 m2=1.00 m3=1.00 m4=0.80
[PHYSICS] pitch=-1.53 deg, altFt=0.00 ft, dt=0.0180 s, rollCorr=-0.015 pitchCorr=0.018 m1=0.80 m2=1.00 m3=1.00 m4=0.80
[PHYSICS] pitch=-1.48 deg, altFt=0.00 ft, dt=0.0180 s, rollCorr=-0.015 pitchCorr=0.017 m1=0.80 m2=1.00 m3=1.00 m4=0.80
[PHYSICS] pitch=-1.44 deg, altFt=0.00 ft, dt=0.0180 s, rollCorr=-0.014 pitchCorr=0.017 m1=0.80 m2=1.00 m3=1.00 m4=0.80
[PHYSICS] pitch=-1.40 deg, altFt=0.00 ft, dt=0.0180 s, rollCorr=-0.014 pitchCorr=0.017 m1=0.80 m2=1.00 m3=1.00 m4=0.80
[PHYSICS] pitch=-1.35 deg, altFt=0.00 ft, dt=0.0180 s, rollCorr=-0.014 pitchCorr=0.016 m1=0.80 m2=1.00 m3=1.00 m4=0.80
[PHYSICS] pitch=-1.31 deg, altFt=0.00 ft, dt=0.0180 s, rollCorr=-0.013 pitchCorr=0.016 m1=0.80 m2=1.00 m3=1.00 m4=0.80
[PHYSICS] pitch=-1.26 deg, altFt=0.00 ft, dt=0.0180 s, rollCorr=-0.013 pitchCorr=0.015 m1=0.80 m2=1.00 m3=1.00 m4=0.80
[PHYSICS] pitch=-1.22 deg, altFt=0.00 ft, dt=0.0180 s, rollCorr=-0.013 pitchCorr=0.015 m1=0.80 m2=1.00 m3=1.00 m4=0.80
[PHYSICS] pitch=-1.18 deg, altFt=0.00 ft, dt=0.0180 s, rollCorr=-0.012 pitchCorr=0.014 m1=0.80 m2=1.00 m3=1.00 m4=0.80
[PHYSICS] pitch=-1.13 deg, altFt=0.00 ft, dt=0.0180 s, rollCorr=-0.012 pitchCorr=0.014 m1=0.80 m2=1.00 m3=1.00 m4=0.80
[PHYSICS] pitch=-1.09 deg, altFt=0.00 ft, dt=0.0180 s, rollCorr=-0.012 pitchCorr=0.014 m1=0.80 m2=1.00 m3=1.00 m4=0.80
[PHYSICS] pitch=-1.05 deg, altFt=0.00 ft, dt=0.0180 s, rollCorr=-0.011 pitchCorr=0.013 m1=0.80 m2=1.00 m3=1.00 m4=0.80
[PHYSICS] pitch=-1.00 deg, altFt=0.00 ft, dt=0.0180 s, rollCorr=-0.011 pitchCorr=0.013 m1=0.80 m2=1.00 m3=1.00 m4=0.80
[PHYSICS] pitch=-0.96 deg, altFt=0.00 ft, dt=0.0180 s, rollCorr=-0.011 pitchCorr=0.012 m1=0.80 m2=1.00 m3=1.00 m4=0.80
[PHYSICS] pitch=-0.91 deg, altFt=0.00 ft, dt=0.0180 s, rollCorr=-0.010 pitchCorr=0.012 m1=0.80 m2=1.00 m3=1.00 m4=0.80
[PHYSICS] pitch=-0.87 deg, altFt=0.00 ft, dt=0.0180 s, rollCorr=-0.010 pitchCorr=0.012 m1=0.80 m2=1.00 m3=1.00 m4=0.80
[PHYSICS] pitch=-0.83 deg, altFt=0.00 ft, dt=0.0180 s, rollCorr=-0.010 pitchCorr=0.011 m1=0.80 m2=1.00 m3=1.00 m4=0.80
[PHYSICS] pitch=-0.78 deg, altFt=0.00 ft, dt=0.0180 s, rollCorr=-0.009 pitchCorr=0.011 m1=0.80 m2=1.00 m3=1.00 m4=0.80
[PHYSICS] pitch=-0.74 deg, altFt=0.00 ft, dt=0.0180 s, rollCorr=-0.009 pitchCorr=0.010 m1=0.80 m2=1.00 m3=1.00 m4=0.80
[PHYSICS] pitch=-0.70 deg, altFt=0.00 ft, dt=0.0180 s, rollCorr=-0.008 pitchCorr=0.010 m1=0.80 m2=1.00 m3=1.00 m4=0.80
[PHYSICS] pitch=-0.65 deg, altFt=0.00 ft, dt=0.0180 s, rollCorr=-0.008 pitchCorr=0.009 m1=0.80 m2=1.00 m3=1.00 m4=0.80
[PHYSICS] pitch=-0.61 deg, altFt=0.00 ft, dt=0.0180 s, rollCorr=-0.008 pitchCorr=0.009 m1=0.80 m2=1.00 m3=1.00 m4=0.80
[PHYSICS] pitch=-0.56 deg, altFt=0.00 ft, dt=0.0180 s, rollCorr=-0.007 pitchCorr=0.009 m1=0.80 m2=1.00 m3=1.00 m4=0.80
[PHYSICS] pitch=-0.52 deg, altFt=0.00 ft, dt=0.0180 s, rollCorr=-0.007 pitchCorr=0.008 m1=0.80 m2=1.00 m3=1.00 m4=0.80
[PHYSICS] pitch=-0.48 deg, altFt=0.00 ft, dt=0.0180 s, rollCorr=-0.007 pitchCorr=0.008 m1=0.80 m2=1.00 m3=1.00 m4=0.80
[PHYSICS] pitch=-0.43 deg, altFt=0.00 ft, dt=0.0180 s, rollCorr=-0.006 pitchCorr=0.007 m1=0.80 m2=1.00 m3=1.00 m4=0.80
[PHYSICS] pitch=-0.39 deg, altFt=0.00 ft, dt=0.0180 s, rollCorr=-0.006 pitchCorr=0.007 m1=0.80 m2=1.00 m3=1.00 m4=0.80
[PHYSICS] pitch=-0.35 deg, altFt=0.00 ft, dt=0.0180 s, rollCorr=-0.006 pitchCorr=0.006 m1=0.80 m2=1.00 m3=1.00 m4=0.80
[PHYSICS] pitch=-0.30 deg, altFt=0.00 ft, dt=0.0180 s, rollCorr=-0.005 pitchCorr=0.006 m1=0.80 m2=1.00 m3=1.00 m4=0.80
[PHYSICS] pitch=-0.26 deg, altFt=0.00 ft, dt=0.0180 s, rollCorr=-0.005 pitchCorr=0.006 m1=0.80 m2=1.00 m3=1.00 m4=0.80
[PHYSICS] pitch=-0.22 deg, altFt=0.00 ft, dt=0.0180 s, rollCorr=-0.004 pitchCorr=0.005 m1=0.80 m2=1.00 m3=1.00 m4=0.80
[PHYSICS] pitch=-0.17 deg, altFt=0.00 ft, dt=0.0180 s, rollCorr=-0.004 pitchCorr=0.005 m1=0.80 m2=1.00 m3=1.00 m4=0.80
[PHYSICS] pitch=-0.13 deg, altFt=0.00 ft, dt=0.0180 s, rollCorr=-0.004 pitchCorr=0.004 m1=0.80 m2=1.00 m3=1.00 m4=0.80
[PHYSICS] pitch=-0.08 deg, altFt=0.00 ft, dt=0.0180 s, rollCorr=-0.003 pitchCorr=0.004 m1=0.80 m2=1.00 m3=1.00 m4=0.80
[PHYSICS] pitch=-0.04 deg, altFt=0.00 ft, dt=0.0180 s, rollCorr=-0.003 pitchCorr=0.003 m1=0.80 m2=1.00 m3=1.00 m4=0.80
[PHYSICS] pitch=0.00 deg, altFt=0.00 ft, dt=0.0180 s, rollCorr=-0.003 pitchCorr=0.003 m1=0.80 m2=1.00 m3=1.00 m4=0.80
[PHYSICS] pitch=-0.04 deg, altFt=0.00 ft, dt=0.0180 s, rollCorr=-0.002 pitchCorr=0.003 m1=0.80 m2=1.00 m3=1.00 m4=0.80
[PHYSICS] pitch=0.00 deg, altFt=0.00 ft, dt=0.0180 s, rollCorr=-0.023 pitchCorr=0.027 m1=0.80 m2=1.00 m3=1.00 m4=0.80
[PHYSICS] pitch=-0.04 deg, altFt=0.00 ft, dt=0.0180 s, rollCorr=-0.002 pitchCorr=0.003 m1=0.80 m2=1.00 m3=1.00 m4=0.80
[PHYSICS] pitch=0.00 deg, altFt=0.00 ft, dt=0.0180 s, rollCorr=-0.023 pitchCorr=0.027 m1=0.80 m2=1.00 m3=1.00 m4=0.80
[PHYSICS] pitch=-0.04 deg, altFt=0.00 ft, dt=0.0180 s, rollCorr=-0.002 pitchCorr=0.003 m1=0.80 m2=1.00 m3=1.00 m4=0.80
[PHYSICS] pitch=0.00 deg, altFt=0.00 ft, dt=0.0180 s, rollCorr=-0.023 pitchCorr=0.027 m1=0.80 m2=1.00 m3=1.00 m4=0.80
[PHYSICS] pitch=-0.04 deg, altFt=0.00 ft, dt=0.0180 s, rollCorr=-0.002 pitchCorr=0.003 m1=0.80 m2=1.00 m3=1.00 m4=0.80
[PHYSICS] pitch=0.00 deg, altFt=0.00 ft, dt=0.0180 s, rollCorr=-0.023 pitchCorr=0.027 m1=0.80 m2=1.00 m3=1.00 m4=0.80
[PHYSICS] pitch=-0.04 deg, altFt=0.00 ft, dt=0.0180 s, rollCorr=-0.002 pitchCorr=0.003 m1=0.80 m2=1.00 m3=1.00 m4=0.80
[PHYSICS] pitch=0.00 deg, altFt=0.00 ft, dt=0.0180 s, rollCorr=-0.023 pitchCorr=0.027 m1=0.80 m2=1.00 m3=1.00 m4=0.80
[PHYSICS] pitch=-0.04 deg, altFt=0.00 ft, dt=0.0180 s, rollCorr=-0.002 pitchCorr=0.003 m1=0.80 m2=1.00 m3=1.00 m4=0.80
[PHYSICS] pitch=0.00 deg, altFt=0.00 ft, dt=0.0180 s, rollCorr=-0.023 pitchCorr=0.027 m1=0.80 m2=1.00 m3=1.00 m4=0.80
[PHYSICS] pitch=-0.04 deg, altFt=0.00 ft, dt=0.0180 s, rollCorr=-0.002 pitchCorr=0.003 m1=0.80 m2=1.00 m3=1.00 m4=0.80
[PHYSICS] pitch=0.00 deg, altFt=0.00 ft, dt=0.0180 s, rollCorr=-0.023 pitchCorr=0.027 m1=0.80 m2=1.00 m3=1.00 m4=0.80
[PHYSICS] pitch=-0.04 deg, altFt=0.00 ft, dt=0.0180 s, rollCorr=-0.002 pitchCorr=0.003 m1=0.80 m2=1.00 m3=1.00 m4=0.80
[PHYSICS] pitch=0.00 deg, altFt=0.00 ft, dt=0.0180 s, rollCorr=-0.023 pitchCorr=0.027 m1=0.80 m2=1.00 m3=1.00 m4=0.80
[PHYSICS] pitch=-0.04 deg, altFt=0.00 ft, dt=0.0180 s, rollCorr=-0.002 pitchCorr=0.003 m1=0.80 m2=1.00 m3=1.00 m4=0.80
[PHYSICS] pitch=0.00 deg, altFt=0.00 ft, dt=0.0180 s, rollCorr=-0.023 pitchCorr=0.027 m1=0.80 m2=1.00 m3=1.00 m4=0.80
[PHYSICS] pitch=-0.04 deg, altFt=0.00 ft, dt=0.0180 s, rollCorr=-0.002 pitchCorr=0.003 m1=0.80 m2=1.00 m3=1.00 m4=0.80
[PHYSICS] pitch=0.00 deg, altFt=0.00 ft, dt=0.0180 s, rollCorr=-0.023 pitchCorr=0.027 m1=0.80 m2=1.00 m3=1.00 m4=0.80
[PHYSICS] pitch=-0.04 deg, altFt=0.00 ft, dt=0.0180 s, rollCorr=-0.002 pitchCorr=0.003 m1=0.80 m2=1.00 m3=1.00 m4=0.80
[PHYSICS] pitch=0.00 deg, altFt=0.00 ft, dt=0.0180 s, rollCorr=-0.023 pitchCorr=0.027 m1=0.80 m2=1.00 m3=1.00 m4=0.80
[PHYSICS] pitch=-0.04 deg, altFt=0.00 ft, dt=0.0180 s, rollCorr=-0.002 pitchCorr=0.003 m1=0.80 m2=1.00 m3=1.00 m4=0.80
[PHYSICS] pitch=0.00 deg, altFt=0.00 ft, dt=0.0180 s, rollCorr=-0.023 pitchCorr=0.027 m1=0.80 m2=1.00 m3=1.00 m4=0.80
[PHYSICS] pitch=-0.04 deg, altFt=0.00 ft, dt=0.0180 s, rollCorr=-0.002 pitchCorr=0.003 m1=0.80 m2=1.00 m3=1.00 m4=0.80
[PHYSICS] pitch=0.00 deg, altFt=0.00 ft, dt=0.0180 s, rollCorr=-0.023 pitchCorr=0.027 m1=0.80 m2=1.00 m3=1.00 m4=0.80
[PHYSICS] pitch=-0.04 deg, altFt=0.00 ft, dt=0.0180 s, rollCorr=-0.002 pitchCorr=0.003 m1=0.80 m2=1.00 m3=1.00 m4=0.80
[PHYSICS] pitch=0.00 deg, altFt=0.00 ft, dt=0.0180 s, rollCorr=-0.023 pitchCorr=0.027 m1=0.80 m2=1.00 m3=1.00 m4=0.80
[PHYSICS] pitch=-0.04 deg, altFt=0.00 ft, dt=0.0180 s, rollCorr=-0.002 pitchCorr=0.003 m1=0.80 m2=1.00 m3=1.00 m4=0.80
[PHYSICS] pitch=0.00 deg, altFt=0.00 ft, dt=0.0180 s, rollCorr=-0.023 pitchCorr=0.027 m1=0.80 m2=1.00 m3=1.00 m4=0.80
[PHYSICS] pitch=-0.04 deg, altFt=0.00 ft, dt=0.0180 s, rollCorr=-0.002 pitchCorr=0.003 m1=0.80 m2=1.00 m3=1.00 m4=0.80
[PHYSICS] pitch=0.00 deg, altFt=0.00 ft, dt=0.0180 s, rollCorr=-0.023 pitchCorr=0.027 m1=0.80 m2=1.00 m3=1.00 m4=0.80
[PHYSICS] pitch=-0.04 deg, altFt=0.00 ft, dt=0.0180 s, rollCorr=-0.002 pitchCorr=0.003 m1=0.80 m2=1.00 m3=1.00 m4=0.80
[PHYSICS] pitch=0.00 deg, altFt=0.00 ft, dt=0.0180 s, rollCorr=-0.023 pitchCorr=0.027 m1=0.80 m2=1.00 m3=1.00 m4=0.80
[PHYSICS] pitch=-0.04 deg, altFt=0.00 ft, dt=0.0180 s, rollCorr=-0.002 pitchCorr=0.003 m1=0.80 m2=1.00 m3=1.00 m4=0.80
[PHYSICS] pitch=0.00 deg, altFt=0.00 ft, dt=0.0180 s, rollCorr=-0.023 pitchCorr=0.027 m1=0.80 m2=1.00 m3=1.00 m4=0.80
[PHYSICS] pitch=-0.04 deg, altFt=0.00 ft, dt=0.0180 s, rollCorr=-0.002 pitchCorr=0.003 m1=0.80 m2=1.00 m3=1.00 m4=0.80
[PHYSICS] pitch=0.00 deg, altFt=0.00 ft, dt=0.0180 s, rollCorr=-0.023 pitchCorr=0.027 m1=0.80 m2=1.00 m3=1.00 m4=0.80
[PHYSICS] pitch=-0.04 deg, altFt=0.00 ft, dt=0.0180 s, rollCorr=-0.002 pitchCorr=0.003 m1=0.80 m2=1.00 m3=1.00 m4=0.80
[PHYSICS] pitch=0.00 deg, altFt=0.00 ft, dt=0.0180 s, rollCorr=-0.023 pitchCorr=0.027 m1=0.80 m2=1.00 m3=1.00 m4=0.80
[PHYSICS] pitch=-0.04 deg, altFt=0.00 ft, dt=0.0180 s, rollCorr=-0.002 pitchCorr=0.003 m1=0.80 m2=1.00 m3=1.00 m4=0.80
[PHYSICS] pitch=0.00 deg, altFt=0.00 ft, dt=0.0180 s, rollCorr=-0.023 pitchCorr=0.027 m1=0.80 m2=1.00 m3=1.00 m4=0.80
[PHYSICS] pitch=-0.04 deg, altFt=0.00 ft, dt=0.0180 s, rollCorr=-0.002 pitchCorr=0.003 m1=0.80 m2=1.00 m3=1.00 m4=0.80
[PHYSICS] pitch=0.00 deg, altFt=0.00 ft, dt=0.0180 s, rollCorr=-0.023 pitchCorr=0.027 m1=0.80 m2=1.00 m3=1.00 m4=0.80
[PHYSICS] pitch=-0.04 deg, altFt=0.00 ft, dt=0.0180 s, rollCorr=-0.002 pitchCorr=0.003 m1=0.80 m2=1.00 m3=1.00 m4=0.80
[PHYSICS] pitch=0.00 deg, altFt=0.00 ft, dt=0.0180 s, rollCorr=-0.023 pitchCorr=0.027 m1=0.80 m2=1.00 m3=1.00 m4=0.80
[PHYSICS] pitch=-0.04 deg, altFt=0.00 ft, dt=0.0180 s, rollCorr=-0.002 pitchCorr=0.003 m1=0.80 m2=1.00 m3=1.00 m4=0.80
[PHYSICS] pitch=0.00 deg, altFt=0.00 ft, dt=0.0180 s, rollCorr=-0.023 pitchCorr=0.027 m1=0.80 m2=1.00 m3=1.00 m4=0.80
[PHYSICS] pitch=-0.04 deg, altFt=0.00 ft, dt=0.0180 s, rollCorr=-0.002 pitchCorr=0.003 m1=0.80 m2=1.00 m3=1.00 m4=0.80
[PHYSICS] pitch=0.00 deg, altFt=0.00 ft, dt=0.0180 s, rollCorr=-0.023 pitchCorr=0.027 m1=0.80 m2=1.00 m3=1.00 m4=0.80
[PHYSICS] pitch=-0.04 deg, altFt=0.00 ft, dt=0.0180 s, rollCorr=-0.002 pitchCorr=0.003 m1=0.80 m2=1.00 m3=1.00 m4=0.80
[PHYSICS] pitch=0.00 deg, altFt=0.00 ft, dt=0.0180 s, rollCorr=-0.023 pitchCorr=0.027 m1=0.80 m2=1.00 m3=1.00 m4=0.80
[PHYSICS] pitch=-0.04 deg, altFt=0.00 ft, dt=0.0180 s, rollCorr=-0.002 pitchCorr=0.003 m1=0.80 m2=1.00 m3=1.00 m4=0.80
[PHYSICS] pitch=0.00 deg, altFt=0.00 ft, dt=0.0180 s, rollCorr=-0.023 pitchCorr=0.027 m1=0.80 m2=1.00 m3=1.00 m4=0.80
[PHYSICS] pitch=-0.04 deg, altFt=0.00 ft, dt=0.0180 s, rollCorr=-0.002 pitchCorr=0.003 m1=0.80 m2=1.00 m3=1.00 m4=0.80
[PHYSICS] pitch=0.00 deg, altFt=0.00 ft, dt=0.0180 s, rollCorr=-0.023 pitchCorr=0.027 m1=0.80 m2=1.00 m3=1.00 m4=0.80
[PHYSICS] pitch=-0.04 deg, altFt=0.00 ft, dt=0.0180 s, rollCorr=-0.002 pitchCorr=0.003 m1=0.80 m2=1.00 m3=1.00 m4=0.80
[PHYSICS] pitch=0.00 deg, altFt=0.00 ft, dt=0.0180 s, rollCorr=-0.023 pitchCorr=0.027 m1=0.80 m2=1.00 m3=1.00 m4=0.80
[PHYSICS] pitch=-0.04 deg, altFt=0.00 ft, dt=0.0180 s, rollCorr=-0.002 pitchCorr=0.003 m1=0.80 m2=1.00 m3=1.00 m4=0.80
[PHYSICS] pitch=0.00 deg, altFt=0.00 ft, dt=0.0180 s, rollCorr=-0.023 pitchCorr=0.027 m1=0.80 m2=1.00 m3=1.00 m4=0.80
[PHYSICS] pitch=-0.04 deg, altFt=0.00 ft, dt=0.0180 s, rollCorr=-0.002 pitchCorr=0.003 m1=0.80 m2=1.00 m3=1.00 m4=0.80
[PHYSICS] pitch=0.00 deg, altFt=0.00 ft, dt=0.0180 s, rollCorr=-0.023 pitchCorr=0.027 m1=0.80 m2=1.00 m3=1.00 m4=0.80
[PHYSICS] pitch=-0.04 deg, altFt=0.00 ft, dt=0.0180 s, rollCorr=-0.002 pitchCorr=0.003 m1=0.80 m2=1.00 m3=1.00 m4=0.80
[PHYSICS] pitch=0.00 deg, altFt=0.00 ft, dt=0.0180 s, rollCorr=-0.023 pitchCorr=0.027 m1=0.80 m2=1.00 m3=1.00 m4=0.80
[PHYSICS] pitch=-0.04 deg, altFt=0.00 ft, dt=0.0180 s, rollCorr=-0.002 pitchCorr=0.003 m1=0.80 m2=1.00 m3=1.00 m4=0.80
[PHYSICS] pitch=0.00 deg, altFt=0.00 ft, dt=0.0180 s, rollCorr=-0.023 pitchCorr=0.027 m1=0.80 m2=1.00 m3=1.00 m4=0.80
[PHYSICS] pitch=-0.04 deg, altFt=0.00 ft, dt=0.0180 s, rollCorr=-0.002 pitchCorr=0.003 m1=0.80 m2=1.00 m3=1.00 m4=0.80
[PHYSICS] pitch=0.00 deg, altFt=0.00 ft, dt=0.0180 s, rollCorr=-0.023 pitchCorr=0.027 m1=0.80 m2=1.00 m3=1.00 m4=0.80
[PHYSICS] pitch=-0.04 deg, altFt=0.00 ft, dt=0.0180 s, rollCorr=-0.002 pitchCorr=0.003 m1=0.80 m2=1.00 m3=1.00 m4=0.80
[PHYSICS] pitch=0.00 deg, altFt=0.00 ft, dt=0.0180 s, rollCorr=-0.023 pitchCorr=0.027 m1=0.80 m2=1.00 m3=1.00 m4=0.80
[PHYSICS] pitch=-0.04 deg, altFt=0.00 ft, dt=0.0180 s, rollCorr=-0.002 pitchCorr=0.003 m1=0.80 m2=1.00 m3=1.00 m4=0.80
[PHYSICS] pitch=0.00 deg, altFt=0.00 ft, dt=0.0180 s, rollCorr=-0.023 pitchCorr=0.027 m1=0.80 m2=1.00 m3=1.00 m4=0.80
[PHYSICS] pitch=-0.04 deg, altFt=0.00 ft, dt=0.0180 s, rollCorr=-0.002 pitchCorr=0.003 m1=0.80 m2=1.00 m3=1.00 m4=0.80
[PHYSICS] pitch=0.00 deg, altFt=0.00 ft, dt=0.0180 s, rollCorr=-0.023 pitchCorr=0.027 m1=0.80 m2=1.00 m3=1.00 m4=0.80
[PHYSICS] pitch=-0.04 deg, altFt=0.00 ft, dt=0.0180 s, rollCorr=-0.002 pitchCorr=0.003 m1=0.80 m2=1.00 m3=1.00 m4=0.80
[PHYSICS] pitch=0.00 deg, altFt=0.00 ft, dt=0.0180 s, rollCorr=-0.023 pitchCorr=0.027 m1=0.80 m2=1.00 m3=1.00 m4=0.80
[PHYSICS] pitch=-0.04 deg, altFt=0.00 ft, dt=0.0180 s, rollCorr=-0.002 pitchCorr=0.003 m1=0.80 m2=1.00 m3=1.00 m4=0.80
[PHYSICS] pitch=0.00 deg, altFt=0.00 ft, dt=0.0180 s, rollCorr=-0.023 pitchCorr=0.027 m1=0.80 m2=1.00 m3=1.00 m4=0.80
[PHYSICS] pitch=-0.04 deg, altFt=0.00 ft, dt=0.0180 s, rollCorr=-0.002 pitchCorr=0.003 m1=0.80 m2=1.00 m3=1.00 m4=0.80
[PHYSICS] pitch=0.00 deg, altFt=0.00 ft, dt=0.0180 s, rollCorr=-0.023 pitchCorr=0.027 m1=0.80 m2=1.00 m3=1.00 m4=0.80
[PHYSICS] pitch=-0.04 deg, altFt=0.00 ft, dt=0.0180 s, rollCorr=-0.002 pitchCorr=0.003 m1=0.80 m2=1.00 m3=1.00 m4=0.80
[PHYSICS] pitch=0.00 deg, altFt=0.00 ft, dt=0.0180 s, rollCorr=-0.023 pitchCorr=0.027 m1=0.80 m2=1.00 m3=1.00 m4=0.80
[PHYSICS] pitch=-0.04 deg, altFt=0.00 ft, dt=0.0180 s, rollCorr=-0.002 pitchCorr=0.003 m1=0.80 m2=1.00 m3=1.00 m4=0.80
[PHYSICS] pitch=0.00 deg, altFt=0.00 ft, dt=0.0180 s, rollCorr=-0.023 pitchCorr=0.027 m1=0.80 m2=1.00 m3=1.00 m4=0.80
[PHYSICS] pitch=-0.04 deg, altFt=0.00 ft, dt=0.0180 s, rollCorr=-0.002 pitchCorr=0.003 m1=0.80 m2=1.00 m3=1.00 m4=0.80
[PHYSICS] pitch=0.00 deg, altFt=0.00 ft, dt=0.0180 s, rollCorr=-0.023 pitchCorr=0.027 m1=0.80 m2=1.00 m3=1.00 m4=0.80
[PHYSICS] pitch=-0.04 deg, altFt=0.00 ft, dt=0.0180 s, rollCorr=-0.002 pitchCorr=0.003 m1=0.80 m2=1.00 m3=1.00 m4=0.80
[PHYSICS] pitch=0.00 deg, altFt=0.00 ft, dt=0.0180 s, rollCorr=-0.023 pitchCorr=0.027 m1=0.80 m2=1.00 m3=1.00 m4=0.80
[PHYSICS] pitch=-0.04 deg, altFt=0.00 ft, dt=0.0180 s, rollCorr=-0.002 pitchCorr=0.003 m1=0.80 m2=1.00 m3=1.00 m4=0.80
[PHYSICS] pitch=0.00 deg, altFt=0.00 ft, dt=0.0180 s, rollCorr=-0.023 pitchCorr=0.027 m1=0.80 m2=1.00 m3=1.00 m4=0.80
[PHYSICS] pitch=-0.04 deg, altFt=0.00 ft, dt=0.0180 s, rollCorr=-0.002 pitchCorr=0.003 m1=0.80 m2=1.00 m3=1.00 m4=0.80
[PHYSICS] pitch=0.00 deg, altFt=0.00 ft, dt=0.0180 s, rollCorr=-0.023 pitchCorr=0.027 m1=0.80 m2=1.00 m3=1.00 m4=0.80
[PHYSICS] pitch=-0.04 deg, altFt=0.00 ft, dt=0.0180 s, rollCorr=-0.002 pitchCorr=0.003 m1=0.80 m2=1.00 m3=1.00 m4=0.80
[PHYSICS] pitch=0.00 deg, altFt=0.00 ft, dt=0.0180 s, rollCorr=-0.023 pitchCorr=0.027 m1=0.80 m2=1.00 m3=1.00 m4=0.80
[PHYSICS] pitch=-0.04 deg, altFt=0.00 ft, dt=0.0180 s, rollCorr=-0.002 pitchCorr=0.003 m1=0.80 m2=1.00 m3=1.00 m4=0.80
[PHYSICS] pitch=0.00 deg, altFt=0.00 ft, dt=0.0180 s, rollCorr=-0.023 pitchCorr=0.027 m1=0.80 m2=1.00 m3=1.00 m4=0.80
[PHYSICS] pitch=-0.04 deg, altFt=0.00 ft, dt=0.0180 s, rollCorr=-0.002 pitchCorr=0.003 m1=0.80 m2=1.00 m3=1.00 m4=0.80
[PHYSICS] pitch=0.00 deg, altFt=0.00 ft, dt=0.0180 s, rollCorr=-0.023 pitchCorr=0.027 m1=0.80 m2=1.00 m3=1.00 m4=0.80
[PHYSICS] pitch=-0.04 deg, altFt=0.00 ft, dt=0.0180 s, rollCorr=-0.002 pitchCorr=0.003 m1=0.80 m2=1.00 m3=1.00 m4=0.80
[PHYSICS] pitch=0.00 deg, altFt=0.00 ft, dt=0.0180 s, rollCorr=-0.023 pitchCorr=0.027 m1=0.80 m2=1.00 m3=1.00 m4=0.80
[PHYSICS] pitch=-0.04 deg, altFt=0.00 ft, dt=0.0180 s, rollCorr=-0.002 pitchCorr=0.003 m1=0.80 m2=1.00 m3=1.00 m4=0.80
[PHYSICS] pitch=0.00 deg, altFt=0.00 ft, dt=0.0180 s, rollCorr=-0.023 pitchCorr=0.027 m1=0.80 m2=1.00 m3=1.00 m4=0.80
[PHYSICS] pitch=-0.04 deg, altFt=0.00 ft, dt=0.0180 s, rollCorr=-0.002 pitchCorr=0.003 m1=0.80 m2=1.00 m3=1.00 m4=0.80
[PHYSICS] pitch=0.00 deg, altFt=0.00 ft, dt=0.0180 s, rollCorr=-0.023 pitchCorr=0.027 m1=0.80 m2=1.00 m3=1.00 m4=0.80
[PHYSICS] pitch=-0.04 deg, altFt=0.00 ft, dt=0.0180 s, rollCorr=-0.002 pitchCorr=0.003 m1=0.80 m2=1.00 m3=1.00 m4=0.80
[PHYSICS] pitch=0.00 deg, altFt=0.00 ft, dt=0.0180 s, rollCorr=-0.023 pitchCorr=0.027 m1=0.80 m2=1.00 m3=1.00 m4=0.80
[PHYSICS] pitch=-0.04 deg, altFt=0.00 ft, dt=0.0180 s, rollCorr=-0.002 pitchCorr=0.003 m1=0.80 m2=1.00 m3=1.00 m4=0.80
[PHYSICS] pitch=0.00 deg, altFt=0.00 ft, dt=0.0180 s, rollCorr=-0.023 pitchCorr=0.027 m1=0.80 m2=1.00 m3=1.00 m4=0.80
[PHYSICS] pitch=-0.04 deg, altFt=0.00 ft, dt=0.0180 s, rollCorr=-0.002 pitchCorr=0.003 m1=0.80 m2=1.00 m3=1.00 m4=0.80
[PHYSICS] pitch=0.00 deg, altFt=0.00 ft, dt=0.0180 s, rollCorr=-0.023 pitchCorr=0.027 m1=0.80 m2=1.00 m3=1.00 m4=0.80
[PHYSICS] pitch=-0.04 deg, altFt=0.00 ft, dt=0.0180 s, rollCorr=-0.002 pitchCorr=0.003 m1=0.80 m2=1.00 m3=1.00 m4=0.80
[PHYSICS] pitch=0.00 deg, altFt=0.00 ft, dt=0.0180 s, rollCorr=-0.023 pitchCorr=0.027 m1=0.80 m2=1.00 m3=1.00 m4=0.80
[PHYSICS] pitch=-0.04 deg, altFt=0.00 ft, dt=0.0180 s, rollCorr=-0.002 pitchCorr=0.003 m1=0.80 m2=1.00 m3=1.00 m4=0.80
[PHYSICS] pitch=0.00 deg, altFt=0.00 ft, dt=0.0180 s, rollCorr=-0.023 pitchCorr=0.027 m1=0.80 m2=1.00 m3=1.00 m4=0.80
[PHYSICS] pitch=-0.04 deg, altFt=0.00 ft, dt=0.0180 s, rollCorr=-0.002 pitchCorr=0.003 m1=0.80 m2=1.00 m3=1.00 m4=0.80
[PHYSICS] pitch=0.00 deg, altFt=0.00 ft, dt=0.0180 s, rollCorr=-0.023 pitchCorr=0.027 m1=0.80 m2=1.00 m3=1.00 m4=0.80
[PHYSICS] pitch=-0.04 deg, altFt=0.00 ft, dt=0.0180 s, rollCorr=-0.002 pitchCorr=0.003 m1=0.80 m2=1.00 m3=1.00 m4=0.80
[PHYSICS] pitch=0.00 deg, altFt=0.00 ft, dt=0.0180 s, rollCorr=-0.023 pitchCorr=0.027 m1=0.80 m2=1.00 m3=1.00 m4=0.80
[PHYSICS] pitch=-0.04 deg, altFt=0.00 ft, dt=0.0180 s, rollCorr=-0.002 pitchCorr=0.003 m1=0.80 m2=1.00 m3=1.00 m4=0.80
[PHYSICS] pitch=0.00 deg, altFt=0.00 ft, dt=0.0180 s, rollCorr=-0.023 pitchCorr=0.027 m1=0.80 m2=1.00 m3=1.00 m4=0.80
[PHYSICS] pitch=-0.04 deg, altFt=0.00 ft, dt=0.0180 s, rollCorr=-0.002 pitchCorr=0.003 m1=0.80 m2=1.00 m3=1.00 m4=0.80
[PHYSICS] pitch=0.00 deg, altFt=0.00 ft, dt=0.0180 s, rollCorr=-0.023 pitchCorr=0.027 m1=0.80 m2=1.00 m3=1.00 m4=0.80
[PHYSICS] pitch=-0.04 deg, altFt=0.00 ft, dt=0.0180 s, rollCorr=-0.002 pitchCorr=0.003 m1=0.80 m2=1.00 m3=1.00 m4=0.80
[PHYSICS] pitch=0.00 deg, altFt=0.00 ft, dt=0.0180 s, rollCorr=-0.023 pitchCorr=0.027 m1=0.80 m2=1.00 m3=1.00 m4=0.80
[PHYSICS] pitch=-0.04 deg, altFt=0.00 ft, dt=0.0180 s, rollCorr=-0.002 pitchCorr=0.003 m1=0.80 m2=1.00 m3=1.00 m4=0.80
[PHYSICS] pitch=0.00 deg, altFt=0.00 ft, dt=0.0180 s, rollCorr=-0.023 pitchCorr=0.027 m1=0.80 m2=1.00 m3=1.00 m4=0.80
[PHYSICS] pitch=-0.04 deg, altFt=0.00 ft, dt=0.0180 s, rollCorr=-0.002 pitchCorr=0.003 m1=0.80 m2=1.00 m3=1.00 m4=0.80
[PHYSICS] pitch=0.00 deg, altFt=0.00 ft, dt=0.0180 s, rollCorr=-0.023 pitchCorr=0.027 m1=0.80 m2=1.00 m3=1.00 m4=0.80
[PHYSICS] pitch=-0.04 deg, altFt=0.00 ft, dt=0.0180 s, rollCorr=-0.002 pitchCorr=0.003 m1=0.80 m2=1.00 m3=1.00 m4=0.80
[PHYSICS] pitch=0.00 deg, altFt=0.00 ft, dt=0.0180 s, rollCorr=-0.023 pitchCorr=0.027 m1=0.80 m2=1.00 m3=1.00 m4=0.80
[PHYSICS] pitch=-0.04 deg, altFt=0.00 ft, dt=0.0180 s, rollCorr=-0.002 pitchCorr=0.003 m1=0.80 m2=1.00 m3=1.00 m4=0.80
[PHYSICS] pitch=0.00 deg, altFt=0.00 ft, dt=0.0180 s, rollCorr=-0.023 pitchCorr=0.027 m1=0.80 m2=1.00 m3=1.00 m4=0.80
[PHYSICS] pitch=-0.04 deg, altFt=0.00 ft, dt=0.0180 s, rollCorr=-0.002 pitchCorr=0.003 m1=0.80 m2=1.00 m3=1.00 m4=0.80
[PHYSICS] pitch=0.00 deg, altFt=0.00 ft, dt=0.0180 s, rollCorr=-0.023 pitchCorr=0.027 m1=0.80 m2=1.00 m3=1.00 m4=0.80
[PHYSICS] pitch=-0.04 deg, altFt=0.00 ft, dt=0.0180 s, rollCorr=-0.002 pitchCorr=0.003 m1=0.80 m2=1.00 m3=1.00 m4=0.80
[PHYSICS] pitch=0.00 deg, altFt=0.00 ft, dt=0.0180 s, rollCorr=-0.023 pitchCorr=0.027 m1=0.80 m2=1.00 m3=1.00 m4=0.80
[PHYSICS] pitch=-0.04 deg, altFt=0.00 ft, dt=0.0180 s, rollCorr=-0.002 pitchCorr=0.003 m1=0.80 m2=1.00 m3=1.00 m4=0.80
[PHYSICS] pitch=0.00 deg, altFt=0.00 ft, dt=0.0180 s, rollCorr=-0.023 pitchCorr=0.027 m1=0.80 m2=1.00 m3=1.00 m4=0.80
[PHYSICS] pitch=-0.04 deg, altFt=0.00 ft, dt=0.0180 s, rollCorr=-0.002 pitchCorr=0.003 m1=0.80 m2=1.00 m3=1.00 m4=0.80
[PHYSICS] pitch=0.00 deg, altFt=0.00 ft, dt=0.0180 s, rollCorr=-0.023 pitchCorr=0.027 m1=0.80 m2=1.00 m3=1.00 m4=0.80
[PHYSICS] pitch=-0.04 deg, altFt=0.00 ft, dt=0.0180 s, rollCorr=-0.002 pitchCorr=0.003 m1=0.80 m2=1.00 m3=1.00 m4=0.80
[PHYSICS] pitch=0.00 deg, altFt=0.00 ft, dt=0.0180 s, rollCorr=-0.023 pitchCorr=0.027 m1=0.80 m2=1.00 m3=1.00 m4=0.80
[PHYSICS] pitch=-0.04 deg, altFt=0.00 ft, dt=0.0180 s, rollCorr=-0.002 pitchCorr=0.003 m1=0.80 m2=1.00 m3=1.00 m4=0.80
[PHYSICS] pitch=0.00 deg, altFt=0.00 ft, dt=0.0180 s, rollCorr=-0.023 pitchCorr=0.027 m1=0.80 m2=1.00 m3=1.00 m4=0.80
[PHYSICS] pitch=-0.04 deg, altFt=0.00 ft, dt=0.0180 s, rollCorr=-0.002 pitchCorr=0.003 m1=0.80 m2=1.00 m3=1.00 m4=0.80
[PHYSICS] pitch=0.00 deg, altFt=0.00 ft, dt=0.0180 s, rollCorr=-0.023 pitchCorr=0.027 m1=0.80 m2=1.00 m3=1.00 m4=0.80
[PHYSICS] pitch=-0.04 deg, altFt=0.00 ft, dt=0.0180 s, rollCorr=-0.002 pitchCorr=0.003 m1=0.80 m2=1.00 m3=1.00 m4=0.80
[PHYSICS] pitch=0.00 deg, altFt=0.00 ft, dt=0.0180 s, rollCorr=-0.023 pitchCorr=0.027 m1=0.80 m2=1.00 m3=1.00 m4=0.80
[PHYSICS] pitch=-0.04 deg, altFt=0.00 ft, dt=0.0180 s, rollCorr=-0.002 pitchCorr=0.003 m1=0.80 m2=1.00 m3=1.00 m4=0.80
[PHYSICS] pitch=0.00 deg, altFt=0.00 ft, dt=0.0180 s, rollCorr=-0.023 pitchCorr=0.027 m1=0.80 m2=1.00 m3=1.00 m4=0.80
[PHYSICS] pitch=-0.04 deg, altFt=0.00 ft, dt=0.0180 s, rollCorr=-0.002 pitchCorr=0.003 m1=0.80 m2=1.00 m3=1.00 m4=0.80
[PHYSICS] pitch=0.00 deg, altFt=0.00 ft, dt=0.0180 s, rollCorr=-0.023 pitchCorr=0.027 m1=0.80 m2=1.00 m3=1.00 m4=0.80
[PHYSICS] pitch=-0.04 deg, altFt=0.00 ft, dt=0.0180 s, rollCorr=-0.002 pitchCorr=0.003 m1=0.80 m2=1.00 m3=1.00 m4=0.80
[PHYSICS] pitch=0.00 deg, altFt=0.00 ft, dt=0.0180 s, rollCorr=-0.023 pitchCorr=0.027 m1=0.80 m2=1.00 m3=1.00 m4=0.80
[PHYSICS] pitch=-0.04 deg, altFt=0.00 ft, dt=0.0180 s, rollCorr=-0.002 pitchCorr=0.003 m1=0.80 m2=1.00 m3=1.00 m4=0.80
[PHYSICS] pitch=0.00 deg, altFt=0.00 ft, dt=0.0180 s, rollCorr=-0.023 pitchCorr=0.027 m1=0.80 m2=1.00 m3=1.00 m4=0.80
[PHYSICS] pitch=-0.04 deg, altFt=0.00 ft, dt=0.0180 s, rollCorr=-0.002 pitchCorr=0.003 m1=0.80 m2=1.00 m3=1.00 m4=0.80
[PHYSICS] pitch=0.00 deg, altFt=0.00 ft, dt=0.0180 s, rollCorr=-0.023 pitchCorr=0.027 m1=0.80 m2=1.00 m3=1.00 m4=0.80
[PHYSICS] pitch=-0.04 deg, altFt=0.00 ft, dt=0.0180 s, rollCorr=-0.002 pitchCorr=0.003 m1=0.80 m2=1.00 m3=1.00 m4=0.80
[PHYSICS] pitch=0.00 deg, altFt=0.00 ft, dt=0.0180 s, rollCorr=-0.023 pitchCorr=0.027 m1=0.80 m2=1.00 m3=1.00 m4=0.80
[PHYSICS] pitch=-0.04 deg, altFt=0.00 ft, dt=0.0180 s, rollCorr=-0.002 pitchCorr=0.003 m1=0.80 m2=1.00 m3=1.00 m4=0.80
[PHYSICS] pitch=0.00 deg, altFt=0.00 ft, dt=0.0180 s, rollCorr=-0.023 pitchCorr=0.027 m1=0.80 m2=1.00 m3=1.00 m4=0.80
[PHYSICS] pitch=-0.04 deg, altFt=0.00 ft, dt=0.0180 s, rollCorr=-0.002 pitchCorr=0.003 m1=0.80 m2=1.00 m3=1.00 m4=0.80
[PHYSICS] pitch=0.00 deg, altFt=0.00 ft, dt=0.0180 s, rollCorr=-0.023 pitchCorr=0.027 m1=0.80 m2=1.00 m3=1.00 m4=0.80
[PHYSICS] pitch=-0.04 deg, altFt=0.00 ft, dt=0.0180 s, rollCorr=-0.002 pitchCorr=0.003 m1=0.80 m2=1.00 m3=1.00 m4=0.80
[PHYSICS] pitch=0.00 deg, altFt=0.00 ft, dt=0.0180 s, rollCorr=-0.023 pitchCorr=0.027 m1=0.80 m2=1.00 m3=1.00 m4=0.80
[PHYSICS] pitch=-0.04 deg, altFt=0.00 ft, dt=0.0180 s, rollCorr=-0.002 pitchCorr=0.003 m1=0.80 m2=1.00 m3=1.00 m4=0.80
[PHYSICS] pitch=0.00 deg, altFt=0.00 ft, dt=0.0180 s, rollCorr=-0.023 pitchCorr=0.027 m1=0.80 m2=1.00 m3=1.00 m4=0.80
[PHYSICS] pitch=-0.04 deg, altFt=0.00 ft, dt=0.0180 s, rollCorr=-0.002 pitchCorr=0.003 m1=0.80 m2=1.00 m3=1.00 m4=0.80
[PHYSICS] pitch=0.00 deg, altFt=0.00 ft, dt=0.0180 s, rollCorr=-0.023 pitchCorr=0.027 m1=0.80 m2=1.00 m3=1.00 m4=0.80
[PHYSICS] pitch=-0.04 deg, altFt=0.00 ft, dt=0.0180 s, rollCorr=-0.002 pitchCorr=0.003 m1=0.80 m2=1.00 m3=1.00 m4=0.80
[PHYSICS] pitch=0.00 deg, altFt=0.00 ft, dt=0.0180 s, rollCorr=-0.023 pitchCorr=0.027 m1=0.80 m2=1.00 m3=1.00 m4=0.80
[PHYSICS] pitch=-0.04 deg, altFt=0.00 ft, dt=0.0180 s, rollCorr=-0.002 pitchCorr=0.003 m1=0.80 m2=1.00 m3=1.00 m4=0.80
[PHYSICS] pitch=0.00 deg, altFt=0.00 ft, dt=0.0180 s, rollCorr=-0.023 pitchCorr=0.027 m1=0.80 m2=1.00 m3=1.00 m4=0.80
[PHYSICS] pitch=-0.04 deg, altFt=0.00 ft, dt=0.0180 s, rollCorr=-0.002 pitchCorr=0.003 m1=0.80 m2=1.00 m3=1.00 m4=0.80
[PHYSICS] pitch=0.00 deg, altFt=0.00 ft, dt=0.0180 s, rollCorr=-0.023 pitchCorr=0.027 m1=0.80 m2=1.00 m3=1.00 m4=0.80
[PHYSICS] pitch=-0.04 deg, altFt=0.00 ft, dt=0.0180 s, rollCorr=-0.002 pitchCorr=0.003 m1=0.80 m2=1.00 m3=1.00 m4=0.80
[PHYSICS] pitch=0.00 deg, altFt=0.00 ft, dt=0.0180 s, rollCorr=-0.023 pitchCorr=0.027 m1=0.80 m2=1.00 m3=1.00 m4=0.80
[PHYSICS] pitch=-0.04 deg, altFt=0.00 ft, dt=0.0180 s, rollCorr=-0.002 pitchCorr=0.003 m1=0.80 m2=1.00 m3=1.00 m4=0.80
[PHYSICS] pitch=0.00 deg, altFt=0.00 ft, dt=0.0180 s, rollCorr=-0.023 pitchCorr=0.027 m1=0.80 m2=1.00 m3=1.00 m4=0.80
[PHYSICS] pitch=-0.04 deg, altFt=0.00 ft, dt=0.0180 s, rollCorr=-0.002 pitchCorr=0.003 m1=0.80 m2=1.00 m3=1.00 m4=0.80
[PHYSICS] pitch=0.00 deg, altFt=0.00 ft, dt=0.0180 s, rollCorr=-0.023 pitchCorr=0.027 m1=0.80 m2=1.00 m3=1.00 m4=0.80
[PHYSICS] pitch=-0.04 deg, altFt=0.00 ft, dt=0.0180 s, rollCorr=-0.002 pitchCorr=0.003 m1=0.80 m2=1.00 m3=1.00 m4=0.80
[PHYSICS] pitch=0.00 deg, altFt=0.00 ft, dt=0.0180 s, rollCorr=-0.023 pitchCorr=0.027 m1=0.80 m2=1.00 m3=1.00 m4=0.80
[PHYSICS] pitch=-0.04 deg, altFt=0.00 ft, dt=0.0180 s, rollCorr=-0.002 pitchCorr=0.003 m1=0.80 m2=1.00 m3=1.00 m4=0.80
[PHYSICS] pitch=0.00 deg, altFt=0.00 ft, dt=0.0180 s, rollCorr=-0.023 pitchCorr=0.027 m1=0.80 m2=1.00 m3=1.00 m4=0.80
[PHYSICS] pitch=-0.04 deg, altFt=0.00 ft, dt=0.0180 s, rollCorr=-0.002 pitchCorr=0.003 m1=0.80 m2=1.00 m3=1.00 m4=0.80
[PHYSICS] pitch=0.00 deg, altFt=0.00 ft, dt=0.0180 s, rollCorr=-0.023 pitchCorr=0.027 m1=0.80 m2=1.00 m3=1.00 m4=0.80
[PHYSICS] pitch=-0.04 deg, altFt=0.00 ft, dt=0.0180 s, rollCorr=-0.002 pitchCorr=0.003 m1=0.80 m2=1.00 m3=1.00 m4=0.80
[PHYSICS] pitch=0.00 deg, altFt=0.00 ft, dt=0.0180 s, rollCorr=-0.023 pitchCorr=0.027 m1=0.80 m2=1.00 m3=1.00 m4=0.80
[PHYSICS] pitch=-0.04 deg, altFt=0.00 ft, dt=0.0180 s, rollCorr=-0.002 pitchCorr=0.003 m1=0.80 m2=1.00 m3=1.00 m4=0.80
[PHYSICS] pitch=0.00 deg, altFt=0.00 ft, dt=0.0180 s, rollCorr=-0.023 pitchCorr=0.027 m1=0.80 m2=1.00 m3=1.00 m4=0.80
[PHYSICS] pitch=-0.04 deg, altFt=0.00 ft, dt=0.0180 s, rollCorr=-0.002 pitchCorr=0.003 m1=0.80 m2=1.00 m3=1.00 m4=0.80
[PHYSICS] pitch=0.00 deg, altFt=0.00 ft, dt=0.0180 s, rollCorr=-0.023 pitchCorr=0.027 m1=0.80 m2=1.00 m3=1.00 m4=0.80
[PHYSICS] pitch=-0.04 deg, altFt=0.00 ft, dt=0.0180 s, rollCorr=-0.002 pitchCorr=0.003 m1=0.80 m2=1.00 m3=1.00 m4=0.80
[PHYSICS] pitch=0.00 deg, altFt=0.00 ft, dt=0.0180 s, rollCorr=-0.023 pitchCorr=0.027 m1=0.80 m2=1.00 m3=1.00 m4=0.80
[PHYSICS] pitch=-0.04 deg, altFt=0.00 ft, dt=0.0180 s, rollCorr=-0.002 pitchCorr=0.003 m1=0.80 m2=1.00 m3=1.00 m4=0.80
[PHYSICS] pitch=0.00 deg, altFt=0.00 ft, dt=0.0180 s, rollCorr=-0.023 pitchCorr=0.027 m1=0.80 m2=1.00 m3=1.00 m4=0.80
[PHYSICS] pitch=-0.04 deg, altFt=0.00 ft, dt=0.0180 s, rollCorr=-0.002 pitchCorr=0.003 m1=0.80 m2=1.00 m3=1.00 m4=0.80
[PHYSICS] pitch=0.00 deg, altFt=0.00 ft, dt=0.0180 s, rollCorr=-0.023 pitchCorr=0.027 m1=0.80 m2=1.00 m3=1.00 m4=0.80
[PHYSICS] pitch=-0.04 deg, altFt=0.00 ft, dt=0.0180 s, rollCorr=-0.002 pitchCorr=0.003 m1=0.80 m2=1.00 m3=1.00 m4=0.80
[PHYSICS] pitch=0.00 deg, altFt=0.00 ft, dt=0.0180 s, rollCorr=-0.023 pitchCorr=0.027 m1=0.80 m2=1.00 m3=1.00 m4=0.80
[PHYSICS] pitch=-0.04 deg, altFt=0.00 ft, dt=0.0180 s, rollCorr=-0.002 pitchCorr=0.003 m1=0.80 m2=1.00 m3=1.00 m4=0.80
[PHYSICS] pitch=0.00 deg, altFt=0.00 ft, dt=0.0180 s, rollCorr=-0.023 pitchCorr=0.027 m1=0.80 m2=1.00 m3=1.00 m4=0.80
[PHYSICS] pitch=-0.04 deg, altFt=0.00 ft, dt=0.0180 s, rollCorr=-0.002 pitchCorr=0.003 m1=0.80 m2=1.00 m3=1.00 m4=0.80
[PHYSICS] pitch=0.00 deg, altFt=0.00 ft, dt=0.0180 s, rollCorr=-0.023 pitchCorr=0.027 m1=0.80 m2=1.00 m3=1.00 m4=0.80
[PHYSICS] pitch=-0.04 deg, altFt=0.00 ft, dt=0.0180 s, rollCorr=-0.002 pitchCorr=0.003 m1=0.80 m2=1.00 m3=1.00 m4=0.80
[PHYSICS] pitch=0.00 deg, altFt=0.00 ft, dt=0.0180 s, rollCorr=-0.023 pitchCorr=0.027 m1=0.80 m2=1.00 m3=1.00 m4=0.80
[PHYSICS] pitch=-0.04 deg, altFt=0.00 ft, dt=0.0180 s, rollCorr=-0.002 pitchCorr=0.003 m1=0.80 m2=1.00 m3=1.00 m4=0.80
[PHYSICS] pitch=0.00 deg, altFt=0.00 ft, dt=0.0180 s, rollCorr=-0.023 pitchCorr=0.027 m1=0.80 m2=1.00 m3=1.00 m4=0.80
[PHYSICS] pitch=-0.04 deg, altFt=0.00 ft, dt=0.0180 s, rollCorr=-0.002 pitchCorr=0.003 m1=0.80 m2=1.00 m3=1.00 m4=0.80
[PHYSICS] pitch=0.00 deg, altFt=0.00 ft, dt=0.0180 s, rollCorr=-0.023 pitchCorr=0.027 m1=0.80 m2=1.00 m3=1.00 m4=0.80
[PHYSICS] pitch=-0.04 deg, altFt=0.00 ft, dt=0.0180 s, rollCorr=-0.002 pitchCorr=0.003 m1=0.80 m2=1.00 m3=1.00 m4=0.80
[PHYSICS] pitch=0.00 deg, altFt=0.00 ft, dt=0.0180 s, rollCorr=-0.023 pitchCorr=0.027 m1=0.80 m2=1.00 m3=1.00 m4=0.80
[PHYSICS] pitch=-0.04 deg, altFt=0.00 ft, dt=0.0180 s, rollCorr=-0.002 pitchCorr=0.003 m1=0.80 m2=1.00 m3=1.00 m4=0.80
[PHYSICS] pitch=0.00 deg, altFt=0.00 ft, dt=0.0180 s, rollCorr=-0.023 pitchCorr=0.027 m1=0.80 m2=1.00 m3=1.00 m4=0.80
[PHYSICS] pitch=-0.04 deg, altFt=0.00 ft, dt=0.0180 s, rollCorr=-0.002 pitchCorr=0.003 m1=0.80 m2=1.00 m3=1.00 m4=0.80
[PHYSICS] pitch=0.00 deg, altFt=0.00 ft, dt=0.0180 s, rollCorr=-0.023 pitchCorr=0.027 m1=0.80 m2=1.00 m3=1.00 m4=0.80
[PHYSICS] pitch=-0.04 deg, altFt=0.00 ft, dt=0.0180 s, rollCorr=-0.002 pitchCorr=0.003 m1=0.80 m2=1.00 m3=1.00 m4=0.80
[PHYSICS] pitch=0.00 deg, altFt=0.00 ft, dt=0.0180 s, rollCorr=-0.023 pitchCorr=0.027 m1=0.80 m2=1.00 m3=1.00 m4=0.80
[PHYSICS] pitch=-0.04 deg, altFt=0.00 ft, dt=0.0180 s, rollCorr=-0.002 pitchCorr=0.003 m1=0.80 m2=1.00 m3=1.00 m4=0.80
[PHYSICS] pitch=0.00 deg, altFt=0.00 ft, dt=0.0180 s, rollCorr=-0.023 pitchCorr=0.027 m1=0.80 m2=1.00 m3=1.00 m4=0.80
[PHYSICS] pitch=-0.04 deg, altFt=0.00 ft, dt=0.0180 s, rollCorr=-0.002 pitchCorr=0.003 m1=0.80 m2=1.00 m3=1.00 m4=0.80
[PHYSICS] pitch=0.00 deg, altFt=0.00 ft, dt=0.0180 s, rollCorr=-0.023 pitchCorr=0.027 m1=0.80 m2=1.00 m3=1.00 m4=0.80
[PHYSICS] pitch=-0.04 deg, altFt=0.00 ft, dt=0.0180 s, rollCorr=-0.002 pitchCorr=0.003 m1=0.80 m2=1.00 m3=1.00 m4=0.80
[PHYSICS] pitch=0.00 deg, altFt=0.00 ft, dt=0.0180 s, rollCorr=-0.023 pitchCorr=0.027 m1=0.80 m2=1.00 m3=1.00 m4=0.80
[PHYSICS] pitch=-0.04 deg, altFt=0.00 ft, dt=0.0180 s, rollCorr=-0.002 pitchCorr=0.003 m1=0.80 m2=1.00 m3=1.00 m4=0.80
[PHYSICS] pitch=0.00 deg, altFt=0.00 ft, dt=0.0180 s, rollCorr=-0.023 pitchCorr=0.027 m1=0.80 m2=1.00 m3=1.00 m4=0.80
[PHYSICS] pitch=-0.04 deg, altFt=0.00 ft, dt=0.0180 s, rollCorr=-0.002 pitchCorr=0.003 m1=0.80 m2=1.00 m3=1.00 m4=0.80
[PHYSICS] pitch=0.00 deg, altFt=0.00 ft, dt=0.0180 s, rollCorr=-0.023 pitchCorr=0.027 m1=0.80 m2=1.00 m3=1.00 m4=0.80
[PHYSICS] pitch=-0.04 deg, altFt=0.00 ft, dt=0.0180 s, rollCorr=-0.002 pitchCorr=0.003 m1=0.80 m2=1.00 m3=1.00 m4=0.80
[PHYSICS] pitch=0.00 deg, altFt=0.00 ft, dt=0.0180 s, rollCorr=-0.023 pitchCorr=0.027 m1=0.80 m2=1.00 m3=1.00 m4=0.80
[PHYSICS] pitch=-0.04 deg, altFt=0.00 ft, dt=0.0180 s, rollCorr=-0.002 pitchCorr=0.003 m1=0.80 m2=1.00 m3=1.00 m4=0.80
[PHYSICS] pitch=0.00 deg, altFt=0.00 ft, dt=0.0180 s, rollCorr=-0.023 pitchCorr=0.027 m1=0.80 m2=1.00 m3=1.00 m4=0.80
[PHYSICS] pitch=-0.04 deg, altFt=0.00 ft, dt=0.0180 s, rollCorr=-0.002 pitchCorr=0.003 m1=0.80 m2=1.00 m3=1.00 m4=0.80
[PHYSICS] pitch=0.00 deg, altFt=0.00 ft, dt=0.0180 s, rollCorr=-0.023 pitchCorr=0.027 m1=0.80 m2=1.00 m3=1.00 m4=0.80
[PHYSICS] pitch=-0.04 deg, altFt=0.00 ft, dt=0.0180 s, rollCorr=-0.002 pitchCorr=0.003 m1=0.80 m2=1.00 m3=1.00 m4=0.80
[PHYSICS] pitch=0.00 deg, altFt=0.00 ft, dt=0.0180 s, rollCorr=-0.023 pitchCorr=0.027 m1=0.80 m2=1.00 m3=1.00 m4=0.80
[PHYSICS] pitch=-0.04 deg, altFt=0.00 ft, dt=0.0180 s, rollCorr=-0.002 pitchCorr=0.003 m1=0.80 m2=1.00 m3=1.00 m4=0.80
[PHYSICS] pitch=0.00 deg, altFt=0.00 ft, dt=0.0180 s, rollCorr=-0.023 pitchCorr=0.027 m1=0.80 m2=1.00 m3=1.00 m4=0.80
[PHYSICS] pitch=-0.04 deg, altFt=0.00 ft, dt=0.0180 s, rollCorr=-0.002 pitchCorr=0.003 m1=0.80 m2=1.00 m3=1.00 m4=0.80
[PHYSICS] pitch=0.00 deg, altFt=0.00 ft, dt=0.0180 s, rollCorr=-0.023 pitchCorr=0.027 m1=0.80 m2=1.00 m3=1.00 m4=0.80
[PHYSICS] pitch=-0.04 deg, altFt=0.00 ft, dt=0.0180 s, rollCorr=-0.002 pitchCorr=0.003 m1=0.80 m2=1.00 m3=1.00 m4=0.80
[PHYSICS] pitch=0.00 deg, altFt=0.00 ft, dt=0.0180 s, rollCorr=-0.023 pitchCorr=0.027 m1=0.80 m2=1.00 m3=1.00 m4=0.80
[PHYSICS] pitch=-0.04 deg, altFt=0.00 ft, dt=0.0180 s, rollCorr=-0.002 pitchCorr=0.003 m1=0.80 m2=1.00 m3=1.00 m4=0.80
[PHYSICS] pitch=0.00 deg, altFt=0.00 ft, dt=0.0180 s, rollCorr=-0.023 pitchCorr=0.027 m1=0.80 m2=1.00 m3=1.00 m4=0.80
[PHYSICS] pitch=-0.04 deg, altFt=0.00 ft, dt=0.0180 s, rollCorr=-0.002 pitchCorr=0.003 m1=0.80 m2=1.00 m3=1.00 m4=0.80
[PHYSICS] pitch=0.00 deg, altFt=0.00 ft, dt=0.0180 s, rollCorr=-0.023 pitchCorr=0.027 m1=0.80 m2=1.00 m3=1.00 m4=0.80
[PHYSICS] pitch=-0.04 deg, altFt=0.00 ft, dt=0.0180 s, rollCorr=-0.002 pitchCorr=0.003 m1=0.80 m2=1.00 m3=1.00 m4=0.80
[PHYSICS] pitch=0.00 deg, altFt=0.00 ft, dt=0.0180 s, rollCorr=-0.023 pitchCorr=0.027 m1=0.80 m2=1.00 m3=1.00 m4=0.80
[PHYSICS] pitch=-0.04 deg, altFt=0.00 ft, dt=0.0180 s, rollCorr=-0.002 pitchCorr=0.003 m1=0.80 m2=1.00 m3=1.00 m4=0.80
[PHYSICS] pitch=0.00 deg, altFt=0.00 ft, dt=0.0180 s, rollCorr=-0.023 pitchCorr=0.027 m1=0.80 m2=1.00 m3=1.00 m4=0.80
[PHYSICS] pitch=-0.04 deg, altFt=0.00 ft, dt=0.0180 s, rollCorr=-0.002 pitchCorr=0.003 m1=0.80 m2=1.00 m3=1.00 m4=0.80
[PHYSICS] pitch=0.00 deg, altFt=0.00 ft, dt=0.0180 s, rollCorr=-0.023 pitchCorr=0.027 m1=0.80 m2=1.00 m3=1.00 m4=0.80
[PHYSICS] pitch=-0.04 deg, altFt=0.00 ft, dt=0.0180 s, rollCorr=-0.002 pitchCorr=0.003 m1=0.80 m2=1.00 m3=1.00 m4=0.80
[PHYSICS] pitch=0.00 deg, altFt=0.00 ft, dt=0.0180 s, rollCorr=-0.023 pitchCorr=0.027 m1=0.80 m2=1.00 m3=1.00 m4=0.80
[PHYSICS] pitch=-0.04 deg, altFt=0.00 ft, dt=0.0180 s, rollCorr=-0.002 pitchCorr=0.003 m1=0.80 m2=1.00 m3=1.00 m4=0.80
[PHYSICS] pitch=0.00 deg, altFt=0.00 ft, dt=0.0180 s, rollCorr=-0.023 pitchCorr=0.027 m1=0.80 m2=1.00 m3=1.00 m4=0.80
[PHYSICS] pitch=-0.04 deg, altFt=0.00 ft, dt=0.0180 s, rollCorr=-0.002 pitchCorr=0.003 m1=0.80 m2=1.00 m3=1.00 m4=0.80
[PHYSICS] pitch=0.00 deg, altFt=0.00 ft, dt=0.0180 s, rollCorr=-0.023 pitchCorr=0.027 m1=0.80 m2=1.00 m3=1.00 m4=0.80
[PHYSICS] pitch=-0.04 deg, altFt=0.00 ft, dt=0.0180 s, rollCorr=-0.002 pitchCorr=0.003 m1=0.80 m2=1.00 m3=1.00 m4=0.80
[PHYSICS] pitch=0.00 deg, altFt=0.00 ft, dt=0.0180 s, rollCorr=-0.023 pitchCorr=0.027 m1=0.80 m2=1.00 m3=1.00 m4=0.80
[PHYSICS] pitch=-0.04 deg, altFt=0.00 ft, dt=0.0180 s, rollCorr=-0.002 pitchCorr=0.003 m1=0.80 m2=1.00 m3=1.00 m4=0.80
[PHYSICS] pitch=0.00 deg, altFt=0.00 ft, dt=0.0180 s, rollCorr=-0.023 pitchCorr=0.027 m1=0.80 m2=1.00 m3=1.00 m4=0.80
[PHYSICS] pitch=-0.04 deg, altFt=0.00 ft, dt=0.0180 s, rollCorr=-0.002 pitchCorr=0.003 m1=0.80 m2=1.00 m3=1.00 m4=0.80
[PHYSICS] pitch=0.00 deg, altFt=0.00 ft, dt=0.0180 s, rollCorr=-0.023 pitchCorr=0.027 m1=0.80 m2=1.00 m3=1.00 m4=0.80
[PHYSICS] pitch=-0.04 deg, altFt=0.00 ft, dt=0.0180 s, rollCorr=-0.002 pitchCorr=0.003 m1=0.80 m2=1.00 m3=1.00 m4=0.80
[PHYSICS] pitch=0.00 deg, altFt=0.00 ft, dt=0.0180 s, rollCorr=-0.023 pitchCorr=0.027 m1=0.80 m2=1.00 m3=1.00 m4=0.80
[PHYSICS] pitch=-0.04 deg, altFt=0.00 ft, dt=0.0180 s, rollCorr=-0.002 pitchCorr=0.003 m1=0.80 m2=1.00 m3=1.00 m4=0.80
[PHYSICS] pitch=0.00 deg, altFt=0.00 ft, dt=0.0180 s, rollCorr=-0.023 pitchCorr=0.027 m1=0.80 m2=1.00 m3=1.00 m4=0.80
[PHYSICS] pitch=-0.04 deg, altFt=0.00 ft, dt=0.0180 s, rollCorr=-0.002 pitchCorr=0.003 m1=0.80 m2=1.00 m3=1.00 m4=0.80
[PHYSICS] pitch=0.00 deg, altFt=0.00 ft, dt=0.0180 s, rollCorr=-0.023 pitchCorr=0.027 m1=0.80 m2=1.00 m3=1.00 m4=0.80
[PHYSICS] pitch=-0.04 deg, altFt=0.00 ft, dt=0.0180 s, rollCorr=-0.002 pitchCorr=0.003 m1=0.80 m2=1.00 m3=1.00 m4=0.80
[PHYSICS] pitch=0.00 deg, altFt=0.00 ft, dt=0.0180 s, rollCorr=-0.023 pitchCorr=0.027 m1=0.80 m2=1.00 m3=1.00 m4=0.80
[PHYSICS] pitch=-0.04 deg, altFt=0.00 ft, dt=0.0180 s, rollCorr=-0.002 pitchCorr=0.003 m1=0.80 m2=1.00 m3=1.00 m4=0.80
[PHYSICS] pitch=0.00 deg, altFt=0.00 ft, dt=0.0180 s, rollCorr=-0.023 pitchCorr=0.027 m1=0.80 m2=1.00 m3=1.00 m4=0.80
[PHYSICS] pitch=-0.04 deg, altFt=0.00 ft, dt=0.0180 s, rollCorr=-0.002 pitchCorr=0.003 m1=0.80 m2=1.00 m3=1.00 m4=0.80
[PHYSICS] pitch=0.00 deg, altFt=0.00 ft, dt=0.0180 s, rollCorr=-0.023 pitchCorr=0.027 m1=0.80 m2=1.00 m3=1.00 m4=0.80
[PHYSICS] pitch=-0.04 deg, altFt=0.00 ft, dt=0.0180 s, rollCorr=-0.002 pitchCorr=0.003 m1=0.80 m2=1.00 m3=1.00 m4=0.80
[PHYSICS] pitch=0.00 deg, altFt=0.00 ft, dt=0.0180 s, rollCorr=-0.023 pitchCorr=0.027 m1=0.80 m2=1.00 m3=1.00 m4=0.80
[PHYSICS] pitch=-0.04 deg, altFt=0.00 ft, dt=0.0180 s, rollCorr=-0.002 pitchCorr=0.003 m1=0.80 m2=1.00 m3=1.00 m4=0.80
[PHYSICS] pitch=0.00 deg, altFt=0.00 ft, dt=0.0180 s, rollCorr=-0.023 pitchCorr=0.027 m1=0.80 m2=1.00 m3=1.00 m4=0.80
[PHYSICS] pitch=-0.04 deg, altFt=0.00 ft, dt=0.0180 s, rollCorr=-0.002 pitchCorr=0.003 m1=0.80 m2=1.00 m3=1.00 m4=0.80
[PHYSICS] pitch=0.00 deg, altFt=0.00 ft, dt=0.0180 s, rollCorr=-0.023 pitchCorr=0.027 m1=0.80 m2=1.00 m3=1.00 m4=0.80
[PHYSICS] pitch=-0.04 deg, altFt=0.00 ft, dt=0.0180 s, rollCorr=-0.002 pitchCorr=0.003 m1=0.80 m2=1.00 m3=1.00 m4=0.80
[PHYSICS] pitch=0.00 deg, altFt=0.00 ft, dt=0.0180 s, rollCorr=-0.023 pitchCorr=0.027 m1=0.80 m2=1.00 m3=1.00 m4=0.80
[PHYSICS] pitch=-0.04 deg, altFt=0.00 ft, dt=0.0180 s, rollCorr=-0.002 pitchCorr=0.003 m1=0.80 m2=1.00 m3=1.00 m4=0.80
[PHYSICS] pitch=0.00 deg, altFt=0.00 ft, dt=0.0180 s, rollCorr=-0.023 pitchCorr=0.027 m1=0.80 m2=1.00 m3=1.00 m4=0.80
[PHYSICS] pitch=-0.04 deg, altFt=0.00 ft, dt=0.0180 s, rollCorr=-0.002 pitchCorr=0.003 m1=0.80 m2=1.00 m3=1.00 m4=0.80
[PHYSICS] pitch=0.00 deg, altFt=0.00 ft, dt=0.0180 s, rollCorr=-0.023 pitchCorr=0.027 m1=0.80 m2=1.00 m3=1.00 m4=0.80
[PHYSICS] pitch=-0.04 deg, altFt=0.00 ft, dt=0.0180 s, rollCorr=-0.002 pitchCorr=0.003 m1=0.80 m2=1.00 m3=1.00 m4=0.80
[PHYSICS] pitch=0.00 deg, altFt=0.00 ft, dt=0.0180 s, rollCorr=-0.023 pitchCorr=0.027 m1=0.80 m2=1.00 m3=1.00 m4=0.80
[PHYSICS] pitch=-0.04 deg, altFt=0.00 ft, dt=0.0180 s, rollCorr=-0.002 pitchCorr=0.003 m1=0.80 m2=1.00 m3=1.00 m4=0.80
[PHYSICS] pitch=0.00 deg, altFt=0.00 ft, dt=0.0180 s, rollCorr=-0.023 pitchCorr=0.027 m1=0.80 m2=1.00 m3=1.00 m4=0.80
[PHYSICS] pitch=-0.04 deg, altFt=0.00 ft, dt=0.0180 s, rollCorr=-0.002 pitchCorr=0.003 m1=0.80 m2=1.00 m3=1.00 m4=0.80
[PHYSICS] pitch=0.00 deg, altFt=0.00 ft, dt=0.0180 s, rollCorr=-0.023 pitchCorr=0.027 m1=0.80 m2=1.00 m3=1.00 m4=0.80
[PHYSICS] pitch=-0.04 deg, altFt=0.00 ft, dt=0.0180 s, rollCorr=-0.002 pitchCorr=0.003 m1=0.80 m2=1.00 m3=1.00 m4=0.80
[PHYSICS] pitch=0.00 deg, altFt=0.00 ft, dt=0.0180 s, rollCorr=-0.023 pitchCorr=0.027 m1=0.80 m2=1.00 m3=1.00 m4=0.80
[PHYSICS] pitch=-0.04 deg, altFt=0.00 ft, dt=0.0180 s, rollCorr=-0.002 pitchCorr=0.003 m1=0.80 m2=1.00 m3=1.00 m4=0.80
[PHYSICS] pitch=0.00 deg, altFt=0.00 ft, dt=0.0180 s, rollCorr=-0.023 pitchCorr=0.027 m1=0.80 m2=1.00 m3=1.00 m4=0.80
[PHYSICS] pitch=-0.04 deg, altFt=0.00 ft, dt=0.0180 s, rollCorr=-0.002 pitchCorr=0.003 m1=0.80 m2=1.00 m3=1.00 m4=0.80
[PHYSICS] pitch=0.00 deg, altFt=0.00 ft, dt=0.0180 s, rollCorr=-0.023 pitchCorr=0.027 m1=0.80 m2=1.00 m3=1.00 m4=0.80
[PHYSICS] pitch=-0.04 deg, altFt=0.00 ft, dt=0.0180 s, rollCorr=-0.002 pitchCorr=0.003 m1=0.80 m2=1.00 m3=1.00 m4=0.80
[PHYSICS] pitch=0.00 deg, altFt=0.00 ft, dt=0.0180 s, rollCorr=-0.023 pitchCorr=0.027 m1=0.80 m2=1.00 m3=1.00 m4=0.80
[PHYSICS] pitch=-0.04 deg, altFt=0.00 ft, dt=0.0180 s, rollCorr=-0.002 pitchCorr=0.003 m1=0.80 m2=1.00 m3=1.00 m4=0.80
[PHYSICS] pitch=0.00 deg, altFt=0.00 ft, dt=0.0180 s, rollCorr=-0.023 pitchCorr=0.027 m1=0.80 m2=1.00 m3=1.00 m4=0.80
[PHYSICS] pitch=-0.04 deg, altFt=0.00 ft, dt=0.0180 s, rollCorr=-0.002 pitchCorr=0.003 m1=0.80 m2=1.00 m3=1.00 m4=0.80
[PHYSICS] pitch=0.00 deg, altFt=0.00 ft, dt=0.0180 s, rollCorr=-0.023 pitchCorr=0.027 m1=0.80 m2=1.00 m3=1.00 m4=0.80
[PHYSICS] pitch=-0.04 deg, altFt=0.00 ft, dt=0.0180 s, rollCorr=-0.002 pitchCorr=0.003 m1=0.80 m2=1.00 m3=1.00 m4=0.80
[PHYSICS] pitch=0.00 deg, altFt=0.00 ft, dt=0.0180 s, rollCorr=-0.023 pitchCorr=0.027 m1=0.80 m2=1.00 m3=1.00 m4=0.80
[PHYSICS] pitch=-0.04 deg, altFt=0.00 ft, dt=0.0180 s, rollCorr=-0.002 pitchCorr=0.003 m1=0.80 m2=1.00 m3=1.00 m4=0.80
[PHYSICS] pitch=0.00 deg, altFt=0.00 ft, dt=0.0180 s, rollCorr=-0.023 pitchCorr=0.027 m1=0.80 m2=1.00 m3=1.00 m4=0.80
[PHYSICS] pitch=-0.04 deg, altFt=0.00 ft, dt=0.0180 s, rollCorr=-0.002 pitchCorr=0.003 m1=0.80 m2=1.00 m3=1.00 m4=0.80
[PHYSICS] pitch=0.00 deg, altFt=0.00 ft, dt=0.0180 s, rollCorr=-0.023 pitchCorr=0.027 m1=0.80 m2=1.00 m3=1.00 m4=0.80
[PHYSICS] pitch=-0.04 deg, altFt=0.00 ft, dt=0.0180 s, rollCorr=-0.002 pitchCorr=0.003 m1=0.80 m2=1.00 m3=1.00 m4=0.80
[PHYSICS] pitch=0.00 deg, altFt=0.00 ft, dt=0.0180 s, rollCorr=-0.023 pitchCorr=0.027 m1=0.80 m2=1.00 m3=1.00 m4=0.80
[PHYSICS] pitch=-0.04 deg, altFt=0.00 ft, dt=0.0180 s, rollCorr=-0.002 pitchCorr=0.003 m1=0.80 m2=1.00 m3=1.00 m4=0.80
[PHYSICS] pitch=0.00 deg, altFt=0.00 ft, dt=0.0180 s, rollCorr=-0.023 pitchCorr=0.027 m1=0.80 m2=1.00 m3=1.00 m4=0.80
[PHYSICS] pitch=-0.04 deg, altFt=0.00 ft, dt=0.0180 s, rollCorr=-0.002 pitchCorr=0.003 m1=0.80 m2=1.00 m3=1.00 m4=0.80
[PHYSICS] pitch=0.00 deg, altFt=0.00 ft, dt=0.0180 s, rollCorr=-0.023 pitchCorr=0.027 m1=0.80 m2=1.00 m3=1.00 m4=0.80
[PHYSICS] pitch=-0.04 deg, altFt=0.00 ft, dt=0.0180 s, rollCorr=-0.002 pitchCorr=0.003 m1=0.80 m2=1.00 m3=1.00 m4=0.80
[PHYSICS] pitch=0.00 deg, altFt=0.00 ft, dt=0.0180 s, rollCorr=-0.023 pitchCorr=0.027 m1=0.80 m2=1.00 m3=1.00 m4=0.80
[PHYSICS] pitch=-0.04 deg, altFt=0.00 ft, dt=0.0180 s, rollCorr=-0.002 pitchCorr=0.003 m1=0.80 m2=1.00 m3=1.00 m4=0.80
[PHYSICS] pitch=0.00 deg, altFt=0.00 ft, dt=0.0180 s, rollCorr=-0.023 pitchCorr=0.027 m1=0.80 m2=1.00 m3=1.00 m4=0.80
[PHYSICS] pitch=-0.04 deg, altFt=0.00 ft, dt=0.0180 s, rollCorr=-0.002 pitchCorr=0.003 m1=0.80 m2=1.00 m3=1.00 m4=0.80
[PHYSICS] pitch=0.00 deg, altFt=0.00 ft, dt=0.0180 s, rollCorr=-0.023 pitchCorr=0.027 m1=0.80 m2=1.00 m3=1.00 m4=0.80
[PHYSICS] pitch=-0.04 deg, altFt=0.00 ft, dt=0.0180 s, rollCorr=-0.002 pitchCorr=0.003 m1=0.80 m2=1.00 m3=1.00 m4=0.80
[PHYSICS] pitch=0.00 deg, altFt=0.00 ft, dt=0.0180 s, rollCorr=-0.023 pitchCorr=0.027 m1=0.80 m2=1.00 m3=1.00 m4=0.80
[PHYSICS] pitch=-0.04 deg, altFt=0.00 ft, dt=0.0180 s, rollCorr=-0.002 pitchCorr=0.003 m1=0.80 m2=1.00 m3=1.00 m4=0.80
[PHYSICS] pitch=0.00 deg, altFt=0.00 ft, dt=0.0180 s, rollCorr=-0.023 pitchCorr=0.027 m1=0.80 m2=1.00 m3=1.00 m4=0.80
[PHYSICS] pitch=-0.04 deg, altFt=0.00 ft, dt=0.0180 s, rollCorr=-0.002 pitchCorr=0.003 m1=0.80 m2=1.00 m3=1.00 m4=0.80
[PHYSICS] pitch=0.00 deg, altFt=0.00 ft, dt=0.0180 s, rollCorr=-0.023 pitchCorr=0.027 m1=0.80 m2=1.00 m3=1.00 m4=0.80
[PHYSICS] pitch=-0.04 deg, altFt=0.00 ft, dt=0.0180 s, rollCorr=-0.002 pitchCorr=0.003 m1=0.80 m2=1.00 m3=1.00 m4=0.80
[PHYSICS] pitch=0.00 deg, altFt=0.00 ft, dt=0.0180 s, rollCorr=-0.023 pitchCorr=0.027 m1=0.80 m2=1.00 m3=1.00 m4=0.80
[PHYSICS] pitch=-0.04 deg, altFt=0.00 ft, dt=0.0180 s, rollCorr=-0.002 pitchCorr=0.003 m1=0.80 m2=1.00 m3=1.00 m4=0.80
[PHYSICS] pitch=0.00 deg, altFt=0.00 ft, dt=0.0180 s, rollCorr=-0.023 pitchCorr=0.027 m1=0.80 m2=1.00 m3=1.00 m4=0.80
[PHYSICS] pitch=-0.04 deg, altFt=0.00 ft, dt=0.0180 s, rollCorr=-0.002 pitchCorr=0.003 m1=0.80 m2=1.00 m3=1.00 m4=0.80
[PHYSICS] pitch=0.00 deg, altFt=0.00 ft, dt=0.0180 s, rollCorr=-0.023 pitchCorr=0.027 m1=0.80 m2=1.00 m3=1.00 m4=0.80
[PHYSICS] pitch=-0.04 deg, altFt=0.00 ft, dt=0.0180 s, rollCorr=-0.002 pitchCorr=0.003 m1=0.80 m2=1.00 m3=1.00 m4=0.80
[PHYSICS] pitch=0.00 deg, altFt=0.00 ft, dt=0.0180 s, rollCorr=-0.023 pitchCorr=0.027 m1=0.80 m2=1.00 m3=1.00 m4=0.80
[PHYSICS] pitch=-0.04 deg, altFt=0.00 ft, dt=0.0180 s, rollCorr=-0.002 pitchCorr=0.003 m1=0.80 m2=1.00 m3=1.00 m4=0.80
[PHYSICS] pitch=0.00 deg, altFt=0.00 ft, dt=0.0180 s, rollCorr=-0.023 pitchCorr=0.027 m1=0.80 m2=1.00 m3=1.00 m4=0.80
[PHYSICS] pitch=-0.04 deg, altFt=0.00 ft, dt=0.0180 s, rollCorr=-0.002 pitchCorr=0.003 m1=0.80 m2=1.00 m3=1.00 m4=0.80
[PHYSICS] pitch=0.00 deg, altFt=0.00 ft, dt=0.0180 s, rollCorr=-0.023 pitchCorr=0.027 m1=0.80 m2=1.00 m3=1.00 m4=0.80
[PHYSICS] pitch=-0.04 deg, altFt=0.00 ft, dt=0.0180 s, rollCorr=-0.002 pitchCorr=0.003 m1=0.80 m2=1.00 m3=1.00 m4=0.80
[PHYSICS] pitch=0.00 deg, altFt=0.00 ft, dt=0.0180 s, rollCorr=-0.023 pitchCorr=0.027 m1=0.80 m2=1.00 m3=1.00 m4=0.80
[PHYSICS] pitch=-0.04 deg, altFt=0.00 ft, dt=0.0180 s, rollCorr=-0.002 pitchCorr=0.003 m1=0.80 m2=1.00 m3=1.00 m4=0.80
[PHYSICS] pitch=0.00 deg, altFt=0.00 ft, dt=0.0180 s, rollCorr=-0.023 pitchCorr=0.027 m1=0.80 m2=1.00 m3=1.00 m4=0.80
[PHYSICS] pitch=-0.04 deg, altFt=0.00 ft, dt=0.0180 s, rollCorr=-0.002 pitchCorr=0.003 m1=0.80 m2=1.00 m3=1.00 m4=0.80
[PHYSICS] pitch=0.00 deg, altFt=0.00 ft, dt=0.0180 s, rollCorr=-0.023 pitchCorr=0.027 m1=0.80 m2=1.00 m3=1.00 m4=0.80
[PHYSICS] pitch=-0.04 deg, altFt=0.00 ft, dt=0.0180 s, rollCorr=-0.002 pitchCorr=0.003 m1=0.80 m2=1.00 m3=1.00 m4=0.80
[PHYSICS] pitch=0.00 deg, altFt=0.00 ft, dt=0.0180 s, rollCorr=-0.023 pitchCorr=0.027 m1=0.80 m2=1.00 m3=1.00 m4=0.80
[PHYSICS] pitch=-0.04 deg, altFt=0.00 ft, dt=0.0180 s, rollCorr=-0.002 pitchCorr=0.003 m1=0.80 m2=1.00 m3=1.00 m4=0.80
[PHYSICS] pitch=0.00 deg, altFt=0.00 ft, dt=0.0180 s, rollCorr=-0.023 pitchCorr=0.027 m1=0.80 m2=1.00 m3=1.00 m4=0.80
[PHYSICS] pitch=-0.04 deg, altFt=0.00 ft, dt=0.0180 s, rollCorr=-0.002 pitchCorr=0.003 m1=0.80 m2=1.00 m3=1.00 m4=0.80
[PHYSICS] pitch=0.00 deg, altFt=0.00 ft, dt=0.0180 s, rollCorr=-0.023 pitchCorr=0.027 m1=0.80 m2=1.00 m3=1.00 m4=0.80
[PHYSICS] pitch=-0.04 deg, altFt=0.00 ft, dt=0.0180 s, rollCorr=-0.002 pitchCorr=0.003 m1=0.80 m2=1.00 m3=1.00 m4=0.80
[PHYSICS] pitch=0.00 deg, altFt=0.00 ft, dt=0.0180 s, rollCorr=-0.023 pitchCorr=0.027 m1=0.80 m2=1.00 m3=1.00 m4=0.80
[PHYSICS] pitch=-0.04 deg, altFt=0.00 ft, dt=0.0180 s, rollCorr=-0.002 pitchCorr=0.003 m1=0.80 m2=1.00 m3=1.00 m4=0.80
[PHYSICS] pitch=0.00 deg, altFt=0.00 ft, dt=0.0180 s, rollCorr=-0.023 pitchCorr=0.027 m1=0.80 m2=1.00 m3=1.00 m4=0.80
[PHYSICS] pitch=-0.04 deg, altFt=0.00 ft, dt=0.0180 s, rollCorr=-0.002 pitchCorr=0.003 m1=0.80 m2=1.00 m3=1.00 m4=0.80
[PHYSICS] pitch=0.00 deg, altFt=0.00 ft, dt=0.0180 s, rollCorr=-0.023 pitchCorr=0.027 m1=0.80 m2=1.00 m3=1.00 m4=0.80
[PHYSICS] pitch=-0.04 deg, altFt=0.00 ft, dt=0.0180 s, rollCorr=-0.002 pitchCorr=0.003 m1=0.80 m2=1.00 m3=1.00 m4=0.80
[PHYSICS] pitch=0.00 deg, altFt=0.00 ft, dt=0.0180 s, rollCorr=-0.023 pitchCorr=0.027 m1=0.80 m2=1.00 m3=1.00 m4=0.80
[PHYSICS] pitch=-0.04 deg, altFt=0.00 ft, dt=0.0180 s, rollCorr=-0.002 pitchCorr=0.003 m1=0.80 m2=1.00 m3=1.00 m4=0.80
[PHYSICS] pitch=0.00 deg, altFt=0.00 ft, dt=0.0180 s, rollCorr=-0.023 pitchCorr=0.027 m1=0.80 m2=1.00 m3=1.00 m4=0.80
[PHYSICS] pitch=-0.04 deg, altFt=0.00 ft, dt=0.0180 s, rollCorr=-0.002 pitchCorr=0.003 m1=0.80 m2=1.00 m3=1.00 m4=0.80
[PHYSICS] pitch=0.00 deg, altFt=0.00 ft, dt=0.0180 s, rollCorr=-0.023 pitchCorr=0.027 m1=0.80 m2=1.00 m3=1.00 m4=0.80
[PHYSICS] pitch=-0.04 deg, altFt=0.00 ft, dt=0.0180 s, rollCorr=-0.002 pitchCorr=0.003 m1=0.80 m2=1.00 m3=1.00 m4=0.80
[PHYSICS] pitch=0.00 deg, altFt=0.00 ft, dt=0.0180 s, rollCorr=-0.023 pitchCorr=0.027 m1=0.80 m2=1.00 m3=1.00 m4=0.80
[PHYSICS] pitch=-0.04 deg, altFt=0.00 ft, dt=0.0180 s, rollCorr=-0.002 pitchCorr=0.003 m1=0.80 m2=1.00 m3=1.00 m4=0.80
[PHYSICS] pitch=0.00 deg, altFt=0.00 ft, dt=0.0180 s, rollCorr=-0.023 pitchCorr=0.027 m1=0.80 m2=1.00 m3=1.00 m4=0.80
[PHYSICS] pitch=-0.04 deg, altFt=0.00 ft, dt=0.0180 s, rollCorr=-0.002 pitchCorr=0.003 m1=0.80 m2=1.00 m3=1.00 m4=0.80
[PHYSICS] pitch=0.00 deg, altFt=0.00 ft, dt=0.0180 s, rollCorr=-0.023 pitchCorr=0.027 m1=0.80 m2=1.00 m3=1.00 m4=0.80
[PHYSICS] pitch=-0.04 deg, altFt=0.00 ft, dt=0.0180 s, rollCorr=-0.002 pitchCorr=0.003 m1=0.80 m2=1.00 m3=1.00 m4=0.80
[PHYSICS] pitch=0.00 deg, altFt=0.00 ft, dt=0.0180 s, rollCorr=-0.023 pitchCorr=0.027 m1=0.80 m2=1.00 m3=1.00 m4=0.80
[PHYSICS] pitch=-0.04 deg, altFt=0.00 ft, dt=0.0180 s, rollCorr=-0.002 pitchCorr=0.003 m1=0.80 m2=1.00 m3=1.00 m4=0.80
[PHYSICS] pitch=0.00 deg, altFt=0.00 ft, dt=0.0180 s, rollCorr=-0.023 pitchCorr=0.027 m1=0.80 m2=1.00 m3=1.00 m4=0.80
[PHYSICS] pitch=-0.04 deg, altFt=0.00 ft, dt=0.0180 s, rollCorr=-0.002 pitchCorr=0.003 m1=0.80 m2=1.00 m3=1.00 m4=0.80
[PHYSICS] pitch=0.00 deg, altFt=0.00 ft, dt=0.0180 s, rollCorr=-0.023 pitchCorr=0.027 m1=0.80 m2=1.00 m3=1.00 m4=0.80
[PHYSICS] pitch=-0.04 deg, altFt=0.00 ft, dt=0.0180 s, rollCorr=-0.002 pitchCorr=0.003 m1=0.80 m2=1.00 m3=1.00 m4=0.80
[PHYSICS] pitch=0.00 deg, altFt=0.00 ft, dt=0.0180 s, rollCorr=-0.023 pitchCorr=0.027 m1=0.80 m2=1.00 m3=1.00 m4=0.80
[PHYSICS] pitch=-0.04 deg, altFt=0.00 ft, dt=0.0180 s, rollCorr=-0.002 pitchCorr=0.003 m1=0.80 m2=1.00 m3=1.00 m4=0.80
[PHYSICS] pitch=0.00 deg, altFt=0.00 ft, dt=0.0180 s, rollCorr=-0.023 pitchCorr=0.027 m1=0.80 m2=1.00 m3=1.00 m4=0.80
[PHYSICS] pitch=-0.04 deg, altFt=0.00 ft, dt=0.0180 s, rollCorr=-0.002 pitchCorr=0.003 m1=0.80 m2=1.00 m3=1.00 m4=0.80
[PHYSICS] pitch=0.00 deg, altFt=0.00 ft, dt=0.0180 s, rollCorr=-0.023 pitchCorr=0.027 m1=0.80 m2=1.00 m3=1.00 m4=0.80
[PHYSICS] pitch=-0.04 deg, altFt=0.00 ft, dt=0.0180 s, rollCorr=-0.002 pitchCorr=0.003 m1=0.80 m2=1.00 m3=1.00 m4=0.80
[PHYSICS] pitch=0.00 deg, altFt=0.00 ft, dt=0.0180 s, rollCorr=-0.023 pitchCorr=0.027 m1=0.80 m2=1.00 m3=1.00 m4=0.80
[PHYSICS] pitch=-0.04 deg, altFt=0.00 ft, dt=0.0180 s, rollCorr=-0.002 pitchCorr=0.003 m1=0.80 m2=1.00 m3=1.00 m4=0.80
[PHYSICS] pitch=0.00 deg, altFt=0.00 ft, dt=0.0180 s, rollCorr=-0.023 pitchCorr=0.027 m1=0.80 m2=1.00 m3=1.00 m4=0.80
[PHYSICS] pitch=-0.04 deg, altFt=0.00 ft, dt=0.0180 s, rollCorr=-0.002 pitchCorr=0.003 m1=0.80 m2=1.00 m3=1.00 m4=0.80
[PHYSICS] pitch=0.00 deg, altFt=0.00 ft, dt=0.0180 s, rollCorr=-0.023 pitchCorr=0.027 m1=0.80 m2=1.00 m3=1.00 m4=0.80
[PHYSICS] pitch=-0.04 deg, altFt=0.00 ft, dt=0.0180 s, rollCorr=-0.002 pitchCorr=0.003 m1=0.80 m2=1.00 m3=1.00 m4=0.80
[PHYSICS] pitch=0.00 deg, altFt=0.00 ft, dt=0.0180 s, rollCorr=-0.023 pitchCorr=0.027 m1=0.80 m2=1.00 m3=1.00 m4=0.80
[PHYSICS] pitch=-0.04 deg, altFt=0.00 ft, dt=0.0180 s, rollCorr=-0.002 pitchCorr=0.003 m1=0.80 m2=1.00 m3=1.00 m4=0.80
[PHYSICS] pitch=0.00 deg, altFt=0.00 ft, dt=0.0180 s, rollCorr=-0.023 pitchCorr=0.027 m1=0.80 m2=1.00 m3=1.00 m4=0.80
[PHYSICS] pitch=-0.04 deg, altFt=0.00 ft, dt=0.0180 s, rollCorr=-0.002 pitchCorr=0.003 m1=0.80 m2=1.00 m3=1.00 m4=0.80
[PHYSICS] pitch=0.00 deg, altFt=0.00 ft, dt=0.0180 s, rollCorr=-0.023 pitchCorr=0.027 m1=0.80 m2=1.00 m3=1.00 m4=0.80
[PHYSICS] pitch=-0.04 deg, altFt=0.00 ft, dt=0.0180 s, rollCorr=-0.002 pitchCorr=0.003 m1=0.80 m2=1.00 m3=1.00 m4=0.80
[PHYSICS] pitch=0.00 deg, altFt=0.00 ft, dt=0.0180 s, rollCorr=-0.023 pitchCorr=0.027 m1=0.80 m2=1.00 m3=1.00 m4=0.80
[PHYSICS] pitch=-0.04 deg, altFt=0.00 ft, dt=0.0180 s, rollCorr=-0.002 pitchCorr=0.003 m1=0.80 m2=1.00 m3=1.00 m4=0.80
[PHYSICS] pitch=0.00 deg, altFt=0.00 ft, dt=0.0180 s, rollCorr=-0.023 pitchCorr=0.027 m1=0.80 m2=1.00 m3=1.00 m4=0.80
[PHYSICS] pitch=-0.04 deg, altFt=0.00 ft, dt=0.0180 s, rollCorr=-0.002 pitchCorr=0.003 m1=0.80 m2=1.00 m3=1.00 m4=0.80
[PHYSICS] pitch=0.00 deg, altFt=0.00 ft, dt=0.0180 s, rollCorr=-0.023 pitchCorr=0.027 m1=0.80 m2=1.00 m3=1.00 m4=0.80
[PHYSICS] pitch=-0.04 deg, altFt=0.00 ft, dt=0.0180 s, rollCorr=-0.002 pitchCorr=0.003 m1=0.80 m2=1.00 m3=1.00 m4=0.80
[PHYSICS] pitch=0.00 deg, altFt=0.00 ft, dt=0.0180 s, rollCorr=-0.023 pitchCorr=0.027 m1=0.80 m2=1.00 m3=1.00 m4=0.80
[PHYSICS] pitch=-0.04 deg, altFt=0.00 ft, dt=0.0180 s, rollCorr=-0.002 pitchCorr=0.003 m1=0.80 m2=1.00 m3=1.00 m4=0.80
[PHYSICS] pitch=0.00 deg, altFt=0.00 ft, dt=0.0180 s, rollCorr=-0.023 pitchCorr=0.027 m1=0.80 m2=1.00 m3=1.00 m4=0.80
[PHYSICS] pitch=-0.04 deg, altFt=0.00 ft, dt=0.0180 s, rollCorr=-0.002 pitchCorr=0.003 m1=0.80 m2=1.00 m3=1.00 m4=0.80
[PHYSICS] pitch=0.00 deg, altFt=0.00 ft, dt=0.0180 s, rollCorr=-0.023 pitchCorr=0.027 m1=0.80 m2=1.00 m3=1.00 m4=0.80
[PHYSICS] pitch=-0.04 deg, altFt=0.00 ft, dt=0.0180 s, rollCorr=-0.002 pitchCorr=0.003 m1=0.80 m2=1.00 m3=1.00 m4=0.80
[PHYSICS] pitch=0.00 deg, altFt=0.00 ft, dt=0.0180 s, rollCorr=-0.023 pitchCorr=0.027 m1=0.80 m2=1.00 m3=1.00 m4=0.80
[PHYSICS] pitch=-0.04 deg, altFt=0.00 ft, dt=0.0180 s, rollCorr=-0.002 pitchCorr=0.003 m1=0.80 m2=1.00 m3=1.00 m4=0.80
[PHYSICS] pitch=0.00 deg, altFt=0.00 ft, dt=0.0180 s, rollCorr=-0.023 pitchCorr=0.027 m1=0.80 m2=1.00 m3=1.00 m4=0.80
[PHYSICS] pitch=-0.04 deg, altFt=0.00 ft, dt=0.0180 s, rollCorr=-0.002 pitchCorr=0.003 m1=0.80 m2=1.00 m3=1.00 m4=0.80
[PHYSICS] pitch=0.00 deg, altFt=0.00 ft, dt=0.0180 s, rollCorr=-0.023 pitchCorr=0.027 m1=0.80 m2=1.00 m3=1.00 m4=0.80
[PHYSICS] pitch=-0.04 deg, altFt=0.00 ft, dt=0.0180 s, rollCorr=-0.002 pitchCorr=0.003 m1=0.80 m2=1.00 m3=1.00 m4=0.80
[PHYSICS] pitch=0.00 deg, altFt=0.00 ft, dt=0.0180 s, rollCorr=-0.023 pitchCorr=0.027 m1=0.80 m2=1.00 m3=1.00 m4=0.80
[PHYSICS] pitch=-0.04 deg, altFt=0.00 ft, dt=0.0180 s, rollCorr=-0.002 pitchCorr=0.003 m1=0.80 m2=1.00 m3=1.00 m4=0.80
[PHYSICS] pitch=0.00 deg, altFt=0.00 ft, dt=0.0180 s, rollCorr=-0.023 pitchCorr=0.027 m1=0.80 m2=1.00 m3=1.00 m4=0.80
[PHYSICS] pitch=-0.04 deg, altFt=0.00 ft, dt=0.0180 s, rollCorr=-0.002 pitchCorr=0.003 m1=0.80 m2=1.00 m3=1.00 m4=0.80
[PHYSICS] pitch=0.00 deg, altFt=0.00 ft, dt=0.0180 s, rollCorr=-0.023 pitchCorr=0.027 m1=0.80 m2=1.00 m3=1.00 m4=0.80
[PHYSICS] pitch=-0.04 deg, altFt=0.00 ft, dt=0.0180 s, rollCorr=-0.002 pitchCorr=0.003 m1=0.80 m2=1.00 m3=1.00 m4=0.80
[PHYSICS] pitch=0.00 deg, altFt=0.00 ft, dt=0.0180 s, rollCorr=-0.023 pitchCorr=0.027 m1=0.80 m2=1.00 m3=1.00 m4=0.80
[PHYSICS] pitch=-0.04 deg, altFt=0.00 ft, dt=0.0180 s, rollCorr=-0.002 pitchCorr=0.003 m1=0.80 m2=1.00 m3=1.00 m4=0.80
[PHYSICS] pitch=0.00 deg, altFt=0.00 ft, dt=0.0180 s, rollCorr=-0.023 pitchCorr=0.027 m1=0.80 m2=1.00 m3=1.00 m4=0.80
[PHYSICS] pitch=-0.04 deg, altFt=0.00 ft, dt=0.0180 s, rollCorr=-0.002 pitchCorr=0.003 m1=0.80 m2=1.00 m3=1.00 m4=0.80
[PHYSICS] pitch=0.00 deg, altFt=0.00 ft, dt=0.0180 s, rollCorr=-0.023 pitchCorr=0.027 m1=0.80 m2=1.00 m3=1.00 m4=0.80
[PHYSICS] pitch=-0.04 deg, altFt=0.00 ft, dt=0.0180 s, rollCorr=-0.002 pitchCorr=0.003 m1=0.80 m2=1.00 m3=1.00 m4=0.80
[PHYSICS] pitch=0.00 deg, altFt=0.00 ft, dt=0.0180 s, rollCorr=-0.023 pitchCorr=0.027 m1=0.80 m2=1.00 m3=1.00 m4=0.80
[PHYSICS] pitch=-0.04 deg, altFt=0.00 ft, dt=0.0180 s, rollCorr=-0.002 pitchCorr=0.003 m1=0.80 m2=1.00 m3=1.00 m4=0.80
[PHYSICS] pitch=0.00 deg, altFt=0.00 ft, dt=0.0180 s, rollCorr=-0.023 pitchCorr=0.027 m1=0.80 m2=1.00 m3=1.00 m4=0.80
[PHYSICS] pitch=-0.04 deg, altFt=0.00 ft, dt=0.0180 s, rollCorr=-0.002 pitchCorr=0.003 m1=0.80 m2=1.00 m3=1.00 m4=0.80
[PHYSICS] pitch=0.00 deg, altFt=0.00 ft, dt=0.0180 s, rollCorr=-0.023 pitchCorr=0.027 m1=0.80 m2=1.00 m3=1.00 m4=0.80
[PHYSICS] pitch=-0.04 deg, altFt=0.00 ft, dt=0.0180 s, rollCorr=-0.002 pitchCorr=0.003 m1=0.80 m2=1.00 m3=1.00 m4=0.80
[PHYSICS] pitch=0.00 deg, altFt=0.00 ft, dt=0.0180 s, rollCorr=-0.023 pitchCorr=0.027 m1=0.80 m2=1.00 m3=1.00 m4=0.80
[PHYSICS] pitch=-0.04 deg, altFt=0.00 ft, dt=0.0180 s, rollCorr=-0.002 pitchCorr=0.003 m1=0.80 m2=1.00 m3=1.00 m4=0.80
[PHYSICS] pitch=0.00 deg, altFt=0.00 ft, dt=0.0180 s, rollCorr=-0.023 pitchCorr=0.027 m1=0.80 m2=1.00 m3=1.00 m4=0.80
[PHYSICS] pitch=-0.04 deg, altFt=0.00 ft, dt=0.0180 s, rollCorr=-0.002 pitchCorr=0.003 m1=0.80 m2=1.00 m3=1.00 m4=0.80
[PHYSICS] pitch=0.00 deg, altFt=0.00 ft, dt=0.0180 s, rollCorr=-0.023 pitchCorr=0.027 m1=0.80 m2=1.00 m3=1.00 m4=0.80
[PHYSICS] pitch=-0.04 deg, altFt=0.00 ft, dt=0.0180 s, rollCorr=-0.002 pitchCorr=0.003 m1=0.80 m2=1.00 m3=1.00 m4=0.80
[PHYSICS] pitch=0.00 deg, altFt=0.00 ft, dt=0.0180 s, rollCorr=-0.023 pitchCorr=0.027 m1=0.80 m2=1.00 m3=1.00 m4=0.80
[PHYSICS] pitch=-0.04 deg, altFt=0.00 ft, dt=0.0180 s, rollCorr=-0.002 pitchCorr=0.003 m1=0.80 m2=1.00 m3=1.00 m4=0.80
[PHYSICS] pitch=0.00 deg, altFt=0.00 ft, dt=0.0180 s, rollCorr=-0.023 pitchCorr=0.027 m1=0.80 m2=1.00 m3=1.00 m4=0.80
[PHYSICS] pitch=-0.04 deg, altFt=0.00 ft, dt=0.0180 s, rollCorr=-0.002 pitchCorr=0.003 m1=0.80 m2=1.00 m3=1.00 m4=0.80
[PHYSICS] pitch=0.00 deg, altFt=0.00 ft, dt=0.0180 s, rollCorr=-0.023 pitchCorr=0.027 m1=0.80 m2=1.00 m3=1.00 m4=0.80
[PHYSICS] pitch=-0.04 deg, altFt=0.00 ft, dt=0.0180 s, rollCorr=-0.002 pitchCorr=0.003 m1=0.80 m2=1.00 m3=1.00 m4=0.80
[PHYSICS] pitch=0.00 deg, altFt=0.00 ft, dt=0.0180 s, rollCorr=-0.023 pitchCorr=0.027 m1=0.80 m2=1.00 m3=1.00 m4=0.80
[PHYSICS] pitch=-0.04 deg, altFt=0.00 ft, dt=0.0180 s, rollCorr=-0.002 pitchCorr=0.003 m1=0.80 m2=1.00 m3=1.00 m4=0.80
[PHYSICS] pitch=0.00 deg, altFt=0.00 ft, dt=0.0180 s, rollCorr=-0.023 pitchCorr=0.027 m1=0.80 m2=1.00 m3=1.00 m4=0.80
[PHYSICS] pitch=-0.04 deg, altFt=0.00 ft, dt=0.0180 s, rollCorr=-0.002 pitchCorr=0.003 m1=0.80 m2=1.00 m3=1.00 m4=0.80
[PHYSICS] pitch=0.00 deg, altFt=0.00 ft, dt=0.0180 s, rollCorr=-0.023 pitchCorr=0.027 m1=0.80 m2=1.00 m3=1.00 m4=0.80
[PHYSICS] pitch=-0.04 deg, altFt=0.00 ft, dt=0.0180 s, rollCorr=-0.002 pitchCorr=0.003 m1=0.80 m2=1.00 m3=1.00 m4=0.80
[PHYSICS] pitch=0.00 deg, altFt=0.00 ft, dt=0.0180 s, rollCorr=-0.023 pitchCorr=0.027 m1=0.80 m2=1.00 m3=1.00 m4=0.80
[PHYSICS] pitch=-0.04 deg, altFt=0.00 ft, dt=0.0180 s, rollCorr=-0.002 pitchCorr=0.003 m1=0.80 m2=1.00 m3=1.00 m4=0.80
[PHYSICS] pitch=0.00 deg, altFt=0.00 ft, dt=0.0180 s, rollCorr=-0.023 pitchCorr=0.027 m1=0.80 m2=1.00 m3=1.00 m4=0.80
[PHYSICS] pitch=-0.04 deg, altFt=0.00 ft, dt=0.0180 s, rollCorr=-0.002 pitchCorr=0.003 m1=0.80 m2=1.00 m3=1.00 m4=0.80
[PHYSICS] pitch=0.00 deg, altFt=0.00 ft, dt=0.0180 s, rollCorr=-0.023 pitchCorr=0.027 m1=0.80 m2=1.00 m3=1.00 m4=0.80
[PHYSICS] pitch=-0.04 deg, altFt=0.00 ft, dt=0.0180 s, rollCorr=-0.002 pitchCorr=0.003 m1=0.80 m2=1.00 m3=1.00 m4=0.80
[PHYSICS] pitch=0.00 deg, altFt=0.00 ft, dt=0.0180 s, rollCorr=-0.023 pitchCorr=0.027 m1=0.80 m2=1.00 m3=1.00 m4=0.80
[PHYSICS] pitch=-0.04 deg, altFt=0.00 ft, dt=0.0180 s, rollCorr=-0.002 pitchCorr=0.003 m1=0.80 m2=1.00 m3=1.00 m4=0.80
[PHYSICS] pitch=0.00 deg, altFt=0.00 ft, dt=0.0180 s, rollCorr=-0.023 pitchCorr=0.027 m1=0.80 m2=1.00 m3=1.00 m4=0.80
[PHYSICS] pitch=-0.04 deg, altFt=0.00 ft, dt=0.0180 s, rollCorr=-0.002 pitchCorr=0.003 m1=0.80 m2=1.00 m3=1.00 m4=0.80
[PHYSICS] pitch=0.00 deg, altFt=0.00 ft, dt=0.0180 s, rollCorr=-0.023 pitchCorr=0.027 m1=0.80 m2=1.00 m3=1.00 m4=0.80
[PHYSICS] pitch=-0.04 deg, altFt=0.00 ft, dt=0.0180 s, rollCorr=-0.002 pitchCorr=0.003 m1=0.80 m2=1.00 m3=1.00 m4=0.80
[PHYSICS] pitch=0.00 deg, altFt=0.00 ft, dt=0.0180 s, rollCorr=-0.023 pitchCorr=0.027 m1=0.80 m2=1.00 m3=1.00 m4=0.80
[PHYSICS] pitch=-0.04 deg, altFt=0.00 ft, dt=0.0180 s, rollCorr=-0.002 pitchCorr=0.003 m1=0.80 m2=1.00 m3=1.00 m4=0.80
[PHYSICS] pitch=0.00 deg, altFt=0.00 ft, dt=0.0180 s, rollCorr=-0.023 pitchCorr=0.027 m1=0.80 m2=1.00 m3=1.00 m4=0.80
[PHYSICS] pitch=-0.04 deg, altFt=0.00 ft, dt=0.0180 s, rollCorr=-0.002 pitchCorr=0.003 m1=0.80 m2=1.00 m3=1.00 m4=0.80
[PHYSICS] pitch=0.00 deg, altFt=0.00 ft, dt=0.0180 s, rollCorr=-0.023 pitchCorr=0.027 m1=0.80 m2=1.00 m3=1.00 m4=0.80
[PHYSICS] pitch=-0.04 deg, altFt=0.00 ft, dt=0.0180 s, rollCorr=-0.002 pitchCorr=0.003 m1=0.80 m2=1.00 m3=1.00 m4=0.80
[PHYSICS] pitch=0.00 deg, altFt=0.00 ft, dt=0.0180 s, rollCorr=-0.023 pitchCorr=0.027 m1=0.80 m2=1.00 m3=1.00 m4=0.80
[PHYSICS] pitch=-0.04 deg, altFt=0.00 ft, dt=0.0180 s, rollCorr=-0.002 pitchCorr=0.003 m1=0.80 m2=1.00 m3=1.00 m4=0.80
[PHYSICS] pitch=0.00 deg, altFt=0.00 ft, dt=0.0180 s, rollCorr=-0.023 pitchCorr=0.027 m1=0.80 m2=1.00 m3=1.00 m4=0.80
[PHYSICS] pitch=-0.04 deg, altFt=0.00 ft, dt=0.0180 s, rollCorr=-0.002 pitchCorr=0.003 m1=0.80 m2=1.00 m3=1.00 m4=0.80
[PHYSICS] pitch=0.00 deg, altFt=0.00 ft, dt=0.0180 s, rollCorr=-0.023 pitchCorr=0.027 m1=0.80 m2=1.00 m3=1.00 m4=0.80
[PHYSICS] pitch=-0.04 deg, altFt=0.00 ft, dt=0.0180 s, rollCorr=-0.002 pitchCorr=0.003 m1=0.80 m2=1.00 m3=1.00 m4=0.80
[PHYSICS] pitch=0.00 deg, altFt=0.00 ft, dt=0.0180 s, rollCorr=-0.023 pitchCorr=0.027 m1=0.80 m2=1.00 m3=1.00 m4=0.80
[PHYSICS] pitch=-0.04 deg, altFt=0.00 ft, dt=0.0180 s, rollCorr=-0.002 pitchCorr=0.003 m1=0.80 m2=1.00 m3=1.00 m4=0.80
[PHYSICS] pitch=0.00 deg, altFt=0.00 ft, dt=0.0180 s, rollCorr=-0.023 pitchCorr=0.027 m1=0.80 m2=1.00 m3=1.00 m4=0.80
[PHYSICS] pitch=-0.04 deg, altFt=0.00 ft, dt=0.0180 s, rollCorr=-0.002 pitchCorr=0.003 m1=0.80 m2=1.00 m3=1.00 m4=0.80
[PHYSICS] pitch=0.00 deg, altFt=0.00 ft, dt=0.0180 s, rollCorr=-0.023 pitchCorr=0.027 m1=0.80 m2=1.00 m3=1.00 m4=0.80
[PHYSICS] pitch=-0.04 deg, altFt=0.00 ft, dt=0.0180 s, rollCorr=-0.002 pitchCorr=0.003 m1=0.80 m2=1.00 m3=1.00 m4=0.80
[PHYSICS] pitch=0.00 deg, altFt=0.00 ft, dt=0.0180 s, rollCorr=-0.023 pitchCorr=0.027 m1=0.80 m2=1.00 m3=1.00 m4=0.80
[PHYSICS] pitch=-0.04 deg, altFt=0.00 ft, dt=0.0180 s, rollCorr=-0.002 pitchCorr=0.003 m1=0.80 m2=1.00 m3=1.00 m4=0.80
[PHYSICS] pitch=0.00 deg, altFt=0.00 ft, dt=0.0180 s, rollCorr=-0.023 pitchCorr=0.027 m1=0.80 m2=1.00 m3=1.00 m4=0.80
[PHYSICS] pitch=-0.04 deg, altFt=0.00 ft, dt=0.0180 s, rollCorr=-0.002 pitchCorr=0.003 m1=0.80 m2=1.00 m3=1.00 m4=0.80
[PHYSICS] pitch=0.00 deg, altFt=0.00 ft, dt=0.0180 s, rollCorr=-0.023 pitchCorr=0.027 m1=0.80 m2=1.00 m3=1.00 m4=0.80
[PHYSICS] pitch=-0.04 deg, altFt=0.00 ft, dt=0.0180 s, rollCorr=-0.002 pitchCorr=0.003 m1=0.80 m2=1.00 m3=1.00 m4=0.80
[PHYSICS] pitch=0.00 deg, altFt=0.00 ft, dt=0.0180 s, rollCorr=-0.023 pitchCorr=0.027 m1=0.80 m2=1.00 m3=1.00 m4=0.80
[PHYSICS] pitch=-0.04 deg, altFt=0.00 ft, dt=0.0180 s, rollCorr=-0.002 pitchCorr=0.003 m1=0.80 m2=1.00 m3=1.00 m4=0.80
[PHYSICS] pitch=0.00 deg, altFt=0.00 ft, dt=0.0180 s, rollCorr=-0.023 pitchCorr=0.027 m1=0.80 m2=1.00 m3=1.00 m4=0.80
[PHYSICS] pitch=-0.04 deg, altFt=0.00 ft, dt=0.0180 s, rollCorr=-0.002 pitchCorr=0.003 m1=0.80 m2=1.00 m3=1.00 m4=0.80
[PHYSICS] pitch=0.00 deg, altFt=0.00 ft, dt=0.0180 s, rollCorr=-0.023 pitchCorr=0.027 m1=0.80 m2=1.00 m3=1.00 m4=0.80
[PHYSICS] pitch=-0.04 deg, altFt=0.00 ft, dt=0.0180 s, rollCorr=-0.002 pitchCorr=0.003 m1=0.80 m2=1.00 m3=1.00 m4=0.80
[PHYSICS] pitch=0.00 deg, altFt=0.00 ft, dt=0.0180 s, rollCorr=-0.023 pitchCorr=0.027 m1=0.80 m2=1.00 m3=1.00 m4=0.80
[PHYSICS] pitch=-0.04 deg, altFt=0.00 ft, dt=0.0180 s, rollCorr=-0.002 pitchCorr=0.003 m1=0.80 m2=1.00 m3=1.00 m4=0.80
[PHYSICS] pitch=0.00 deg, altFt=0.00 ft, dt=0.0180 s, rollCorr=-0.023 pitchCorr=0.027 m1=0.80 m2=1.00 m3=1.00 m4=0.80
[PHYSICS] pitch=-0.04 deg, altFt=0.00 ft, dt=0.0180 s, rollCorr=-0.002 pitchCorr=0.003 m1=0.80 m2=1.00 m3=1.00 m4=0.80
[PHYSICS] pitch=0.00 deg, altFt=0.00 ft, dt=0.0180 s, rollCorr=-0.023 pitchCorr=0.027 m1=0.80 m2=1.00 m3=1.00 m4=0.80
[PHYSICS] pitch=-0.04 deg, altFt=0.00 ft, dt=0.0180 s, rollCorr=-0.002 pitchCorr=0.003 m1=0.80 m2=1.00 m3=1.00 m4=0.80
[PHYSICS] pitch=0.00 deg, altFt=0.00 ft, dt=0.0180 s, rollCorr=-0.023 pitchCorr=0.027 m1=0.80 m2=1.00 m3=1.00 m4=0.80
[PHYSICS] pitch=-0.04 deg, altFt=0.00 ft, dt=0.0180 s, rollCorr=-0.002 pitchCorr=0.003 m1=0.80 m2=1.00 m3=1.00 m4=0.80
[PHYSICS] pitch=0.00 deg, altFt=0.00 ft, dt=0.0180 s, rollCorr=-0.023 pitchCorr=0.027 m1=0.80 m2=1.00 m3=1.00 m4=0.80
[PHYSICS] pitch=-0.04 deg, altFt=0.00 ft, dt=0.0180 s, rollCorr=-0.002 pitchCorr=0.003 m1=0.80 m2=1.00 m3=1.00 m4=0.80
[PHYSICS] pitch=0.00 deg, altFt=0.00 ft, dt=0.0180 s, rollCorr=-0.023 pitchCorr=0.027 m1=0.80 m2=1.00 m3=1.00 m4=0.80
[PHYSICS] pitch=-0.04 deg, altFt=0.00 ft, dt=0.0180 s, rollCorr=-0.002 pitchCorr=0.003 m1=0.80 m2=1.00 m3=1.00 m4=0.80
[PHYSICS] pitch=0.00 deg, altFt=0.00 ft, dt=0.0180 s, rollCorr=-0.023 pitchCorr=0.027 m1=0.80 m2=1.00 m3=1.00 m4=0.80
[PHYSICS] pitch=-0.04 deg, altFt=0.00 ft, dt=0.0180 s, rollCorr=-0.002 pitchCorr=0.003 m1=0.80 m2=1.00 m3=1.00 m4=0.80
[PHYSICS] pitch=0.00 deg, altFt=0.00 ft, dt=0.0180 s, rollCorr=-0.023 pitchCorr=0.027 m1=0.80 m2=1.00 m3=1.00 m4=0.80
[PHYSICS] pitch=-0.04 deg, altFt=0.00 ft, dt=0.0180 s, rollCorr=-0.002 pitchCorr=0.003 m1=0.80 m2=1.00 m3=1.00 m4=0.80
[PHYSICS] pitch=0.00 deg, altFt=0.00 ft, dt=0.0180 s, rollCorr=-0.023 pitchCorr=0.027 m1=0.80 m2=1.00 m3=1.00 m4=0.80
[PHYSICS] pitch=-0.04 deg, altFt=0.00 ft, dt=0.0180 s, rollCorr=-0.002 pitchCorr=0.003 m1=0.80 m2=1.00 m3=1.00 m4=0.80
[PHYSICS] pitch=0.00 deg, altFt=0.00 ft, dt=0.0180 s, rollCorr=-0.023 pitchCorr=0.027 m1=0.80 m2=1.00 m3=1.00 m4=0.80
[PHYSICS] pitch=-0.04 deg, altFt=0.00 ft, dt=0.0180 s, rollCorr=-0.002 pitchCorr=0.003 m1=0.80 m2=1.00 m3=1.00 m4=0.80
[PHYSICS] pitch=0.00 deg, altFt=0.00 ft, dt=0.0180 s, rollCorr=-0.023 pitchCorr=0.027 m1=0.80 m2=1.00 m3=1.00 m4=0.80
[PHYSICS] pitch=-0.04 deg, altFt=0.00 ft, dt=0.0180 s, rollCorr=-0.002 pitchCorr=0.003 m1=0.80 m2=1.00 m3=1.00 m4=0.80
[PHYSICS] pitch=0.00 deg, altFt=0.00 ft, dt=0.0180 s, rollCorr=-0.023 pitchCorr=0.027 m1=0.80 m2=1.00 m3=1.00 m4=0.80
[PHYSICS] pitch=-0.04 deg, altFt=0.00 ft, dt=0.0180 s, rollCorr=-0.002 pitchCorr=0.003 m1=0.80 m2=1.00 m3=1.00 m4=0.80
[PHYSICS] pitch=0.00 deg, altFt=0.00 ft, dt=0.0180 s, rollCorr=-0.023 pitchCorr=0.027 m1=0.80 m2=1.00 m3=1.00 m4=0.80
[PHYSICS] pitch=-0.04 deg, altFt=0.00 ft, dt=0.0180 s, rollCorr=-0.002 pitchCorr=0.003 m1=0.80 m2=1.00 m3=1.00 m4=0.80
[PHYSICS] pitch=0.00 deg, altFt=0.00 ft, dt=0.0180 s, rollCorr=-0.023 pitchCorr=0.027 m1=0.80 m2=1.00 m3=1.00 m4=0.80
[PHYSICS] pitch=-0.04 deg, altFt=0.00 ft, dt=0.0180 s, rollCorr=-0.002 pitchCorr=0.003 m1=0.80 m2=1.00 m3=1.00 m4=0.80
[PHYSICS] pitch=0.00 deg, altFt=0.00 ft, dt=0.0180 s, rollCorr=-0.023 pitchCorr=0.027 m1=0.80 m2=1.00 m3=1.00 m4=0.80
[PHYSICS] pitch=-0.04 deg, altFt=0.00 ft, dt=0.0180 s, rollCorr=-0.002 pitchCorr=0.003 m1=0.80 m2=1.00 m3=1.00 m4=0.80
[PHYSICS] pitch=0.00 deg, altFt=0.00 ft, dt=0.0180 s, rollCorr=-0.023 pitchCorr=0.027 m1=0.80 m2=1.00 m3=1.00 m4=0.80
[PHYSICS] pitch=-0.04 deg, altFt=0.00 ft, dt=0.0180 s, rollCorr=-0.002 pitchCorr=0.003 m1=0.80 m2=1.00 m3=1.00 m4=0.80
[PHYSICS] pitch=0.00 deg, altFt=0.00 ft, dt=0.0180 s, rollCorr=-0.023 pitchCorr=0.027 m1=0.80 m2=1.00 m3=1.00 m4=0.80
[PHYSICS] pitch=-0.04 deg, altFt=0.00 ft, dt=0.0180 s, rollCorr=-0.002 pitchCorr=0.003 m1=0.80 m2=1.00 m3=1.00 m4=0.80
[PHYSICS] pitch=0.00 deg, altFt=0.00 ft, dt=0.0180 s, rollCorr=-0.023 pitchCorr=0.027 m1=0.80 m2=1.00 m3=1.00 m4=0.80
[PHYSICS] pitch=-0.04 deg, altFt=0.00 ft, dt=0.0180 s, rollCorr=-0.002 pitchCorr=0.003 m1=0.80 m2=1.00 m3=1.00 m4=0.80
[PHYSICS] pitch=0.00 deg, altFt=0.00 ft, dt=0.0180 s, rollCorr=-0.023 pitchCorr=0.027 m1=0.80 m2=1.00 m3=1.00 m4=0.80
[PHYSICS] pitch=-0.04 deg, altFt=0.00 ft, dt=0.0180 s, rollCorr=-0.002 pitchCorr=0.003 m1=0.80 m2=1.00 m3=1.00 m4=0.80
[PHYSICS] pitch=0.00 deg, altFt=0.00 ft, dt=0.0180 s, rollCorr=-0.023 pitchCorr=0.027 m1=0.80 m2=1.00 m3=1.00 m4=0.80
[PHYSICS] pitch=-0.04 deg, altFt=0.00 ft, dt=0.0180 s, rollCorr=-0.002 pitchCorr=0.003 m1=0.80 m2=1.00 m3=1.00 m4=0.80
[PHYSICS] pitch=0.00 deg, altFt=0.00 ft, dt=0.0180 s, rollCorr=-0.023 pitchCorr=0.027 m1=0.80 m2=1.00 m3=1.00 m4=0.80
[PHYSICS] pitch=-0.04 deg, altFt=0.00 ft, dt=0.0180 s, rollCorr=-0.002 pitchCorr=0.003 m1=0.80 m2=1.00 m3=1.00 m4=0.80
[PHYSICS] pitch=0.00 deg, altFt=0.00 ft, dt=0.0180 s, rollCorr=-0.023 pitchCorr=0.027 m1=0.80 m2=1.00 m3=1.00 m4=0.80
[PHYSICS] pitch=-0.04 deg, altFt=0.00 ft, dt=0.0180 s, rollCorr=-0.002 pitchCorr=0.003 m1=0.80 m2=1.00 m3=1.00 m4=0.80
[PHYSICS] pitch=0.00 deg, altFt=0.00 ft, dt=0.0180 s, rollCorr=-0.023 pitchCorr=0.027 m1=0.80 m2=1.00 m3=1.00 m4=0.80
[PHYSICS] pitch=-0.04 deg, altFt=0.00 ft, dt=0.0180 s, rollCorr=-0.002 pitchCorr=0.003 m1=0.80 m2=1.00 m3=1.00 m4=0.80
[PHYSICS] pitch=0.00 deg, altFt=0.00 ft, dt=0.0180 s, rollCorr=-0.023 pitchCorr=0.027 m1=0.80 m2=1.00 m3=1.00 m4=0.80
[PHYSICS] pitch=-0.04 deg, altFt=0.00 ft, dt=0.0180 s, rollCorr=-0.002 pitchCorr=0.003 m1=0.80 m2=1.00 m3=1.00 m4=0.80
[PHYSICS] pitch=0.00 deg, altFt=0.00 ft, dt=0.0180 s, rollCorr=-0.023 pitchCorr=0.027 m1=0.80 m2=1.00 m3=1.00 m4=0.80
[PHYSICS] pitch=-0.04 deg, altFt=0.00 ft, dt=0.0180 s, rollCorr=-0.002 pitchCorr=0.003 m1=0.80 m2=1.00 m3=1.00 m4=0.80
[PHYSICS] pitch=0.00 deg, altFt=0.00 ft, dt=0.0180 s, rollCorr=-0.023 pitchCorr=0.027 m1=0.80 m2=1.00 m3=1.00 m4=0.80
[PHYSICS] pitch=-0.04 deg, altFt=0.00 ft, dt=0.0180 s, rollCorr=-0.002 pitchCorr=0.003 m1=0.80 m2=1.00 m3=1.00 m4=0.80
[PHYSICS] pitch=0.00 deg, altFt=0.00 ft, dt=0.0180 s, rollCorr=-0.023 pitchCorr=0.027 m1=0.80 m2=1.00 m3=1.00 m4=0.80
[PHYSICS] pitch=-0.04 deg, altFt=0.00 ft, dt=0.0180 s, rollCorr=-0.002 pitchCorr=0.003 m1=0.80 m2=1.00 m3=1.00 m4=0.80
[PHYSICS] pitch=0.00 deg, altFt=0.00 ft, dt=0.0180 s, rollCorr=-0.023 pitchCorr=0.027 m1=0.80 m2=1.00 m3=1.00 m4=0.80
[PHYSICS] pitch=-0.04 deg, altFt=0.00 ft, dt=0.0180 s, rollCorr=-0.002 pitchCorr=0.003 m1=0.80 m2=1.00 m3=1.00 m4=0.80
[PHYSICS] pitch=0.00 deg, altFt=0.00 ft, dt=0.0180 s, rollCorr=-0.023 pitchCorr=0.027 m1=0.80 m2=1.00 m3=1.00 m4=0.80
[PHYSICS] pitch=-0.04 deg, altFt=0.00 ft, dt=0.0180 s, rollCorr=-0.002 pitchCorr=0.003 m1=0.80 m2=1.00 m3=1.00 m4=0.80
[PHYSICS] pitch=0.00 deg, altFt=0.00 ft, dt=0.0180 s, rollCorr=-0.023 pitchCorr=0.027 m1=0.80 m2=1.00 m3=1.00 m4=0.80
[PHYSICS] pitch=-0.04 deg, altFt=0.00 ft, dt=0.0180 s, rollCorr=-0.002 pitchCorr=0.003 m1=0.80 m2=1.00 m3=1.00 m4=0.80
[PHYSICS] pitch=0.00 deg, altFt=0.00 ft, dt=0.0180 s, rollCorr=-0.023 pitchCorr=0.027 m1=0.80 m2=1.00 m3=1.00 m4=0.80
[PHYSICS] pitch=-0.04 deg, altFt=0.00 ft, dt=0.0180 s, rollCorr=-0.002 pitchCorr=0.003 m1=0.80 m2=1.00 m3=1.00 m4=0.80
[PHYSICS] pitch=0.00 deg, altFt=0.00 ft, dt=0.0180 s, rollCorr=-0.023 pitchCorr=0.027 m1=0.80 m2=1.00 m3=1.00 m4=0.80
[PHYSICS] pitch=-0.04 deg, altFt=0.00 ft, dt=0.0180 s, rollCorr=-0.002 pitchCorr=0.003 m1=0.80 m2=1.00 m3=1.00 m4=0.80
[PHYSICS] pitch=0.00 deg, altFt=0.00 ft, dt=0.0180 s, rollCorr=-0.023 pitchCorr=0.027 m1=0.80 m2=1.00 m3=1.00 m4=0.80
[PHYSICS] pitch=-0.04 deg, altFt=0.00 ft, dt=0.0180 s, rollCorr=-0.002 pitchCorr=0.003 m1=0.80 m2=1.00 m3=1.00 m4=0.80
[PHYSICS] pitch=0.00 deg, altFt=0.00 ft, dt=0.0180 s, rollCorr=-0.023 pitchCorr=0.027 m1=0.80 m2=1.00 m3=1.00 m4=0.80
[PHYSICS] pitch=-0.04 deg, altFt=0.00 ft, dt=0.0180 s, rollCorr=-0.002 pitchCorr=0.003 m1=0.80 m2=1.00 m3=1.00 m4=0.80
[PHYSICS] pitch=0.00 deg, altFt=0.00 ft, dt=0.0180 s, rollCorr=-0.023 pitchCorr=0.027 m1=0.80 m2=1.00 m3=1.00 m4=0.80
[PHYSICS] pitch=-0.04 deg, altFt=0.00 ft, dt=0.0180 s, rollCorr=-0.002 pitchCorr=0.003 m1=0.80 m2=1.00 m3=1.00 m4=0.80
[PHYSICS] pitch=0.00 deg, altFt=0.00 ft, dt=0.0180 s, rollCorr=-0.023 pitchCorr=0.027 m1=0.80 m2=1.00 m3=1.00 m4=0.80
[PHYSICS] pitch=-0.04 deg, altFt=0.00 ft, dt=0.0180 s, rollCorr=-0.002 pitchCorr=0.003 m1=0.80 m2=1.00 m3=1.00 m4=0.80
[PHYSICS] pitch=0.00 deg, altFt=0.00 ft, dt=0.0180 s, rollCorr=-0.023 pitchCorr=0.027 m1=0.80 m2=1.00 m3=1.00 m4=0.80
[PHYSICS] pitch=-0.04 deg, altFt=0.00 ft, dt=0.0180 s, rollCorr=-0.002 pitchCorr=0.003 m1=0.80 m2=1.00 m3=1.00 m4=0.80
[PHYSICS] pitch=0.00 deg, altFt=0.00 ft, dt=0.0180 s, rollCorr=-0.023 pitchCorr=0.027 m1=0.80 m2=1.00 m3=1.00 m4=0.80
[PHYSICS] pitch=-0.04 deg, altFt=0.00 ft, dt=0.0180 s, rollCorr=-0.002 pitchCorr=0.003 m1=0.80 m2=1.00 m3=1.00 m4=0.80
[PHYSICS] pitch=0.00 deg, altFt=0.00 ft, dt=0.0180 s, rollCorr=-0.023 pitchCorr=0.027 m1=0.80 m2=1.00 m3=1.00 m4=0.80
[PHYSICS] pitch=-0.04 deg, altFt=0.00 ft, dt=0.0180 s, rollCorr=-0.002 pitchCorr=0.003 m1=0.80 m2=1.00 m3=1.00 m4=0.80
[PHYSICS] pitch=0.00 deg, altFt=0.00 ft, dt=0.0180 s, rollCorr=-0.023 pitchCorr=0.027 m1=0.80 m2=1.00 m3=1.00 m4=0.80
[PHYSICS] pitch=-0.04 deg, altFt=0.00 ft, dt=0.0180 s, rollCorr=-0.002 pitchCorr=0.003 m1=0.80 m2=1.00 m3=1.00 m4=0.80
[PHYSICS] pitch=0.00 deg, altFt=0.00 ft, dt=0.0180 s, rollCorr=-0.023 pitchCorr=0.027 m1=0.80 m2=1.00 m3=1.00 m4=0.80
[PHYSICS] pitch=-0.04 deg, altFt=0.00 ft, dt=0.0180 s, rollCorr=-0.002 pitchCorr=0.003 m1=0.80 m2=1.00 m3=1.00 m4=0.80
[PHYSICS] pitch=0.00 deg, altFt=0.00 ft, dt=0.0180 s, rollCorr=-0.023 pitchCorr=0.027 m1=0.80 m2=1.00 m3=1.00 m4=0.80
[PHYSICS] pitch=-0.04 deg, altFt=0.00 ft, dt=0.0180 s, rollCorr=-0.002 pitchCorr=0.003 m1=0.80 m2=1.00 m3=1.00 m4=0.80
[PHYSICS] pitch=0.00 deg, altFt=0.00 ft, dt=0.0180 s, rollCorr=-0.023 pitchCorr=0.027 m1=0.80 m2=1.00 m3=1.00 m4=0.80
[PHYSICS] pitch=-0.04 deg, altFt=0.00 ft, dt=0.0180 s, rollCorr=-0.002 pitchCorr=0.003 m1=0.80 m2=1.00 m3=1.00 m4=0.80
[PHYSICS] pitch=0.00 deg, altFt=0.00 ft, dt=0.0180 s, rollCorr=-0.023 pitchCorr=0.027 m1=0.80 m2=1.00 m3=1.00 m4=0.80
[PHYSICS] pitch=-0.04 deg, altFt=0.00 ft, dt=0.0180 s, rollCorr=-0.002 pitchCorr=0.003 m1=0.80 m2=1.00 m3=1.00 m4=0.80
[PHYSICS] pitch=0.00 deg, altFt=0.00 ft, dt=0.0180 s, rollCorr=-0.023 pitchCorr=0.027 m1=0.80 m2=1.00 m3=1.00 m4=0.80
[PHYSICS] pitch=-0.04 deg, altFt=0.00 ft, dt=0.0180 s, rollCorr=-0.002 pitchCorr=0.003 m1=0.80 m2=1.00 m3=1.00 m4=0.80
[PHYSICS] pitch=0.00 deg, altFt=0.00 ft, dt=0.0180 s, rollCorr=-0.023 pitchCorr=0.027 m1=0.80 m2=1.00 m3=1.00 m4=0.80
[PHYSICS] pitch=-0.04 deg, altFt=0.00 ft, dt=0.0180 s, rollCorr=-0.002 pitchCorr=0.003 m1=0.80 m2=1.00 m3=1.00 m4=0.80
[PHYSICS] pitch=0.00 deg, altFt=0.00 ft, dt=0.0180 s, rollCorr=-0.023 pitchCorr=0.027 m1=0.80 m2=1.00 m3=1.00 m4=0.80
[PHYSICS] pitch=-0.04 deg, altFt=0.00 ft, dt=0.0180 s, rollCorr=-0.002 pitchCorr=0.003 m1=0.80 m2=1.00 m3=1.00 m4=0.80
[PHYSICS] pitch=0.00 deg, altFt=0.00 ft, dt=0.0180 s, rollCorr=-0.023 pitchCorr=0.027 m1=0.80 m2=1.00 m3=1.00 m4=0.80
[PHYSICS] pitch=-0.04 deg, altFt=0.00 ft, dt=0.0180 s, rollCorr=-0.002 pitchCorr=0.003 m1=0.80 m2=1.00 m3=1.00 m4=0.80
[PHYSICS] pitch=0.00 deg, altFt=0.00 ft, dt=0.0180 s, rollCorr=-0.023 pitchCorr=0.027 m1=0.80 m2=1.00 m3=1.00 m4=0.80
[PHYSICS] pitch=-0.04 deg, altFt=0.00 ft, dt=0.0180 s, rollCorr=-0.002 pitchCorr=0.003 m1=0.80 m2=1.00 m3=1.00 m4=0.80
[PHYSICS] pitch=0.00 deg, altFt=0.00 ft, dt=0.0180 s, rollCorr=-0.023 pitchCorr=0.027 m1=0.80 m2=1.00 m3=1.00 m4=0.80
[PHYSICS] pitch=-0.04 deg, altFt=0.00 ft, dt=0.0180 s, rollCorr=-0.002 pitchCorr=0.003 m1=0.80 m2=1.00 m3=1.00 m4=0.80
[PHYSICS] pitch=0.00 deg, altFt=0.00 ft, dt=0.0180 s, rollCorr=-0.023 pitchCorr=0.027 m1=0.80 m2=1.00 m3=1.00 m4=0.80
[PHYSICS] pitch=-0.04 deg, altFt=0.00 ft, dt=0.0180 s, rollCorr=-0.002 pitchCorr=0.003 m1=0.80 m2=1.00 m3=1.00 m4=0.80
[PHYSICS] pitch=0.00 deg, altFt=0.00 ft, dt=0.0180 s, rollCorr=-0.023 pitchCorr=0.027 m1=0.80 m2=1.00 m3=1.00 m4=0.80
[PHYSICS] pitch=-0.04 deg, altFt=0.00 ft, dt=0.0180 s, rollCorr=-0.002 pitchCorr=0.003 m1=0.80 m2=1.00 m3=1.00 m4=0.80
[PHYSICS] pitch=0.00 deg, altFt=0.00 ft, dt=0.0180 s, rollCorr=-0.023 pitchCorr=0.027 m1=0.80 m2=1.00 m3=1.00 m4=0.80
[PHYSICS] pitch=-0.04 deg, altFt=0.00 ft, dt=0.0180 s, rollCorr=-0.002 pitchCorr=0.003 m1=0.80 m2=1.00 m3=1.00 m4=0.80
[PHYSICS] pitch=0.00 deg, altFt=0.00 ft, dt=0.0180 s, rollCorr=-0.023 pitchCorr=0.027 m1=0.80 m2=1.00 m3=1.00 m4=0.80
[PHYSICS] pitch=-0.04 deg, altFt=0.00 ft, dt=0.0180 s, rollCorr=-0.002 pitchCorr=0.003 m1=0.80 m2=1.00 m3=1.00 m4=0.80
[PHYSICS] pitch=0.00 deg, altFt=0.00 ft, dt=0.0180 s, rollCorr=-0.023 pitchCorr=0.027 m1=0.80 m2=1.00 m3=1.00 m4=0.80
[PHYSICS] pitch=-0.04 deg, altFt=0.00 ft, dt=0.0180 s, rollCorr=-0.002 pitchCorr=0.003 m1=0.80 m2=1.00 m3=1.00 m4=0.80
[PHYSICS] pitch=0.00 deg, altFt=0.00 ft, dt=0.0180 s, rollCorr=-0.023 pitchCorr=0.027 m1=0.80 m2=1.00 m3=1.00 m4=0.80
[PHYSICS] pitch=-0.04 deg, altFt=0.00 ft, dt=0.0180 s, rollCorr=-0.002 pitchCorr=0.003 m1=0.80 m2=1.00 m3=1.00 m4=0.80
[PHYSICS] pitch=0.00 deg, altFt=0.00 ft, dt=0.0180 s, rollCorr=-0.023 pitchCorr=0.027 m1=0.80 m2=1.00 m3=1.00 m4=0.80
[PHYSICS] pitch=-0.04 deg, altFt=0.00 ft, dt=0.0180 s, rollCorr=-0.002 pitchCorr=0.003 m1=0.80 m2=1.00 m3=1.00 m4=0.80
[PHYSICS] pitch=0.00 deg, altFt=0.00 ft, dt=0.0180 s, rollCorr=-0.023 pitchCorr=0.027 m1=0.80 m2=1.00 m3=1.00 m4=0.80
[PHYSICS] pitch=-0.04 deg, altFt=0.00 ft, dt=0.0180 s, rollCorr=-0.002 pitchCorr=0.003 m1=0.80 m2=1.00 m3=1.00 m4=0.80
[PHYSICS] pitch=0.00 deg, altFt=0.00 ft, dt=0.0180 s, rollCorr=-0.023 pitchCorr=0.027 m1=0.80 m2=1.00 m3=1.00 m4=0.80
[PHYSICS] pitch=-0.04 deg, altFt=0.00 ft, dt=0.0180 s, rollCorr=-0.002 pitchCorr=0.003 m1=0.80 m2=1.00 m3=1.00 m4=0.80
[PHYSICS] pitch=0.00 deg, altFt=0.00 ft, dt=0.0180 s, rollCorr=-0.023 pitchCorr=0.027 m1=0.80 m2=1.00 m3=1.00 m4=0.80
[PHYSICS] pitch=-0.04 deg, altFt=0.00 ft, dt=0.0180 s, rollCorr=-0.002 pitchCorr=0.003 m1=0.80 m2=1.00 m3=1.00 m4=0.80
[PHYSICS] pitch=0.00 deg, altFt=0.00 ft, dt=0.0180 s, rollCorr=-0.023 pitchCorr=0.027 m1=0.80 m2=1.00 m3=1.00 m4=0.80
[PHYSICS] pitch=-0.04 deg, altFt=0.00 ft, dt=0.0180 s, rollCorr=-0.002 pitchCorr=0.003 m1=0.80 m2=1.00 m3=1.00 m4=0.80
[PHYSICS] pitch=0.00 deg, altFt=0.00 ft, dt=0.0180 s, rollCorr=-0.023 pitchCorr=0.027 m1=0.80 m2=1.00 m3=1.00 m4=0.80
[PHYSICS] pitch=-0.04 deg, altFt=0.00 ft, dt=0.0180 s, rollCorr=-0.002 pitchCorr=0.003 m1=0.80 m2=1.00 m3=1.00 m4=0.80
[PHYSICS] pitch=0.00 deg, altFt=0.00 ft, dt=0.0180 s, rollCorr=-0.023 pitchCorr=0.027 m1=0.80 m2=1.00 m3=1.00 m4=0.80
[PHYSICS] pitch=-0.04 deg, altFt=0.00 ft, dt=0.0180 s, rollCorr=-0.002 pitchCorr=0.003 m1=0.80 m2=1.00 m3=1.00 m4=0.80
[PHYSICS] pitch=0.00 deg, altFt=0.00 ft, dt=0.0180 s, rollCorr=-0.023 pitchCorr=0.027 m1=0.80 m2=1.00 m3=1.00 m4=0.80
[PHYSICS] pitch=-0.04 deg, altFt=0.00 ft, dt=0.0180 s, rollCorr=-0.002 pitchCorr=0.003 m1=0.80 m2=1.00 m3=1.00 m4=0.80
[PHYSICS] pitch=0.00 deg, altFt=0.00 ft, dt=0.0180 s, rollCorr=-0.023 pitchCorr=0.027 m1=0.80 m2=1.00 m3=1.00 m4=0.80
[PHYSICS] pitch=-0.04 deg, altFt=0.00 ft, dt=0.0180 s, rollCorr=-0.002 pitchCorr=0.003 m1=0.80 m2=1.00 m3=1.00 m4=0.80
[PHYSICS] pitch=0.00 deg, altFt=0.00 ft, dt=0.0180 s, rollCorr=-0.023 pitchCorr=0.027 m1=0.80 m2=1.00 m3=1.00 m4=0.80
[PHYSICS] pitch=-0.04 deg, altFt=0.00 ft, dt=0.0180 s, rollCorr=-0.002 pitchCorr=0.003 m1=0.80 m2=1.00 m3=1.00 m4=0.80
[PHYSICS] pitch=0.00 deg, altFt=0.00 ft, dt=0.0180 s, rollCorr=-0.023 pitchCorr=0.027 m1=0.80 m2=1.00 m3=1.00 m4=0.80
[PHYSICS] pitch=-0.04 deg, altFt=0.00 ft, dt=0.0180 s, rollCorr=-0.002 pitchCorr=0.003 m1=0.80 m2=1.00 m3=1.00 m4=0.80
[PHYSICS] pitch=0.00 deg, altFt=0.00 ft, dt=0.0180 s, rollCorr=-0.023 pitchCorr=0.027 m1=0.80 m2=1.00 m3=1.00 m4=0.80
[PHYSICS] pitch=-0.04 deg, altFt=0.00 ft, dt=0.0180 s, rollCorr=-0.002 pitchCorr=0.003 m1=0.80 m2=1.00 m3=1.00 m4=0.80
[PHYSICS] pitch=0.00 deg, altFt=0.00 ft, dt=0.0180 s, rollCorr=-0.023 pitchCorr=0.027 m1=0.80 m2=1.00 m3=1.00 m4=0.80
[PHYSICS] pitch=-0.04 deg, altFt=0.00 ft, dt=0.0180 s, rollCorr=-0.002 pitchCorr=0.003 m1=0.80 m2=1.00 m3=1.00 m4=0.80
[PHYSICS] pitch=0.00 deg, altFt=0.00 ft, dt=0.0180 s, rollCorr=-0.023 pitchCorr=0.027 m1=0.80 m2=1.00 m3=1.00 m4=0.80
[PHYSICS] pitch=-0.04 deg, altFt=0.00 ft, dt=0.0180 s, rollCorr=-0.002 pitchCorr=0.003 m1=0.80 m2=1.00 m3=1.00 m4=0.80
[PHYSICS] pitch=0.00 deg, altFt=0.00 ft, dt=0.0180 s, rollCorr=-0.023 pitchCorr=0.027 m1=0.80 m2=1.00 m3=1.00 m4=0.80
[PHYSICS] pitch=-0.04 deg, altFt=0.00 ft, dt=0.0180 s, rollCorr=-0.002 pitchCorr=0.003 m1=0.80 m2=1.00 m3=1.00 m4=0.80
[PHYSICS] pitch=0.00 deg, altFt=0.00 ft, dt=0.0180 s, rollCorr=-0.023 pitchCorr=0.027 m1=0.80 m2=1.00 m3=1.00 m4=0.80
[PHYSICS] pitch=-0.04 deg, altFt=0.00 ft, dt=0.0180 s, rollCorr=-0.002 pitchCorr=0.003 m1=0.80 m2=1.00 m3=1.00 m4=0.80
[PHYSICS] pitch=0.00 deg, altFt=0.00 ft, dt=0.0180 s, rollCorr=-0.023 pitchCorr=0.027 m1=0.80 m2=1.00 m3=1.00 m4=0.80
[PHYSICS] pitch=-0.04 deg, altFt=0.00 ft, dt=0.0180 s, rollCorr=-0.002 pitchCorr=0.003 m1=0.80 m2=1.00 m3=1.00 m4=0.80
[PHYSICS] pitch=0.00 deg, altFt=0.00 ft, dt=0.0180 s, rollCorr=-0.023 pitchCorr=0.027 m1=0.80 m2=1.00 m3=1.00 m4=0.80
[PHYSICS] pitch=-0.04 deg, altFt=0.00 ft, dt=0.0180 s, rollCorr=-0.002 pitchCorr=0.003 m1=0.80 m2=1.00 m3=1.00 m4=0.80
[PHYSICS] pitch=0.00 deg, altFt=0.00 ft, dt=0.0180 s, rollCorr=-0.023 pitchCorr=0.027 m1=0.80 m2=1.00 m3=1.00 m4=0.80
[PHYSICS] pitch=-0.04 deg, altFt=0.00 ft, dt=0.0180 s, rollCorr=-0.002 pitchCorr=0.003 m1=0.80 m2=1.00 m3=1.00 m4=0.80
[PHYSICS] pitch=0.00 deg, altFt=0.00 ft, dt=0.0180 s, rollCorr=-0.023 pitchCorr=0.027 m1=0.80 m2=1.00 m3=1.00 m4=0.80
[PHYSICS] pitch=-0.04 deg, altFt=0.00 ft, dt=0.0180 s, rollCorr=-0.002 pitchCorr=0.003 m1=0.80 m2=1.00 m3=1.00 m4=0.80
[PHYSICS] pitch=0.00 deg, altFt=0.00 ft, dt=0.0180 s, rollCorr=-0.023 pitchCorr=0.027 m1=0.80 m2=1.00 m3=1.00 m4=0.80
[PHYSICS] pitch=-0.04 deg, altFt=0.00 ft, dt=0.0180 s, rollCorr=-0.002 pitchCorr=0.003 m1=0.80 m2=1.00 m3=1.00 m4=0.80
[PHYSICS] pitch=0.00 deg, altFt=0.00 ft, dt=0.0180 s, rollCorr=-0.023 pitchCorr=0.027 m1=0.80 m2=1.00 m3=1.00 m4=0.80
[PHYSICS] pitch=-0.04 deg, altFt=0.00 ft, dt=0.0180 s, rollCorr=-0.002 pitchCorr=0.003 m1=0.80 m2=1.00 m3=1.00 m4=0.80
[PHYSICS] pitch=0.00 deg, altFt=0.00 ft, dt=0.0180 s, rollCorr=-0.023 pitchCorr=0.027 m1=0.80 m2=1.00 m3=1.00 m4=0.80
[PHYSICS] pitch=-0.04 deg, altFt=0.00 ft, dt=0.0180 s, rollCorr=-0.002 pitchCorr=0.003 m1=0.80 m2=1.00 m3=1.00 m4=0.80
[PHYSICS] pitch=0.00 deg, altFt=0.00 ft, dt=0.0180 s, rollCorr=-0.023 pitchCorr=0.027 m1=0.80 m2=1.00 m3=1.00 m4=0.80
[PHYSICS] pitch=-0.04 deg, altFt=0.00 ft, dt=0.0180 s, rollCorr=-0.002 pitchCorr=0.003 m1=0.80 m2=1.00 m3=1.00 m4=0.80
[PHYSICS] pitch=0.00 deg, altFt=0.00 ft, dt=0.0180 s, rollCorr=-0.023 pitchCorr=0.027 m1=0.80 m2=1.00 m3=1.00 m4=0.80
[PHYSICS] pitch=-0.04 deg, altFt=0.00 ft, dt=0.0180 s, rollCorr=-0.002 pitchCorr=0.003 m1=0.80 m2=1.00 m3=1.00 m4=0.80
[PHYSICS] pitch=0.00 deg, altFt=0.00 ft, dt=0.0180 s, rollCorr=-0.023 pitchCorr=0.027 m1=0.80 m2=1.00 m3=1.00 m4=0.80
[PHYSICS] pitch=-0.04 deg, altFt=0.00 ft, dt=0.0180 s, rollCorr=-0.002 pitchCorr=0.003 m1=0.80 m2=1.00 m3=1.00 m4=0.80
[PHYSICS] pitch=0.00 deg, altFt=0.00 ft, dt=0.0180 s, rollCorr=-0.023 pitchCorr=0.027 m1=0.80 m2=1.00 m3=1.00 m4=0.80
[PHYSICS] pitch=-0.04 deg, altFt=0.00 ft, dt=0.0180 s, rollCorr=-0.002 pitchCorr=0.003 m1=0.80 m2=1.00 m3=1.00 m4=0.80
[PHYSICS] pitch=0.00 deg, altFt=0.00 ft, dt=0.0180 s, rollCorr=-0.023 pitchCorr=0.027 m1=0.80 m2=1.00 m3=1.00 m4=0.80
[PHYSICS] pitch=-0.04 deg, altFt=0.00 ft, dt=0.0180 s, rollCorr=-0.002 pitchCorr=0.003 m1=0.80 m2=1.00 m3=1.00 m4=0.80
[PHYSICS] pitch=0.00 deg, altFt=0.00 ft, dt=0.0180 s, rollCorr=-0.023 pitchCorr=0.027 m1=0.80 m2=1.00 m3=1.00 m4=0.80
[PHYSICS] pitch=-0.04 deg, altFt=0.00 ft, dt=0.0180 s, rollCorr=-0.002 pitchCorr=0.003 m1=0.80 m2=1.00 m3=1.00 m4=0.80
[PHYSICS] pitch=0.00 deg, altFt=0.00 ft, dt=0.0180 s, rollCorr=-0.023 pitchCorr=0.027 m1=0.80 m2=1.00 m3=1.00 m4=0.80
[PHYSICS] pitch=-0.04 deg, altFt=0.00 ft, dt=0.0180 s, rollCorr=-0.002 pitchCorr=0.003 m1=0.80 m2=1.00 m3=1.00 m4=0.80
[PHYSICS] pitch=0.00 deg, altFt=0.00 ft, dt=0.0180 s, rollCorr=-0.023 pitchCorr=0.027 m1=0.80 m2=1.00 m3=1.00 m4=0.80
[PHYSICS] pitch=-0.04 deg, altFt=0.00 ft, dt=0.0180 s, rollCorr=-0.002 pitchCorr=0.003 m1=0.80 m2=1.00 m3=1.00 m4=0.80
[PHYSICS] pitch=0.00 deg, altFt=0.00 ft, dt=0.0180 s, rollCorr=-0.023 pitchCorr=0.027 m1=0.80 m2=1.00 m3=1.00 m4=0.80
[PHYSICS] pitch=-0.04 deg, altFt=0.00 ft, dt=0.0180 s, rollCorr=-0.002 pitchCorr=0.003 m1=0.80 m2=1.00 m3=1.00 m4=0.80
[PHYSICS] pitch=0.00 deg, altFt=0.00 ft, dt=0.0180 s, rollCorr=-0.023 pitchCorr=0.027 m1=0.80 m2=1.00 m3=1.00 m4=0.80
[PHYSICS] pitch=-0.04 deg, altFt=0.00 ft, dt=0.0180 s, rollCorr=-0.002 pitchCorr=0.003 m1=0.80 m2=1.00 m3=1.00 m4=0.80
[PHYSICS] pitch=0.00 deg, altFt=0.00 ft, dt=0.0180 s, rollCorr=-0.023 pitchCorr=0.027 m1=0.80 m2=1.00 m3=1.00 m4=0.80
[PHYSICS] pitch=-0.04 deg, altFt=0.00 ft, dt=0.0180 s, rollCorr=-0.002 pitchCorr=0.003 m1=0.80 m2=1.00 m3=1.00 m4=0.80
[PHYSICS] pitch=0.00 deg, altFt=0.00 ft, dt=0.0180 s, rollCorr=-0.023 pitchCorr=0.027 m1=0.80 m2=1.00 m3=1.00 m4=0.80
[PHYSICS] pitch=-0.04 deg, altFt=0.00 ft, dt=0.0180 s, rollCorr=-0.002 pitchCorr=0.003 m1=0.80 m2=1.00 m3=1.00 m4=0.80
[PHYSICS] pitch=0.00 deg, altFt=0.00 ft, dt=0.0180 s, rollCorr=-0.023 pitchCorr=0.027 m1=0.80 m2=1.00 m3=1.00 m4=0.80
[PHYSICS] pitch=-0.04 deg, altFt=0.00 ft, dt=0.0180 s, rollCorr=-0.002 pitchCorr=0.003 m1=0.80 m2=1.00 m3=1.00 m4=0.80
[PHYSICS] pitch=0.00 deg, altFt=0.00 ft, dt=0.0180 s, rollCorr=-0.023 pitchCorr=0.027 m1=0.80 m2=1.00 m3=1.00 m4=0.80
[PHYSICS] pitch=-0.04 deg, altFt=0.00 ft, dt=0.0180 s, rollCorr=-0.002 pitchCorr=0.003 m1=0.80 m2=1.00 m3=1.00 m4=0.80
[PHYSICS] pitch=0.00 deg, altFt=0.00 ft, dt=0.0180 s, rollCorr=-0.023 pitchCorr=0.027 m1=0.80 m2=1.00 m3=1.00 m4=0.80
[PHYSICS] pitch=-0.04 deg, altFt=0.00 ft, dt=0.0180 s, rollCorr=-0.002 pitchCorr=0.003 m1=0.80 m2=1.00 m3=1.00 m4=0.80
[PHYSICS] pitch=0.00 deg, altFt=0.00 ft, dt=0.0180 s, rollCorr=-0.023 pitchCorr=0.027 m1=0.80 m2=1.00 m3=1.00 m4=0.80
[PHYSICS] pitch=-0.04 deg, altFt=0.00 ft, dt=0.0180 s, rollCorr=-0.002 pitchCorr=0.003 m1=0.80 m2=1.00 m3=1.00 m4=0.80
[PHYSICS] pitch=0.00 deg, altFt=0.00 ft, dt=0.0180 s, rollCorr=-0.023 pitchCorr=0.027 m1=0.80 m2=1.00 m3=1.00 m4=0.80
[PHYSICS] pitch=-0.04 deg, altFt=0.00 ft, dt=0.0180 s, rollCorr=-0.002 pitchCorr=0.003 m1=0.80 m2=1.00 m3=1.00 m4=0.80
[PHYSICS] pitch=0.00 deg, altFt=0.00 ft, dt=0.0180 s, rollCorr=-0.023 pitchCorr=0.027 m1=0.80 m2=1.00 m3=1.00 m4=0.80
[PHYSICS] pitch=-0.04 deg, altFt=0.00 ft, dt=0.0180 s, rollCorr=-0.002 pitchCorr=0.003 m1=0.80 m2=1.00 m3=1.00 m4=0.80
[PHYSICS] pitch=0.00 deg, altFt=0.00 ft, dt=0.0180 s, rollCorr=-0.023 pitchCorr=0.027 m1=0.80 m2=1.00 m3=1.00 m4=0.80
[PHYSICS] pitch=-0.04 deg, altFt=0.00 ft, dt=0.0180 s, rollCorr=-0.002 pitchCorr=0.003 m1=0.80 m2=1.00 m3=1.00 m4=0.80
[PHYSICS] pitch=0.00 deg, altFt=0.00 ft, dt=0.0180 s, rollCorr=-0.023 pitchCorr=0.027 m1=0.80 m2=1.00 m3=1.00 m4=0.80
[PHYSICS] pitch=-0.04 deg, altFt=0.00 ft, dt=0.0180 s, rollCorr=-0.002 pitchCorr=0.003 m1=0.80 m2=1.00 m3=1.00 m4=0.80
[PHYSICS] pitch=0.00 deg, altFt=0.00 ft, dt=0.0180 s, rollCorr=-0.023 pitchCorr=0.027 m1=0.80 m2=1.00 m3=1.00 m4=0.80
[PHYSICS] pitch=-0.04 deg, altFt=0.00 ft, dt=0.0180 s, rollCorr=-0.002 pitchCorr=0.003 m1=0.80 m2=1.00 m3=1.00 m4=0.80
[PHYSICS] pitch=0.00 deg, altFt=0.00 ft, dt=0.0180 s, rollCorr=-0.023 pitchCorr=0.027 m1=0.80 m2=1.00 m3=1.00 m4=0.80
[PHYSICS] pitch=-0.04 deg, altFt=0.00 ft, dt=0.0180 s, rollCorr=-0.002 pitchCorr=0.003 m1=0.80 m2=1.00 m3=1.00 m4=0.80
[PHYSICS] pitch=0.00 deg, altFt=0.00 ft, dt=0.0180 s, rollCorr=-0.023 pitchCorr=0.027 m1=0.80 m2=1.00 m3=1.00 m4=0.80
[PHYSICS] pitch=-0.04 deg, altFt=0.00 ft, dt=0.0180 s, rollCorr=-0.002 pitchCorr=0.003 m1=0.80 m2=1.00 m3=1.00 m4=0.80
[PHYSICS] pitch=0.00 deg, altFt=0.00 ft, dt=0.0180 s, rollCorr=-0.023 pitchCorr=0.027 m1=0.80 m2=1.00 m3=1.00 m4=0.80
[PHYSICS] pitch=-0.04 deg, altFt=0.00 ft, dt=0.0180 s, rollCorr=-0.002 pitchCorr=0.003 m1=0.80 m2=1.00 m3=1.00 m4=0.80
[PHYSICS] pitch=0.00 deg, altFt=0.00 ft, dt=0.0190 s, rollCorr=-0.023 pitchCorr=0.027 m1=0.80 m2=1.00 m3=1.00 m4=0.80
[PHYSICS] pitch=-0.04 deg, altFt=0.00 ft, dt=0.0180 s, rollCorr=-0.003 pitchCorr=0.003 m1=0.80 m2=1.00 m3=1.00 m4=0.80
[PHYSICS] pitch=0.00 deg, altFt=0.00 ft, dt=0.0180 s, rollCorr=-0.023 pitchCorr=0.027 m1=0.80 m2=1.00 m3=1.00 m4=0.80
[PHYSICS] pitch=-0.04 deg, altFt=0.00 ft, dt=0.0180 s, rollCorr=-0.002 pitchCorr=0.003 m1=0.80 m2=1.00 m3=1.00 m4=0.80
[PHYSICS] pitch=0.00 deg, altFt=0.00 ft, dt=0.0180 s, rollCorr=-0.023 pitchCorr=0.027 m1=0.80 m2=1.00 m3=1.00 m4=0.80
[PHYSICS] pitch=-0.04 deg, altFt=0.00 ft, dt=0.0180 s, rollCorr=-0.002 pitchCorr=0.003 m1=0.80 m2=1.00 m3=1.00 m4=0.80
[PHYSICS] pitch=0.00 deg, altFt=0.00 ft, dt=0.0180 s, rollCorr=-0.023 pitchCorr=0.027 m1=0.80 m2=1.00 m3=1.00 m4=0.80
[PHYSICS] pitch=-0.04 deg, altFt=0.00 ft, dt=0.0180 s, rollCorr=-0.002 pitchCorr=0.003 m1=0.80 m2=1.00 m3=1.00 m4=0.80
[PHYSICS] pitch=0.00 deg, altFt=0.00 ft, dt=0.0180 s, rollCorr=-0.023 pitchCorr=0.027 m1=0.80 m2=1.00 m3=1.00 m4=0.80
[PHYSICS] pitch=-0.04 deg, altFt=0.00 ft, dt=0.0180 s, rollCorr=-0.002 pitchCorr=0.003 m1=0.80 m2=1.00 m3=1.00 m4=0.80
[PHYSICS] pitch=0.00 deg, altFt=0.00 ft, dt=0.0180 s, rollCorr=-0.023 pitchCorr=0.027 m1=0.80 m2=1.00 m3=1.00 m4=0.80
[PHYSICS] pitch=-0.04 deg, altFt=0.00 ft, dt=0.0180 s, rollCorr=-0.002 pitchCorr=0.003 m1=0.80 m2=1.00 m3=1.00 m4=0.80
[PHYSICS] pitch=0.00 deg, altFt=0.00 ft, dt=0.0180 s, rollCorr=-0.023 pitchCorr=0.027 m1=0.80 m2=1.00 m3=1.00 m4=0.80
[PHYSICS] pitch=-0.04 deg, altFt=0.00 ft, dt=0.0180 s, rollCorr=-0.002 pitchCorr=0.003 m1=0.80 m2=1.00 m3=1.00 m4=0.80
[PHYSICS] pitch=0.00 deg, altFt=0.00 ft, dt=0.0180 s, rollCorr=-0.023 pitchCorr=0.027 m1=0.80 m2=1.00 m3=1.00 m4=0.80
[PHYSICS] pitch=-0.04 deg, altFt=0.00 ft, dt=0.0180 s, rollCorr=-0.002 pitchCorr=0.003 m1=0.80 m2=1.00 m3=1.00 m4=0.80
[PHYSICS] pitch=0.00 deg, altFt=0.00 ft, dt=0.0180 s, rollCorr=-0.023 pitchCorr=0.027 m1=0.80 m2=1.00 m3=1.00 m4=0.80
[PHYSICS] pitch=-0.04 deg, altFt=0.00 ft, dt=0.0180 s, rollCorr=-0.002 pitchCorr=0.003 m1=0.80 m2=1.00 m3=1.00 m4=0.80
[PHYSICS] pitch=0.00 deg, altFt=0.00 ft, dt=0.0180 s, rollCorr=-0.023 pitchCorr=0.027 m1=0.80 m2=1.00 m3=1.00 m4=0.80
[PHYSICS] pitch=-0.04 deg, altFt=0.00 ft, dt=0.0180 s, rollCorr=-0.002 pitchCorr=0.003 m1=0.80 m2=1.00 m3=1.00 m4=0.80
[PHYSICS] pitch=0.00 deg, altFt=0.00 ft, dt=0.0180 s, rollCorr=-0.023 pitchCorr=0.027 m1=0.80 m2=1.00 m3=1.00 m4=0.80
[PHYSICS] pitch=-0.04 deg, altFt=0.00 ft, dt=0.0180 s, rollCorr=-0.002 pitchCorr=0.003 m1=0.80 m2=1.00 m3=1.00 m4=0.80
[PHYSICS] pitch=0.00 deg, altFt=0.00 ft, dt=0.0180 s, rollCorr=-0.023 pitchCorr=0.027 m1=0.80 m2=1.00 m3=1.00 m4=0.80
[PHYSICS] pitch=-0.04 deg, altFt=0.00 ft, dt=0.0180 s, rollCorr=-0.002 pitchCorr=0.003 m1=0.80 m2=1.00 m3=1.00 m4=0.80
[PHYSICS] pitch=0.00 deg, altFt=0.00 ft, dt=0.0180 s, rollCorr=-0.023 pitchCorr=0.027 m1=0.80 m2=1.00 m3=1.00 m4=0.80
[PHYSICS] pitch=-0.04 deg, altFt=0.00 ft, dt=0.0180 s, rollCorr=-0.002 pitchCorr=0.003 m1=0.80 m2=1.00 m3=1.00 m4=0.80
[PHYSICS] pitch=0.00 deg, altFt=0.00 ft, dt=0.0180 s, rollCorr=-0.023 pitchCorr=0.027 m1=0.80 m2=1.00 m3=1.00 m4=0.80
[PHYSICS] pitch=-0.04 deg, altFt=0.00 ft, dt=0.0180 s, rollCorr=-0.002 pitchCorr=0.003 m1=0.80 m2=1.00 m3=1.00 m4=0.80
[PHYSICS] pitch=0.00 deg, altFt=0.00 ft, dt=0.0180 s, rollCorr=-0.023 pitchCorr=0.027 m1=0.80 m2=1.00 m3=1.00 m4=0.80
[PHYSICS] pitch=-0.04 deg, altFt=0.00 ft, dt=0.0180 s, rollCorr=-0.002 pitchCorr=0.003 m1=0.80 m2=1.00 m3=1.00 m4=0.80
[PHYSICS] pitch=0.00 deg, altFt=0.00 ft, dt=0.0180 s, rollCorr=-0.023 pitchCorr=0.027 m1=0.80 m2=1.00 m3=1.00 m4=0.80
[PHYSICS] pitch=-0.04 deg, altFt=0.00 ft, dt=0.0180 s, rollCorr=-0.002 pitchCorr=0.003 m1=0.80 m2=1.00 m3=1.00 m4=0.80
[PHYSICS] pitch=0.00 deg, altFt=0.00 ft, dt=0.0180 s, rollCorr=-0.023 pitchCorr=0.027 m1=0.80 m2=1.00 m3=1.00 m4=0.80
[PHYSICS] pitch=-0.04 deg, altFt=0.00 ft, dt=0.0180 s, rollCorr=-0.002 pitchCorr=0.003 m1=0.80 m2=1.00 m3=1.00 m4=0.80
[PHYSICS] pitch=0.00 deg, altFt=0.00 ft, dt=0.0180 s, rollCorr=-0.023 pitchCorr=0.027 m1=0.80 m2=1.00 m3=1.00 m4=0.80
[PHYSICS] pitch=-0.04 deg, altFt=0.00 ft, dt=0.0180 s, rollCorr=-0.002 pitchCorr=0.003 m1=0.80 m2=1.00 m3=1.00 m4=0.80
[PHYSICS] pitch=0.00 deg, altFt=0.00 ft, dt=0.0180 s, rollCorr=-0.023 pitchCorr=0.027 m1=0.80 m2=1.00 m3=1.00 m4=0.80
[PHYSICS] pitch=-0.04 deg, altFt=0.00 ft, dt=0.0180 s, rollCorr=-0.002 pitchCorr=0.003 m1=0.80 m2=1.00 m3=1.00 m4=0.80
[PHYSICS] pitch=0.00 deg, altFt=0.00 ft, dt=0.0180 s, rollCorr=-0.023 pitchCorr=0.027 m1=0.80 m2=1.00 m3=1.00 m4=0.80
[PHYSICS] pitch=-0.04 deg, altFt=0.00 ft, dt=0.0180 s, rollCorr=-0.002 pitchCorr=0.003 m1=0.80 m2=1.00 m3=1.00 m4=0.80
[PHYSICS] pitch=0.00 deg, altFt=0.00 ft, dt=0.0180 s, rollCorr=-0.023 pitchCorr=0.027 m1=0.80 m2=1.00 m3=1.00 m4=0.80
[PHYSICS] pitch=-0.04 deg, altFt=0.00 ft, dt=0.0180 s, rollCorr=-0.002 pitchCorr=0.003 m1=0.80 m2=1.00 m3=1.00 m4=0.80
[PHYSICS] pitch=0.00 deg, altFt=0.00 ft, dt=0.0180 s, rollCorr=-0.023 pitchCorr=0.027 m1=0.80 m2=1.00 m3=1.00 m4=0.80
[PHYSICS] pitch=-0.04 deg, altFt=0.00 ft, dt=0.0180 s, rollCorr=-0.002 pitchCorr=0.003 m1=0.80 m2=1.00 m3=1.00 m4=0.80
[PHYSICS] pitch=0.00 deg, altFt=0.00 ft, dt=0.0180 s, rollCorr=-0.023 pitchCorr=0.027 m1=0.80 m2=1.00 m3=1.00 m4=0.80
[PHYSICS] pitch=-0.04 deg, altFt=0.00 ft, dt=0.0180 s, rollCorr=-0.002 pitchCorr=0.003 m1=0.80 m2=1.00 m3=1.00 m4=0.80
[PHYSICS] pitch=0.00 deg, altFt=0.00 ft, dt=0.0180 s, rollCorr=-0.023 pitchCorr=0.027 m1=0.80 m2=1.00 m3=1.00 m4=0.80
[PHYSICS] pitch=-0.04 deg, altFt=0.00 ft, dt=0.0180 s, rollCorr=-0.002 pitchCorr=0.003 m1=0.80 m2=1.00 m3=1.00 m4=0.80
[PHYSICS] pitch=0.00 deg, altFt=0.00 ft, dt=0.0180 s, rollCorr=-0.023 pitchCorr=0.027 m1=0.80 m2=1.00 m3=1.00 m4=0.80
[PHYSICS] pitch=-0.04 deg, altFt=0.00 ft, dt=0.0180 s, rollCorr=-0.002 pitchCorr=0.003 m1=0.80 m2=1.00 m3=1.00 m4=0.80
[PHYSICS] pitch=0.00 deg, altFt=0.00 ft, dt=0.0170 s, rollCorr=-0.023 pitchCorr=0.027 m1=0.80 m2=1.00 m3=1.00 m4=0.80
[PHYSICS] pitch=-0.04 deg, altFt=0.00 ft, dt=0.0180 s, rollCorr=-0.002 pitchCorr=0.002 m1=0.80 m2=1.00 m3=1.00 m4=0.80
[PHYSICS] pitch=0.00 deg, altFt=0.00 ft, dt=0.0180 s, rollCorr=-0.023 pitchCorr=0.027 m1=0.80 m2=1.00 m3=1.00 m4=0.80
[PHYSICS] pitch=-0.04 deg, altFt=0.00 ft, dt=0.0180 s, rollCorr=-0.002 pitchCorr=0.003 m1=0.80 m2=1.00 m3=1.00 m4=0.80
[PHYSICS] pitch=0.00 deg, altFt=0.00 ft, dt=0.0180 s, rollCorr=-0.023 pitchCorr=0.027 m1=0.80 m2=1.00 m3=1.00 m4=0.80
[PHYSICS] pitch=-0.04 deg, altFt=0.00 ft, dt=0.0180 s, rollCorr=-0.002 pitchCorr=0.003 m1=0.80 m2=1.00 m3=1.00 m4=0.80
[PHYSICS] pitch=0.00 deg, altFt=0.00 ft, dt=0.0180 s, rollCorr=-0.023 pitchCorr=0.027 m1=0.80 m2=1.00 m3=1.00 m4=0.80
[PHYSICS] pitch=-0.04 deg, altFt=0.00 ft, dt=0.0180 s, rollCorr=-0.002 pitchCorr=0.003 m1=0.80 m2=1.00 m3=1.00 m4=0.80
[PHYSICS] pitch=0.00 deg, altFt=0.00 ft, dt=0.0180 s, rollCorr=-0.023 pitchCorr=0.027 m1=0.80 m2=1.00 m3=1.00 m4=0.80
[PHYSICS] pitch=-0.04 deg, altFt=0.00 ft, dt=0.0180 s, rollCorr=-0.002 pitchCorr=0.003 m1=0.80 m2=1.00 m3=1.00 m4=0.80
[PHYSICS] pitch=0.00 deg, altFt=0.00 ft, dt=0.0180 s, rollCorr=-0.023 pitchCorr=0.028 m1=0.80 m2=1.00 m3=1.00 m4=0.80
[PHYSICS] pitch=-0.04 deg, altFt=0.00 ft, dt=0.0180 s, rollCorr=-0.002 pitchCorr=0.003 m1=0.80 m2=1.00 m3=1.00 m4=0.80
[PHYSICS] pitch=0.00 deg, altFt=0.00 ft, dt=0.0180 s, rollCorr=-0.023 pitchCorr=0.028 m1=0.80 m2=1.00 m3=1.00 m4=0.80
[PHYSICS] pitch=-0.04 deg, altFt=0.00 ft, dt=0.0180 s, rollCorr=-0.002 pitchCorr=0.003 m1=0.80 m2=1.00 m3=1.00 m4=0.80
[PHYSICS] pitch=0.00 deg, altFt=0.00 ft, dt=0.0180 s, rollCorr=-0.023 pitchCorr=0.028 m1=0.80 m2=1.00 m3=1.00 m4=0.80
[PHYSICS] pitch=-0.04 deg, altFt=0.00 ft, dt=0.0180 s, rollCorr=-0.002 pitchCorr=0.003 m1=0.80 m2=1.00 m3=1.00 m4=0.80
[PHYSICS] pitch=0.00 deg, altFt=0.00 ft, dt=0.0180 s, rollCorr=-0.023 pitchCorr=0.028 m1=0.80 m2=1.00 m3=1.00 m4=0.80
[PHYSICS] pitch=-0.04 deg, altFt=0.00 ft, dt=0.0180 s, rollCorr=-0.002 pitchCorr=0.003 m1=0.80 m2=1.00 m3=1.00 m4=0.80
[PHYSICS] pitch=0.00 deg, altFt=0.00 ft, dt=0.0180 s, rollCorr=-0.023 pitchCorr=0.028 m1=0.80 m2=1.00 m3=1.00 m4=0.80
[PHYSICS] pitch=-0.04 deg, altFt=0.00 ft, dt=0.0180 s, rollCorr=-0.002 pitchCorr=0.003 m1=0.80 m2=1.00 m3=1.00 m4=0.80
[PHYSICS] pitch=0.00 deg, altFt=0.00 ft, dt=0.0180 s, rollCorr=-0.023 pitchCorr=0.028 m1=0.80 m2=1.00 m3=1.00 m4=0.80
[PHYSICS] pitch=-0.04 deg, altFt=0.00 ft, dt=0.0180 s, rollCorr=-0.002 pitchCorr=0.003 m1=0.80 m2=1.00 m3=1.00 m4=0.80
[PHYSICS] pitch=0.00 deg, altFt=0.00 ft, dt=0.0180 s, rollCorr=-0.023 pitchCorr=0.028 m1=0.80 m2=1.00 m3=1.00 m4=0.80
[PHYSICS] pitch=-0.04 deg, altFt=0.00 ft, dt=0.0180 s, rollCorr=-0.002 pitchCorr=0.003 m1=0.80 m2=1.00 m3=1.00 m4=0.80
[PHYSICS] pitch=0.00 deg, altFt=0.00 ft, dt=0.0180 s, rollCorr=-0.023 pitchCorr=0.028 m1=0.80 m2=1.00 m3=1.00 m4=0.80
[PHYSICS] pitch=-0.04 deg, altFt=0.00 ft, dt=0.0180 s, rollCorr=-0.002 pitchCorr=0.003 m1=0.80 m2=1.00 m3=1.00 m4=0.80
[PHYSICS] pitch=0.00 deg, altFt=0.00 ft, dt=0.0180 s, rollCorr=-0.023 pitchCorr=0.028 m1=0.80 m2=1.00 m3=1.00 m4=0.80
[PHYSICS] pitch=-0.04 deg, altFt=0.00 ft, dt=0.0180 s, rollCorr=-0.002 pitchCorr=0.003 m1=0.80 m2=1.00 m3=1.00 m4=0.80
[PHYSICS] pitch=0.00 deg, altFt=0.00 ft, dt=0.0180 s, rollCorr=-0.023 pitchCorr=0.028 m1=0.80 m2=1.00 m3=1.00 m4=0.80
[PHYSICS] pitch=-0.04 deg, altFt=0.00 ft, dt=0.0180 s, rollCorr=-0.002 pitchCorr=0.003 m1=0.80 m2=1.00 m3=1.00 m4=0.80
[PHYSICS] pitch=0.00 deg, altFt=0.00 ft, dt=0.0180 s, rollCorr=-0.023 pitchCorr=0.028 m1=0.80 m2=1.00 m3=1.00 m4=0.80
[PHYSICS] pitch=-0.04 deg, altFt=0.00 ft, dt=0.0180 s, rollCorr=-0.002 pitchCorr=0.003 m1=0.80 m2=1.00 m3=1.00 m4=0.80
[PHYSICS] pitch=0.00 deg, altFt=0.00 ft, dt=0.0180 s, rollCorr=-0.023 pitchCorr=0.028 m1=0.80 m2=1.00 m3=1.00 m4=0.80
[PHYSICS] pitch=-0.04 deg, altFt=0.00 ft, dt=0.0180 s, rollCorr=-0.002 pitchCorr=0.003 m1=0.80 m2=1.00 m3=1.00 m4=0.80
[PHYSICS] pitch=0.00 deg, altFt=0.00 ft, dt=0.0180 s, rollCorr=-0.023 pitchCorr=0.028 m1=0.80 m2=1.00 m3=1.00 m4=0.80
[PHYSICS] pitch=-0.04 deg, altFt=0.00 ft, dt=0.0180 s, rollCorr=-0.002 pitchCorr=0.003 m1=0.80 m2=1.00 m3=1.00 m4=0.80
[PHYSICS] pitch=0.00 deg, altFt=0.00 ft, dt=0.0180 s, rollCorr=-0.023 pitchCorr=0.028 m1=0.80 m2=1.00 m3=1.00 m4=0.80
[PHYSICS] pitch=-0.04 deg, altFt=0.00 ft, dt=0.0180 s, rollCorr=-0.002 pitchCorr=0.003 m1=0.80 m2=1.00 m3=1.00 m4=0.80
[PHYSICS] pitch=0.00 deg, altFt=0.00 ft, dt=0.0180 s, rollCorr=-0.023 pitchCorr=0.028 m1=0.80 m2=1.00 m3=1.00 m4=0.80
[PHYSICS] pitch=-0.04 deg, altFt=0.00 ft, dt=0.0180 s, rollCorr=-0.002 pitchCorr=0.003 m1=0.80 m2=1.00 m3=1.00 m4=0.80
[PHYSICS] pitch=0.00 deg, altFt=0.00 ft, dt=0.0180 s, rollCorr=-0.023 pitchCorr=0.028 m1=0.80 m2=1.00 m3=1.00 m4=0.80
[PHYSICS] pitch=-0.04 deg, altFt=0.00 ft, dt=0.0180 s, rollCorr=-0.002 pitchCorr=0.003 m1=0.80 m2=1.00 m3=1.00 m4=0.80
[PHYSICS] pitch=0.00 deg, altFt=0.00 ft, dt=0.0180 s, rollCorr=-0.023 pitchCorr=0.028 m1=0.80 m2=1.00 m3=1.00 m4=0.80
[PHYSICS] pitch=-0.04 deg, altFt=0.00 ft, dt=0.0180 s, rollCorr=-0.002 pitchCorr=0.003 m1=0.80 m2=1.00 m3=1.00 m4=0.80
[PHYSICS] pitch=0.00 deg, altFt=0.00 ft, dt=0.0180 s, rollCorr=-0.023 pitchCorr=0.028 m1=0.80 m2=1.00 m3=1.00 m4=0.80
[PHYSICS] pitch=-0.04 deg, altFt=0.00 ft, dt=0.0180 s, rollCorr=-0.002 pitchCorr=0.003 m1=0.80 m2=1.00 m3=1.00 m4=0.80
[PHYSICS] pitch=0.00 deg, altFt=0.00 ft, dt=0.0180 s, rollCorr=-0.023 pitchCorr=0.028 m1=0.80 m2=1.00 m3=1.00 m4=0.80
[PHYSICS] pitch=-0.04 deg, altFt=0.00 ft, dt=0.0180 s, rollCorr=-0.002 pitchCorr=0.003 m1=0.80 m2=1.00 m3=1.00 m4=0.80
[PHYSICS] pitch=0.00 deg, altFt=0.00 ft, dt=0.0180 s, rollCorr=-0.023 pitchCorr=0.028 m1=0.80 m2=1.00 m3=1.00 m4=0.80
[PHYSICS] pitch=-0.04 deg, altFt=0.00 ft, dt=0.0180 s, rollCorr=-0.002 pitchCorr=0.003 m1=0.80 m2=1.00 m3=1.00 m4=0.80
[PHYSICS] pitch=0.00 deg, altFt=0.00 ft, dt=0.0180 s, rollCorr=-0.023 pitchCorr=0.028 m1=0.80 m2=1.00 m3=1.00 m4=0.80
[PHYSICS] pitch=-0.04 deg, altFt=0.00 ft, dt=0.0180 s, rollCorr=-0.002 pitchCorr=0.003 m1=0.80 m2=1.00 m3=1.00 m4=0.80
[PHYSICS] pitch=0.00 deg, altFt=0.00 ft, dt=0.0180 s, rollCorr=-0.023 pitchCorr=0.028 m1=0.80 m2=1.00 m3=1.00 m4=0.80
[PHYSICS] pitch=-0.04 deg, altFt=0.00 ft, dt=0.0180 s, rollCorr=-0.002 pitchCorr=0.003 m1=0.80 m2=1.00 m3=1.00 m4=0.80
[PHYSICS] pitch=0.00 deg, altFt=0.00 ft, dt=0.0180 s, rollCorr=-0.023 pitchCorr=0.028 m1=0.80 m2=1.00 m3=1.00 m4=0.80
[PHYSICS] pitch=-0.04 deg, altFt=0.00 ft, dt=0.0180 s, rollCorr=-0.002 pitchCorr=0.003 m1=0.80 m2=1.00 m3=1.00 m4=0.80
[PHYSICS] pitch=0.00 deg, altFt=0.00 ft, dt=0.0180 s, rollCorr=-0.023 pitchCorr=0.028 m1=0.80 m2=1.00 m3=1.00 m4=0.80
[PHYSICS] pitch=-0.04 deg, altFt=0.00 ft, dt=0.0180 s, rollCorr=-0.002 pitchCorr=0.003 m1=0.80 m2=1.00 m3=1.00 m4=0.80
[PHYSICS] pitch=0.00 deg, altFt=0.00 ft, dt=0.0180 s, rollCorr=-0.023 pitchCorr=0.028 m1=0.80 m2=1.00 m3=1.00 m4=0.80
[PHYSICS] pitch=-0.04 deg, altFt=0.00 ft, dt=0.0180 s, rollCorr=-0.002 pitchCorr=0.003 m1=0.80 m2=1.00 m3=1.00 m4=0.80
[PHYSICS] pitch=0.00 deg, altFt=0.00 ft, dt=0.0180 s, rollCorr=-0.023 pitchCorr=0.028 m1=0.80 m2=1.00 m3=1.00 m4=0.80
[PHYSICS] pitch=-0.04 deg, altFt=0.00 ft, dt=0.0180 s, rollCorr=-0.002 pitchCorr=0.003 m1=0.80 m2=1.00 m3=1.00 m4=0.80
[PHYSICS] pitch=0.00 deg, altFt=0.00 ft, dt=0.0180 s, rollCorr=-0.023 pitchCorr=0.028 m1=0.80 m2=1.00 m3=1.00 m4=0.80
[PHYSICS] pitch=-0.04 deg, altFt=0.00 ft, dt=0.0180 s, rollCorr=-0.002 pitchCorr=0.003 m1=0.80 m2=1.00 m3=1.00 m4=0.80
[PHYSICS] pitch=0.00 deg, altFt=0.00 ft, dt=0.0180 s, rollCorr=-0.023 pitchCorr=0.028 m1=0.80 m2=1.00 m3=1.00 m4=0.80
[PHYSICS] pitch=-0.04 deg, altFt=0.00 ft, dt=0.0180 s, rollCorr=-0.002 pitchCorr=0.003 m1=0.80 m2=1.00 m3=1.00 m4=0.80
[PHYSICS] pitch=0.00 deg, altFt=0.00 ft, dt=0.0180 s, rollCorr=-0.023 pitchCorr=0.028 m1=0.80 m2=1.00 m3=1.00 m4=0.80
[PHYSICS] pitch=-0.04 deg, altFt=0.00 ft, dt=0.0180 s, rollCorr=-0.002 pitchCorr=0.003 m1=0.80 m2=1.00 m3=1.00 m4=0.80
[PHYSICS] pitch=0.00 deg, altFt=0.00 ft, dt=0.0180 s, rollCorr=-0.023 pitchCorr=0.028 m1=0.80 m2=1.00 m3=1.00 m4=0.80
[PHYSICS] pitch=-0.04 deg, altFt=0.00 ft, dt=0.0180 s, rollCorr=-0.002 pitchCorr=0.003 m1=0.80 m2=1.00 m3=1.00 m4=0.80
[PHYSICS] pitch=0.00 deg, altFt=0.00 ft, dt=0.0180 s, rollCorr=-0.023 pitchCorr=0.028 m1=0.80 m2=1.00 m3=1.00 m4=0.80
[PHYSICS] pitch=-0.04 deg, altFt=0.00 ft, dt=0.0180 s, rollCorr=-0.002 pitchCorr=0.003 m1=0.80 m2=1.00 m3=1.00 m4=0.80
[PHYSICS] pitch=0.00 deg, altFt=0.00 ft, dt=0.0180 s, rollCorr=-0.023 pitchCorr=0.028 m1=0.80 m2=1.00 m3=1.00 m4=0.80
[PHYSICS] pitch=-0.04 deg, altFt=0.00 ft, dt=0.0180 s, rollCorr=-0.002 pitchCorr=0.003 m1=0.80 m2=1.00 m3=1.00 m4=0.80
[PHYSICS] pitch=0.00 deg, altFt=0.00 ft, dt=0.0180 s, rollCorr=-0.023 pitchCorr=0.028 m1=0.80 m2=1.00 m3=1.00 m4=0.80
[PHYSICS] pitch=-0.04 deg, altFt=0.00 ft, dt=0.0180 s, rollCorr=-0.002 pitchCorr=0.003 m1=0.80 m2=1.00 m3=1.00 m4=0.80
[PHYSICS] pitch=0.00 deg, altFt=0.00 ft, dt=0.0180 s, rollCorr=-0.023 pitchCorr=0.028 m1=0.80 m2=1.00 m3=1.00 m4=0.80
[PHYSICS] pitch=-0.04 deg, altFt=0.00 ft, dt=0.0180 s, rollCorr=-0.002 pitchCorr=0.003 m1=0.80 m2=1.00 m3=1.00 m4=0.80
[PHYSICS] pitch=0.00 deg, altFt=0.00 ft, dt=0.0180 s, rollCorr=-0.023 pitchCorr=0.028 m1=0.80 m2=1.00 m3=1.00 m4=0.80
[PHYSICS] pitch=-0.04 deg, altFt=0.00 ft, dt=0.0180 s, rollCorr=-0.002 pitchCorr=0.003 m1=0.80 m2=1.00 m3=1.00 m4=0.80
[PHYSICS] pitch=0.00 deg, altFt=0.00 ft, dt=0.0180 s, rollCorr=-0.023 pitchCorr=0.028 m1=0.80 m2=1.00 m3=1.00 m4=0.80
[PHYSICS] pitch=-0.04 deg, altFt=0.00 ft, dt=0.0180 s, rollCorr=-0.002 pitchCorr=0.003 m1=0.80 m2=1.00 m3=1.00 m4=0.80
[PHYSICS] pitch=0.00 deg, altFt=0.00 ft, dt=0.0180 s, rollCorr=-0.023 pitchCorr=0.028 m1=0.80 m2=1.00 m3=1.00 m4=0.80
[PHYSICS] pitch=-0.04 deg, altFt=0.00 ft, dt=0.0180 s, rollCorr=-0.002 pitchCorr=0.003 m1=0.80 m2=1.00 m3=1.00 m4=0.80
[PHYSICS] pitch=0.00 deg, altFt=0.00 ft, dt=0.0180 s, rollCorr=-0.023 pitchCorr=0.028 m1=0.80 m2=1.00 m3=1.00 m4=0.80
[PHYSICS] pitch=-0.04 deg, altFt=0.00 ft, dt=0.0180 s, rollCorr=-0.002 pitchCorr=0.003 m1=0.80 m2=1.00 m3=1.00 m4=0.80
[PHYSICS] pitch=0.00 deg, altFt=0.00 ft, dt=0.0180 s, rollCorr=-0.023 pitchCorr=0.028 m1=0.80 m2=1.00 m3=1.00 m4=0.80
[PHYSICS] pitch=-0.04 deg, altFt=0.00 ft, dt=0.0180 s, rollCorr=-0.002 pitchCorr=0.003 m1=0.80 m2=1.00 m3=1.00 m4=0.80
[PHYSICS] pitch=0.00 deg, altFt=0.00 ft, dt=0.0180 s, rollCorr=-0.023 pitchCorr=0.028 m1=0.80 m2=1.00 m3=1.00 m4=0.80
[PHYSICS] pitch=-0.04 deg, altFt=0.00 ft, dt=0.0180 s, rollCorr=-0.002 pitchCorr=0.003 m1=0.80 m2=1.00 m3=1.00 m4=0.80
[PHYSICS] pitch=0.00 deg, altFt=0.00 ft, dt=0.0180 s, rollCorr=-0.023 pitchCorr=0.028 m1=0.80 m2=1.00 m3=1.00 m4=0.80
[PHYSICS] pitch=-0.04 deg, altFt=0.00 ft, dt=0.0180 s, rollCorr=-0.002 pitchCorr=0.003 m1=0.80 m2=1.00 m3=1.00 m4=0.80
[PHYSICS] pitch=0.00 deg, altFt=0.00 ft, dt=0.0180 s, rollCorr=-0.023 pitchCorr=0.028 m1=0.80 m2=1.00 m3=1.00 m4=0.80
[PHYSICS] pitch=-0.04 deg, altFt=0.00 ft, dt=0.0180 s, rollCorr=-0.002 pitchCorr=0.003 m1=0.80 m2=1.00 m3=1.00 m4=0.80
[PHYSICS] pitch=0.00 deg, altFt=0.00 ft, dt=0.0180 s, rollCorr=-0.023 pitchCorr=0.028 m1=0.80 m2=1.00 m3=1.00 m4=0.80
[PHYSICS] pitch=-0.04 deg, altFt=0.00 ft, dt=0.0180 s, rollCorr=-0.002 pitchCorr=0.003 m1=0.80 m2=1.00 m3=1.00 m4=0.80
[PHYSICS] pitch=0.00 deg, altFt=0.00 ft, dt=0.0180 s, rollCorr=-0.023 pitchCorr=0.028 m1=0.80 m2=1.00 m3=1.00 m4=0.80
[PHYSICS] pitch=-0.04 deg, altFt=0.00 ft, dt=0.0180 s, rollCorr=-0.002 pitchCorr=0.003 m1=0.80 m2=1.00 m3=1.00 m4=0.80
[PHYSICS] pitch=0.00 deg, altFt=0.00 ft, dt=0.0180 s, rollCorr=-0.023 pitchCorr=0.028 m1=0.80 m2=1.00 m3=1.00 m4=0.80
[PHYSICS] pitch=-0.04 deg, altFt=0.00 ft, dt=0.0180 s, rollCorr=-0.002 pitchCorr=0.003 m1=0.80 m2=1.00 m3=1.00 m4=0.80
[PHYSICS] pitch=0.00 deg, altFt=0.00 ft, dt=0.0180 s, rollCorr=-0.023 pitchCorr=0.028 m1=0.80 m2=1.00 m3=1.00 m4=0.80
[PHYSICS] pitch=-0.04 deg, altFt=0.00 ft, dt=0.0180 s, rollCorr=-0.002 pitchCorr=0.003 m1=0.80 m2=1.00 m3=1.00 m4=0.80
[PHYSICS] pitch=0.00 deg, altFt=0.00 ft, dt=0.0180 s, rollCorr=-0.023 pitchCorr=0.028 m1=0.80 m2=1.00 m3=1.00 m4=0.80
[PHYSICS] pitch=-0.04 deg, altFt=0.00 ft, dt=0.0180 s, rollCorr=-0.002 pitchCorr=0.003 m1=0.80 m2=1.00 m3=1.00 m4=0.80
[PHYSICS] pitch=0.00 deg, altFt=0.00 ft, dt=0.0180 s, rollCorr=-0.023 pitchCorr=0.028 m1=0.80 m2=1.00 m3=1.00 m4=0.80
[PHYSICS] pitch=-0.04 deg, altFt=0.00 ft, dt=0.0180 s, rollCorr=-0.002 pitchCorr=0.003 m1=0.80 m2=1.00 m3=1.00 m4=0.80
[PHYSICS] pitch=0.00 deg, altFt=0.00 ft, dt=0.0180 s, rollCorr=-0.023 pitchCorr=0.028 m1=0.80 m2=1.00 m3=1.00 m4=0.80
[PHYSICS] pitch=-0.04 deg, altFt=0.00 ft, dt=0.0180 s, rollCorr=-0.002 pitchCorr=0.003 m1=0.80 m2=1.00 m3=1.00 m4=0.80
[PHYSICS] pitch=0.00 deg, altFt=0.00 ft, dt=0.0180 s, rollCorr=-0.023 pitchCorr=0.028 m1=0.80 m2=1.00 m3=1.00 m4=0.80
[PHYSICS] pitch=-0.04 deg, altFt=0.00 ft, dt=0.0180 s, rollCorr=-0.002 pitchCorr=0.003 m1=0.80 m2=1.00 m3=1.00 m4=0.80
[PHYSICS] pitch=0.00 deg, altFt=0.00 ft, dt=0.0180 s, rollCorr=-0.023 pitchCorr=0.028 m1=0.80 m2=1.00 m3=1.00 m4=0.80
[PHYSICS] pitch=-0.04 deg, altFt=0.00 ft, dt=0.0180 s, rollCorr=-0.002 pitchCorr=0.003 m1=0.80 m2=1.00 m3=1.00 m4=0.80
[PHYSICS] pitch=0.00 deg, altFt=0.00 ft, dt=0.0180 s, rollCorr=-0.023 pitchCorr=0.028 m1=0.80 m2=1.00 m3=1.00 m4=0.80
[PHYSICS] pitch=-0.04 deg, altFt=0.00 ft, dt=0.0180 s, rollCorr=-0.002 pitchCorr=0.003 m1=0.80 m2=1.00 m3=1.00 m4=0.80
[PHYSICS] pitch=0.00 deg, altFt=0.00 ft, dt=0.0180 s, rollCorr=-0.023 pitchCorr=0.028 m1=0.80 m2=1.00 m3=1.00 m4=0.80
[PHYSICS] pitch=-0.04 deg, altFt=0.00 ft, dt=0.0180 s, rollCorr=-0.002 pitchCorr=0.003 m1=0.80 m2=1.00 m3=1.00 m4=0.80
[PHYSICS] pitch=0.00 deg, altFt=0.00 ft, dt=0.0180 s, rollCorr=-0.023 pitchCorr=0.028 m1=0.80 m2=1.00 m3=1.00 m4=0.80
[PHYSICS] pitch=-0.04 deg, altFt=0.00 ft, dt=0.0180 s, rollCorr=-0.002 pitchCorr=0.003 m1=0.80 m2=1.00 m3=1.00 m4=0.80
[PHYSICS] pitch=0.00 deg, altFt=0.00 ft, dt=0.0180 s, rollCorr=-0.023 pitchCorr=0.028 m1=0.80 m2=1.00 m3=1.00 m4=0.80
[PHYSICS] pitch=-0.04 deg, altFt=0.00 ft, dt=0.0180 s, rollCorr=-0.002 pitchCorr=0.003 m1=0.80 m2=1.00 m3=1.00 m4=0.80
[PHYSICS] pitch=0.00 deg, altFt=0.00 ft, dt=0.0180 s, rollCorr=-0.023 pitchCorr=0.028 m1=0.80 m2=1.00 m3=1.00 m4=0.80
[PHYSICS] pitch=-0.04 deg, altFt=0.00 ft, dt=0.0180 s, rollCorr=-0.002 pitchCorr=0.003 m1=0.80 m2=1.00 m3=1.00 m4=0.80
[PHYSICS] pitch=0.00 deg, altFt=0.00 ft, dt=0.0180 s, rollCorr=-0.023 pitchCorr=0.028 m1=0.80 m2=1.00 m3=1.00 m4=0.80
[PHYSICS] pitch=-0.04 deg, altFt=0.00 ft, dt=0.0180 s, rollCorr=-0.002 pitchCorr=0.003 m1=0.80 m2=1.00 m3=1.00 m4=0.80
[PHYSICS] pitch=0.00 deg, altFt=0.00 ft, dt=0.0180 s, rollCorr=-0.023 pitchCorr=0.028 m1=0.80 m2=1.00 m3=1.00 m4=0.80
[PHYSICS] pitch=-0.04 deg, altFt=0.00 ft, dt=0.0180 s, rollCorr=-0.002 pitchCorr=0.003 m1=0.80 m2=1.00 m3=1.00 m4=0.80
[PHYSICS] pitch=0.00 deg, altFt=0.00 ft, dt=0.0180 s, rollCorr=-0.023 pitchCorr=0.028 m1=0.80 m2=1.00 m3=1.00 m4=0.80
[PHYSICS] pitch=-0.04 deg, altFt=0.00 ft, dt=0.0180 s, rollCorr=-0.002 pitchCorr=0.003 m1=0.80 m2=1.00 m3=1.00 m4=0.80
[PHYSICS] pitch=0.00 deg, altFt=0.00 ft, dt=0.0180 s, rollCorr=-0.023 pitchCorr=0.028 m1=0.80 m2=1.00 m3=1.00 m4=0.80
[PHYSICS] pitch=-0.04 deg, altFt=0.00 ft, dt=0.0180 s, rollCorr=-0.002 pitchCorr=0.003 m1=0.80 m2=1.00 m3=1.00 m4=0.80
[PHYSICS] pitch=0.00 deg, altFt=0.00 ft, dt=0.0180 s, rollCorr=-0.023 pitchCorr=0.028 m1=0.80 m2=1.00 m3=1.00 m4=0.80
[PHYSICS] pitch=-0.04 deg, altFt=0.00 ft, dt=0.0180 s, rollCorr=-0.002 pitchCorr=0.003 m1=0.80 m2=1.00 m3=1.00 m4=0.80
[PHYSICS] pitch=0.00 deg, altFt=0.00 ft, dt=0.0180 s, rollCorr=-0.023 pitchCorr=0.028 m1=0.80 m2=1.00 m3=1.00 m4=0.80
[PHYSICS] pitch=-0.04 deg, altFt=0.00 ft, dt=0.0180 s, rollCorr=-0.002 pitchCorr=0.003 m1=0.80 m2=1.00 m3=1.00 m4=0.80
[PHYSICS] pitch=0.00 deg, altFt=0.00 ft, dt=0.0180 s, rollCorr=-0.023 pitchCorr=0.028 m1=0.80 m2=1.00 m3=1.00 m4=0.80
[PHYSICS] pitch=-0.04 deg, altFt=0.00 ft, dt=0.0180 s, rollCorr=-0.002 pitchCorr=0.003 m1=0.80 m2=1.00 m3=1.00 m4=0.80
[PHYSICS] pitch=0.00 deg, altFt=0.00 ft, dt=0.0180 s, rollCorr=-0.023 pitchCorr=0.028 m1=0.80 m2=1.00 m3=1.00 m4=0.80
[PHYSICS] pitch=-0.04 deg, altFt=0.00 ft, dt=0.0180 s, rollCorr=-0.002 pitchCorr=0.003 m1=0.80 m2=1.00 m3=1.00 m4=0.80
[PHYSICS] pitch=0.00 deg, altFt=0.00 ft, dt=0.0180 s, rollCorr=-0.023 pitchCorr=0.028 m1=0.80 m2=1.00 m3=1.00 m4=0.80
[PHYSICS] pitch=-0.04 deg, altFt=0.00 ft, dt=0.0180 s, rollCorr=-0.003 pitchCorr=0.003 m1=0.80 m2=1.00 m3=1.00 m4=0.80
[PHYSICS] pitch=0.00 deg, altFt=0.00 ft, dt=0.0180 s, rollCorr=-0.023 pitchCorr=0.028 m1=0.80 m2=1.00 m3=1.00 m4=0.80
[PHYSICS] pitch=-0.04 deg, altFt=0.00 ft, dt=0.0180 s, rollCorr=-0.003 pitchCorr=0.003 m1=0.80 m2=1.00 m3=1.00 m4=0.80
[PHYSICS] pitch=0.00 deg, altFt=0.00 ft, dt=0.0180 s, rollCorr=-0.023 pitchCorr=0.028 m1=0.80 m2=1.00 m3=1.00 m4=0.80
[PHYSICS] pitch=-0.04 deg, altFt=0.00 ft, dt=0.0180 s, rollCorr=-0.003 pitchCorr=0.003 m1=0.80 m2=1.00 m3=1.00 m4=0.80
[PHYSICS] pitch=0.00 deg, altFt=0.00 ft, dt=0.0180 s, rollCorr=-0.023 pitchCorr=0.028 m1=0.80 m2=1.00 m3=1.00 m4=0.80
[PHYSICS] pitch=-0.04 deg, altFt=0.00 ft, dt=0.0180 s, rollCorr=-0.003 pitchCorr=0.003 m1=0.80 m2=1.00 m3=1.00 m4=0.80
[PHYSICS] pitch=0.00 deg, altFt=0.00 ft, dt=0.0180 s, rollCorr=-0.023 pitchCorr=0.028 m1=0.80 m2=1.00 m3=1.00 m4=0.80
[PHYSICS] pitch=-0.04 deg, altFt=0.00 ft, dt=0.0180 s, rollCorr=-0.003 pitchCorr=0.003 m1=0.80 m2=1.00 m3=1.00 m4=0.80
[PHYSICS] pitch=0.00 deg, altFt=0.00 ft, dt=0.0180 s, rollCorr=-0.023 pitchCorr=0.028 m1=0.80 m2=1.00 m3=1.00 m4=0.80
[PHYSICS] pitch=-0.04 deg, altFt=0.00 ft, dt=0.0180 s, rollCorr=-0.003 pitchCorr=0.003 m1=0.80 m2=1.00 m3=1.00 m4=0.80
[PHYSICS] pitch=0.00 deg, altFt=0.00 ft, dt=0.0180 s, rollCorr=-0.023 pitchCorr=0.028 m1=0.80 m2=1.00 m3=1.00 m4=0.80
[PHYSICS] pitch=-0.04 deg, altFt=0.00 ft, dt=0.0180 s, rollCorr=-0.003 pitchCorr=0.003 m1=0.80 m2=1.00 m3=1.00 m4=0.80
[PHYSICS] pitch=0.00 deg, altFt=0.00 ft, dt=0.0180 s, rollCorr=-0.023 pitchCorr=0.028 m1=0.80 m2=1.00 m3=1.00 m4=0.80
[PHYSICS] pitch=-0.04 deg, altFt=0.00 ft, dt=0.0180 s, rollCorr=-0.003 pitchCorr=0.003 m1=0.80 m2=1.00 m3=1.00 m4=0.80
[PHYSICS] pitch=0.00 deg, altFt=0.00 ft, dt=0.0180 s, rollCorr=-0.023 pitchCorr=0.028 m1=0.80 m2=1.00 m3=1.00 m4=0.80
[PHYSICS] pitch=-0.04 deg, altFt=0.00 ft, dt=0.0180 s, rollCorr=-0.003 pitchCorr=0.003 m1=0.80 m2=1.00 m3=1.00 m4=0.80
[PHYSICS] pitch=0.00 deg, altFt=0.00 ft, dt=0.0180 s, rollCorr=-0.023 pitchCorr=0.028 m1=0.80 m2=1.00 m3=1.00 m4=0.80
[PHYSICS] pitch=-0.04 deg, altFt=0.00 ft, dt=0.0180 s, rollCorr=-0.003 pitchCorr=0.003 m1=0.80 m2=1.00 m3=1.00 m4=0.80
[PHYSICS] pitch=0.00 deg, altFt=0.00 ft, dt=0.0180 s, rollCorr=-0.023 pitchCorr=0.028 m1=0.80 m2=1.00 m3=1.00 m4=0.80
[PHYSICS] pitch=-0.04 deg, altFt=0.00 ft, dt=0.0180 s, rollCorr=-0.003 pitchCorr=0.003 m1=0.80 m2=1.00 m3=1.00 m4=0.80
[PHYSICS] pitch=0.00 deg, altFt=0.00 ft, dt=0.0180 s, rollCorr=-0.023 pitchCorr=0.028 m1=0.80 m2=1.00 m3=1.00 m4=0.80
[PHYSICS] pitch=-0.04 deg, altFt=0.00 ft, dt=0.0180 s, rollCorr=-0.003 pitchCorr=0.003 m1=0.80 m2=1.00 m3=1.00 m4=0.80
[PHYSICS] pitch=0.00 deg, altFt=0.00 ft, dt=0.0180 s, rollCorr=-0.023 pitchCorr=0.028 m1=0.80 m2=1.00 m3=1.00 m4=0.80
[PHYSICS] pitch=-0.04 deg, altFt=0.00 ft, dt=0.0180 s, rollCorr=-0.003 pitchCorr=0.003 m1=0.80 m2=1.00 m3=1.00 m4=0.80
[PHYSICS] pitch=0.00 deg, altFt=0.00 ft, dt=0.0180 s, rollCorr=-0.023 pitchCorr=0.028 m1=0.80 m2=1.00 m3=1.00 m4=0.80
[PHYSICS] pitch=-0.04 deg, altFt=0.00 ft, dt=0.0180 s, rollCorr=-0.003 pitchCorr=0.003 m1=0.80 m2=1.00 m3=1.00 m4=0.80
[PHYSICS] pitch=0.00 deg, altFt=0.00 ft, dt=0.0180 s, rollCorr=-0.023 pitchCorr=0.028 m1=0.80 m2=1.00 m3=1.00 m4=0.80
[PHYSICS] pitch=-0.04 deg, altFt=0.00 ft, dt=0.0180 s, rollCorr=-0.003 pitchCorr=0.003 m1=0.80 m2=1.00 m3=1.00 m4=0.80
[PHYSICS] pitch=0.00 deg, altFt=0.00 ft, dt=0.0180 s, rollCorr=-0.023 pitchCorr=0.028 m1=0.80 m2=1.00 m3=1.00 m4=0.80
[PHYSICS] pitch=-0.04 deg, altFt=0.00 ft, dt=0.0180 s, rollCorr=-0.003 pitchCorr=0.003 m1=0.80 m2=1.00 m3=1.00 m4=0.80
[PHYSICS] pitch=0.00 deg, altFt=0.00 ft, dt=0.0180 s, rollCorr=-0.023 pitchCorr=0.028 m1=0.80 m2=1.00 m3=1.00 m4=0.80
[PHYSICS] pitch=-0.04 deg, altFt=0.00 ft, dt=0.0180 s, rollCorr=-0.003 pitchCorr=0.003 m1=0.80 m2=1.00 m3=1.00 m4=0.80
[PHYSICS] pitch=0.00 deg, altFt=0.00 ft, dt=0.0180 s, rollCorr=-0.023 pitchCorr=0.028 m1=0.80 m2=1.00 m3=1.00 m4=0.80
[PHYSICS] pitch=-0.04 deg, altFt=0.00 ft, dt=0.0180 s, rollCorr=-0.003 pitchCorr=0.003 m1=0.80 m2=1.00 m3=1.00 m4=0.80
[PHYSICS] pitch=0.00 deg, altFt=0.00 ft, dt=0.0180 s, rollCorr=-0.023 pitchCorr=0.028 m1=0.80 m2=1.00 m3=1.00 m4=0.80
[PHYSICS] pitch=-0.04 deg, altFt=0.00 ft, dt=0.0180 s, rollCorr=-0.003 pitchCorr=0.003 m1=0.80 m2=1.00 m3=1.00 m4=0.80
[PHYSICS] pitch=0.00 deg, altFt=0.00 ft, dt=0.0180 s, rollCorr=-0.023 pitchCorr=0.028 m1=0.80 m2=1.00 m3=1.00 m4=0.80
[PHYSICS] pitch=-0.04 deg, altFt=0.00 ft, dt=0.0180 s, rollCorr=-0.003 pitchCorr=0.003 m1=0.80 m2=1.00 m3=1.00 m4=0.80
[PHYSICS] pitch=0.00 deg, altFt=0.00 ft, dt=0.0180 s, rollCorr=-0.023 pitchCorr=0.028 m1=0.80 m2=1.00 m3=1.00 m4=0.80
[PHYSICS] pitch=-0.04 deg, altFt=0.00 ft, dt=0.0180 s, rollCorr=-0.003 pitchCorr=0.003 m1=0.80 m2=1.00 m3=1.00 m4=0.80
[PHYSICS] pitch=0.00 deg, altFt=0.00 ft, dt=0.0180 s, rollCorr=-0.023 pitchCorr=0.028 m1=0.80 m2=1.00 m3=1.00 m4=0.80
[PHYSICS] pitch=-0.04 deg, altFt=0.00 ft, dt=0.0180 s, rollCorr=-0.003 pitchCorr=0.003 m1=0.80 m2=1.00 m3=1.00 m4=0.80
[PHYSICS] pitch=0.00 deg, altFt=0.00 ft, dt=0.0180 s, rollCorr=-0.023 pitchCorr=0.028 m1=0.80 m2=1.00 m3=1.00 m4=0.80
[PHYSICS] pitch=-0.04 deg, altFt=0.00 ft, dt=0.0180 s, rollCorr=-0.003 pitchCorr=0.003 m1=0.80 m2=1.00 m3=1.00 m4=0.80
[PHYSICS] pitch=0.00 deg, altFt=0.00 ft, dt=0.0180 s, rollCorr=-0.023 pitchCorr=0.028 m1=0.80 m2=1.00 m3=1.00 m4=0.80
[PHYSICS] pitch=-0.04 deg, altFt=0.00 ft, dt=0.0180 s, rollCorr=-0.003 pitchCorr=0.003 m1=0.80 m2=1.00 m3=1.00 m4=0.80
[PHYSICS] pitch=0.00 deg, altFt=0.00 ft, dt=0.0180 s, rollCorr=-0.023 pitchCorr=0.028 m1=0.80 m2=1.00 m3=1.00 m4=0.80
[PHYSICS] pitch=-0.04 deg, altFt=0.00 ft, dt=0.0180 s, rollCorr=-0.003 pitchCorr=0.003 m1=0.80 m2=1.00 m3=1.00 m4=0.80
[PHYSICS] pitch=0.00 deg, altFt=0.00 ft, dt=0.0180 s, rollCorr=-0.023 pitchCorr=0.028 m1=0.80 m2=1.00 m3=1.00 m4=0.80
[PHYSICS] pitch=-0.04 deg, altFt=0.00 ft, dt=0.0180 s, rollCorr=-0.003 pitchCorr=0.003 m1=0.80 m2=1.00 m3=1.00 m4=0.80
[PHYSICS] pitch=0.00 deg, altFt=0.00 ft, dt=0.0180 s, rollCorr=-0.023 pitchCorr=0.028 m1=0.80 m2=1.00 m3=1.00 m4=0.80
[PHYSICS] pitch=-0.04 deg, altFt=0.00 ft, dt=0.0180 s, rollCorr=-0.003 pitchCorr=0.003 m1=0.80 m2=1.00 m3=1.00 m4=0.80
[PHYSICS] pitch=0.00 deg, altFt=0.00 ft, dt=0.0180 s, rollCorr=-0.023 pitchCorr=0.028 m1=0.80 m2=1.00 m3=1.00 m4=0.80
[PHYSICS] pitch=-0.04 deg, altFt=0.00 ft, dt=0.0180 s, rollCorr=-0.003 pitchCorr=0.003 m1=0.80 m2=1.00 m3=1.00 m4=0.80
[PHYSICS] pitch=0.00 deg, altFt=0.00 ft, dt=0.0180 s, rollCorr=-0.023 pitchCorr=0.028 m1=0.80 m2=1.00 m3=1.00 m4=0.80
[PHYSICS] pitch=-0.04 deg, altFt=0.00 ft, dt=0.0180 s, rollCorr=-0.003 pitchCorr=0.003 m1=0.80 m2=1.00 m3=1.00 m4=0.80
[PHYSICS] pitch=0.00 deg, altFt=0.00 ft, dt=0.0180 s, rollCorr=-0.023 pitchCorr=0.028 m1=0.80 m2=1.00 m3=1.00 m4=0.80
[PHYSICS] pitch=-0.04 deg, altFt=0.00 ft, dt=0.0180 s, rollCorr=-0.003 pitchCorr=0.003 m1=0.80 m2=1.00 m3=1.00 m4=0.80
[PHYSICS] pitch=0.00 deg, altFt=0.00 ft, dt=0.0180 s, rollCorr=-0.023 pitchCorr=0.028 m1=0.80 m2=1.00 m3=1.00 m4=0.80
[PHYSICS] pitch=-0.04 deg, altFt=0.00 ft, dt=0.0180 s, rollCorr=-0.003 pitchCorr=0.003 m1=0.80 m2=1.00 m3=1.00 m4=0.80
[PHYSICS] pitch=0.00 deg, altFt=0.00 ft, dt=0.0180 s, rollCorr=-0.023 pitchCorr=0.028 m1=0.80 m2=1.00 m3=1.00 m4=0.80
[PHYSICS] pitch=-0.04 deg, altFt=0.00 ft, dt=0.0180 s, rollCorr=-0.003 pitchCorr=0.003 m1=0.80 m2=1.00 m3=1.00 m4=0.80
[PHYSICS] pitch=0.00 deg, altFt=0.00 ft, dt=0.0180 s, rollCorr=-0.023 pitchCorr=0.028 m1=0.80 m2=1.00 m3=1.00 m4=0.80
[PHYSICS] pitch=-0.04 deg, altFt=0.00 ft, dt=0.0180 s, rollCorr=-0.003 pitchCorr=0.003 m1=0.80 m2=1.00 m3=1.00 m4=0.80
[PHYSICS] pitch=0.00 deg, altFt=0.00 ft, dt=0.0180 s, rollCorr=-0.023 pitchCorr=0.028 m1=0.80 m2=1.00 m3=1.00 m4=0.80
[PHYSICS] pitch=-0.04 deg, altFt=0.00 ft, dt=0.0180 s, rollCorr=-0.003 pitchCorr=0.003 m1=0.80 m2=1.00 m3=1.00 m4=0.80
[PHYSICS] pitch=0.00 deg, altFt=0.00 ft, dt=0.0180 s, rollCorr=-0.023 pitchCorr=0.028 m1=0.80 m2=1.00 m3=1.00 m4=0.80
[PHYSICS] pitch=-0.04 deg, altFt=0.00 ft, dt=0.0180 s, rollCorr=-0.003 pitchCorr=0.003 m1=0.80 m2=1.00 m3=1.00 m4=0.80
[PHYSICS] pitch=0.00 deg, altFt=0.00 ft, dt=0.0180 s, rollCorr=-0.023 pitchCorr=0.028 m1=0.80 m2=1.00 m3=1.00 m4=0.80
[PHYSICS] pitch=-0.04 deg, altFt=0.00 ft, dt=0.0180 s, rollCorr=-0.003 pitchCorr=0.003 m1=0.80 m2=1.00 m3=1.00 m4=0.80
[PHYSICS] pitch=0.00 deg, altFt=0.00 ft, dt=0.0180 s, rollCorr=-0.023 pitchCorr=0.028 m1=0.80 m2=1.00 m3=1.00 m4=0.80
[PHYSICS] pitch=-0.04 deg, altFt=0.00 ft, dt=0.0180 s, rollCorr=-0.003 pitchCorr=0.003 m1=0.80 m2=1.00 m3=1.00 m4=0.80
[PHYSICS] pitch=0.00 deg, altFt=0.00 ft, dt=0.0180 s, rollCorr=-0.023 pitchCorr=0.028 m1=0.80 m2=1.00 m3=1.00 m4=0.80
[PHYSICS] pitch=-0.04 deg, altFt=0.00 ft, dt=0.0180 s, rollCorr=-0.003 pitchCorr=0.003 m1=0.80 m2=1.00 m3=1.00 m4=0.80
[PHYSICS] pitch=0.00 deg, altFt=0.00 ft, dt=0.0180 s, rollCorr=-0.023 pitchCorr=0.028 m1=0.80 m2=1.00 m3=1.00 m4=0.80
[PHYSICS] pitch=-0.04 deg, altFt=0.00 ft, dt=0.0180 s, rollCorr=-0.003 pitchCorr=0.003 m1=0.80 m2=1.00 m3=1.00 m4=0.80
[PHYSICS] pitch=0.00 deg, altFt=0.00 ft, dt=0.0180 s, rollCorr=-0.023 pitchCorr=0.028 m1=0.80 m2=1.00 m3=1.00 m4=0.80
[PHYSICS] pitch=-0.04 deg, altFt=0.00 ft, dt=0.0180 s, rollCorr=-0.003 pitchCorr=0.003 m1=0.80 m2=1.00 m3=1.00 m4=0.80
[PHYSICS] pitch=0.00 deg, altFt=0.00 ft, dt=0.0180 s, rollCorr=-0.023 pitchCorr=0.028 m1=0.80 m2=1.00 m3=1.00 m4=0.80
[PHYSICS] pitch=-0.04 deg, altFt=0.00 ft, dt=0.0180 s, rollCorr=-0.003 pitchCorr=0.003 m1=0.80 m2=1.00 m3=1.00 m4=0.80
[PHYSICS] pitch=0.00 deg, altFt=0.00 ft, dt=0.0180 s, rollCorr=-0.023 pitchCorr=0.028 m1=0.80 m2=1.00 m3=1.00 m4=0.80
[PHYSICS] pitch=-0.04 deg, altFt=0.00 ft, dt=0.0180 s, rollCorr=-0.003 pitchCorr=0.003 m1=0.80 m2=1.00 m3=1.00 m4=0.80
[PHYSICS] pitch=0.00 deg, altFt=0.00 ft, dt=0.0180 s, rollCorr=-0.023 pitchCorr=0.028 m1=0.80 m2=1.00 m3=1.00 m4=0.80
[PHYSICS] pitch=-0.04 deg, altFt=0.00 ft, dt=0.0180 s, rollCorr=-0.003 pitchCorr=0.003 m1=0.80 m2=1.00 m3=1.00 m4=0.80
[PHYSICS] pitch=0.00 deg, altFt=0.00 ft, dt=0.0180 s, rollCorr=-0.023 pitchCorr=0.028 m1=0.80 m2=1.00 m3=1.00 m4=0.80
[PHYSICS] pitch=-0.04 deg, altFt=0.00 ft, dt=0.0180 s, rollCorr=-0.003 pitchCorr=0.003 m1=0.80 m2=1.00 m3=1.00 m4=0.80
[PHYSICS] pitch=0.00 deg, altFt=0.00 ft, dt=0.0180 s, rollCorr=-0.023 pitchCorr=0.028 m1=0.80 m2=1.00 m3=1.00 m4=0.80
[PHYSICS] pitch=-0.04 deg, altFt=0.00 ft, dt=0.0180 s, rollCorr=-0.003 pitchCorr=0.003 m1=0.80 m2=1.00 m3=1.00 m4=0.80
[PHYSICS] pitch=0.00 deg, altFt=0.00 ft, dt=0.0180 s, rollCorr=-0.023 pitchCorr=0.028 m1=0.80 m2=1.00 m3=1.00 m4=0.80
[PHYSICS] pitch=-0.04 deg, altFt=0.00 ft, dt=0.0180 s, rollCorr=-0.003 pitchCorr=0.003 m1=0.80 m2=1.00 m3=1.00 m4=0.80
[PHYSICS] pitch=0.00 deg, altFt=0.00 ft, dt=0.0180 s, rollCorr=-0.023 pitchCorr=0.028 m1=0.80 m2=1.00 m3=1.00 m4=0.80
[PHYSICS] pitch=-0.04 deg, altFt=0.00 ft, dt=0.0180 s, rollCorr=-0.003 pitchCorr=0.003 m1=0.80 m2=1.00 m3=1.00 m4=0.80
[PHYSICS] pitch=0.00 deg, altFt=0.00 ft, dt=0.0180 s, rollCorr=-0.023 pitchCorr=0.028 m1=0.80 m2=1.00 m3=1.00 m4=0.80
[PHYSICS] pitch=-0.04 deg, altFt=0.00 ft, dt=0.0180 s, rollCorr=-0.003 pitchCorr=0.003 m1=0.80 m2=1.00 m3=1.00 m4=0.80
[PHYSICS] pitch=0.00 deg, altFt=0.00 ft, dt=0.0180 s, rollCorr=-0.023 pitchCorr=0.028 m1=0.80 m2=1.00 m3=1.00 m4=0.80
[PHYSICS] pitch=-0.04 deg, altFt=0.00 ft, dt=0.0180 s, rollCorr=-0.003 pitchCorr=0.003 m1=0.80 m2=1.00 m3=1.00 m4=0.80
[PHYSICS] pitch=0.00 deg, altFt=0.00 ft, dt=0.0180 s, rollCorr=-0.023 pitchCorr=0.028 m1=0.80 m2=1.00 m3=1.00 m4=0.80
[PHYSICS] pitch=-0.04 deg, altFt=0.00 ft, dt=0.0180 s, rollCorr=-0.003 pitchCorr=0.003 m1=0.80 m2=1.00 m3=1.00 m4=0.80
[PHYSICS] pitch=0.00 deg, altFt=0.00 ft, dt=0.0180 s, rollCorr=-0.023 pitchCorr=0.028 m1=0.80 m2=1.00 m3=1.00 m4=0.80
[PHYSICS] pitch=-0.04 deg, altFt=0.00 ft, dt=0.0180 s, rollCorr=-0.003 pitchCorr=0.003 m1=0.80 m2=1.00 m3=1.00 m4=0.80
[PHYSICS] pitch=0.00 deg, altFt=0.00 ft, dt=0.0180 s, rollCorr=-0.023 pitchCorr=0.028 m1=0.80 m2=1.00 m3=1.00 m4=0.80
[PHYSICS] pitch=-0.04 deg, altFt=0.00 ft, dt=0.0180 s, rollCorr=-0.003 pitchCorr=0.003 m1=0.80 m2=1.00 m3=1.00 m4=0.80
[PHYSICS] pitch=0.00 deg, altFt=0.00 ft, dt=0.0180 s, rollCorr=-0.023 pitchCorr=0.028 m1=0.80 m2=1.00 m3=1.00 m4=0.80
[PHYSICS] pitch=-0.04 deg, altFt=0.00 ft, dt=0.0180 s, rollCorr=-0.003 pitchCorr=0.003 m1=0.80 m2=1.00 m3=1.00 m4=0.80
[PHYSICS] pitch=0.00 deg, altFt=0.00 ft, dt=0.0180 s, rollCorr=-0.023 pitchCorr=0.028 m1=0.80 m2=1.00 m3=1.00 m4=0.80
[PHYSICS] pitch=-0.04 deg, altFt=0.00 ft, dt=0.0180 s, rollCorr=-0.003 pitchCorr=0.003 m1=0.80 m2=1.00 m3=1.00 m4=0.80
[PHYSICS] pitch=0.00 deg, altFt=0.00 ft, dt=0.0180 s, rollCorr=-0.023 pitchCorr=0.028 m1=0.80 m2=1.00 m3=1.00 m4=0.80
[PHYSICS] pitch=-0.04 deg, altFt=0.00 ft, dt=0.0180 s, rollCorr=-0.003 pitchCorr=0.003 m1=0.80 m2=1.00 m3=1.00 m4=0.80
[PHYSICS] pitch=0.00 deg, altFt=0.00 ft, dt=0.0180 s, rollCorr=-0.023 pitchCorr=0.028 m1=0.80 m2=1.00 m3=1.00 m4=0.80
[PHYSICS] pitch=-0.04 deg, altFt=0.00 ft, dt=0.0180 s, rollCorr=-0.003 pitchCorr=0.003 m1=0.80 m2=1.00 m3=1.00 m4=0.80
[PHYSICS] pitch=0.00 deg, altFt=0.00 ft, dt=0.0180 s, rollCorr=-0.023 pitchCorr=0.028 m1=0.80 m2=1.00 m3=1.00 m4=0.80
[PHYSICS] pitch=-0.04 deg, altFt=0.00 ft, dt=0.0180 s, rollCorr=-0.003 pitchCorr=0.003 m1=0.80 m2=1.00 m3=1.00 m4=0.80
[PHYSICS] pitch=0.00 deg, altFt=0.00 ft, dt=0.0180 s, rollCorr=-0.023 pitchCorr=0.028 m1=0.80 m2=1.00 m3=1.00 m4=0.80
[PHYSICS] pitch=-0.04 deg, altFt=0.00 ft, dt=0.0180 s, rollCorr=-0.003 pitchCorr=0.003 m1=0.80 m2=1.00 m3=1.00 m4=0.80
[PHYSICS] pitch=0.00 deg, altFt=0.00 ft, dt=0.0180 s, rollCorr=-0.023 pitchCorr=0.028 m1=0.80 m2=1.00 m3=1.00 m4=0.80
[PHYSICS] pitch=-0.04 deg, altFt=0.00 ft, dt=0.0190 s, rollCorr=-0.003 pitchCorr=0.003 m1=0.80 m2=1.00 m3=1.00 m4=0.80
[PHYSICS] pitch=0.00 deg, altFt=0.00 ft, dt=0.0180 s, rollCorr=-0.023 pitchCorr=0.027 m1=0.80 m2=1.00 m3=1.00 m4=0.80
[PHYSICS] pitch=-0.04 deg, altFt=0.00 ft, dt=0.0180 s, rollCorr=-0.003 pitchCorr=0.003 m1=0.80 m2=1.00 m3=1.00 m4=0.80
[PHYSICS] pitch=0.00 deg, altFt=0.00 ft, dt=0.0180 s, rollCorr=-0.023 pitchCorr=0.028 m1=0.80 m2=1.00 m3=1.00 m4=0.80
[PHYSICS] pitch=-0.04 deg, altFt=0.00 ft, dt=0.0180 s, rollCorr=-0.003 pitchCorr=0.003 m1=0.80 m2=1.00 m3=1.00 m4=0.80
[PHYSICS] pitch=0.00 deg, altFt=0.00 ft, dt=0.0180 s, rollCorr=-0.023 pitchCorr=0.028 m1=0.80 m2=1.00 m3=1.00 m4=0.80
[PHYSICS] pitch=-0.04 deg, altFt=0.00 ft, dt=0.0180 s, rollCorr=-0.003 pitchCorr=0.003 m1=0.80 m2=1.00 m3=1.00 m4=0.80
[PHYSICS] pitch=0.00 deg, altFt=0.00 ft, dt=0.0180 s, rollCorr=-0.023 pitchCorr=0.028 m1=0.80 m2=1.00 m3=1.00 m4=0.80
[PHYSICS] pitch=-0.04 deg, altFt=0.00 ft, dt=0.0180 s, rollCorr=-0.003 pitchCorr=0.003 m1=0.80 m2=1.00 m3=1.00 m4=0.80
[PHYSICS] pitch=0.00 deg, altFt=0.00 ft, dt=0.0180 s, rollCorr=-0.023 pitchCorr=0.028 m1=0.80 m2=1.00 m3=1.00 m4=0.80
[PHYSICS] pitch=-0.04 deg, altFt=0.00 ft, dt=0.0180 s, rollCorr=-0.003 pitchCorr=0.003 m1=0.80 m2=1.00 m3=1.00 m4=0.80
[PHYSICS] pitch=0.00 deg, altFt=0.00 ft, dt=0.0180 s, rollCorr=-0.023 pitchCorr=0.028 m1=0.80 m2=1.00 m3=1.00 m4=0.80
[PHYSICS] pitch=-0.04 deg, altFt=0.00 ft, dt=0.0180 s, rollCorr=-0.003 pitchCorr=0.003 m1=0.80 m2=1.00 m3=1.00 m4=0.80
[PHYSICS] pitch=0.00 deg, altFt=0.00 ft, dt=0.0180 s, rollCorr=-0.023 pitchCorr=0.028 m1=0.80 m2=1.00 m3=1.00 m4=0.80
[PHYSICS] pitch=-0.04 deg, altFt=0.00 ft, dt=0.0180 s, rollCorr=-0.003 pitchCorr=0.003 m1=0.80 m2=1.00 m3=1.00 m4=0.80
[PHYSICS] pitch=0.00 deg, altFt=0.00 ft, dt=0.0180 s, rollCorr=-0.023 pitchCorr=0.028 m1=0.80 m2=1.00 m3=1.00 m4=0.80
[PHYSICS] pitch=-0.04 deg, altFt=0.00 ft, dt=0.0180 s, rollCorr=-0.003 pitchCorr=0.003 m1=0.80 m2=1.00 m3=1.00 m4=0.80
[PHYSICS] pitch=0.00 deg, altFt=0.00 ft, dt=0.0180 s, rollCorr=-0.023 pitchCorr=0.028 m1=0.80 m2=1.00 m3=1.00 m4=0.80
[PHYSICS] pitch=-0.04 deg, altFt=0.00 ft, dt=0.0180 s, rollCorr=-0.003 pitchCorr=0.003 m1=0.80 m2=1.00 m3=1.00 m4=0.80
[PHYSICS] pitch=0.00 deg, altFt=0.00 ft, dt=0.0180 s, rollCorr=-0.023 pitchCorr=0.028 m1=0.80 m2=1.00 m3=1.00 m4=0.80
[PHYSICS] pitch=-0.04 deg, altFt=0.00 ft, dt=0.0180 s, rollCorr=-0.003 pitchCorr=0.003 m1=0.80 m2=1.00 m3=1.00 m4=0.80
[PHYSICS] pitch=0.00 deg, altFt=0.00 ft, dt=0.0180 s, rollCorr=-0.023 pitchCorr=0.028 m1=0.80 m2=1.00 m3=1.00 m4=0.80
[PHYSICS] pitch=-0.04 deg, altFt=0.00 ft, dt=0.0180 s, rollCorr=-0.003 pitchCorr=0.003 m1=0.80 m2=1.00 m3=1.00 m4=0.80
[PHYSICS] pitch=0.00 deg, altFt=0.00 ft, dt=0.0180 s, rollCorr=-0.024 pitchCorr=0.028 m1=0.80 m2=1.00 m3=1.00 m4=0.80
[PHYSICS] pitch=-0.04 deg, altFt=0.00 ft, dt=0.0180 s, rollCorr=-0.003 pitchCorr=0.003 m1=0.80 m2=1.00 m3=1.00 m4=0.80
[PHYSICS] pitch=0.00 deg, altFt=0.00 ft, dt=0.0180 s, rollCorr=-0.023 pitchCorr=0.028 m1=0.80 m2=1.00 m3=1.00 m4=0.80
[PHYSICS] pitch=-0.04 deg, altFt=0.00 ft, dt=0.0180 s, rollCorr=-0.003 pitchCorr=0.003 m1=0.80 m2=1.00 m3=1.00 m4=0.80
[PHYSICS] pitch=0.00 deg, altFt=0.00 ft, dt=0.0180 s, rollCorr=-0.023 pitchCorr=0.028 m1=0.80 m2=1.00 m3=1.00 m4=0.80
[PHYSICS] pitch=-0.04 deg, altFt=0.00 ft, dt=0.0180 s, rollCorr=-0.003 pitchCorr=0.003 m1=0.80 m2=1.00 m3=1.00 m4=0.80
[PHYSICS] pitch=0.00 deg, altFt=0.00 ft, dt=0.0180 s, rollCorr=-0.023 pitchCorr=0.028 m1=0.80 m2=1.00 m3=1.00 m4=0.80
[PHYSICS] pitch=-0.04 deg, altFt=0.00 ft, dt=0.0180 s, rollCorr=-0.003 pitchCorr=0.003 m1=0.80 m2=1.00 m3=1.00 m4=0.80
[PHYSICS] pitch=0.00 deg, altFt=0.00 ft, dt=0.0180 s, rollCorr=-0.023 pitchCorr=0.028 m1=0.80 m2=1.00 m3=1.00 m4=0.80
[PHYSICS] pitch=-0.04 deg, altFt=0.00 ft, dt=0.0180 s, rollCorr=-0.003 pitchCorr=0.003 m1=0.80 m2=1.00 m3=1.00 m4=0.80
[PHYSICS] pitch=0.00 deg, altFt=0.00 ft, dt=0.0180 s, rollCorr=-0.023 pitchCorr=0.028 m1=0.80 m2=1.00 m3=1.00 m4=0.80
[PHYSICS] pitch=-0.04 deg, altFt=0.00 ft, dt=0.0180 s, rollCorr=-0.003 pitchCorr=0.003 m1=0.80 m2=1.00 m3=1.00 m4=0.80
[PHYSICS] pitch=0.00 deg, altFt=0.00 ft, dt=0.0180 s, rollCorr=-0.023 pitchCorr=0.028 m1=0.80 m2=1.00 m3=1.00 m4=0.80
[PHYSICS] pitch=-0.04 deg, altFt=0.00 ft, dt=0.0180 s, rollCorr=-0.003 pitchCorr=0.003 m1=0.80 m2=1.00 m3=1.00 m4=0.80
[PHYSICS] pitch=0.00 deg, altFt=0.00 ft, dt=0.0180 s, rollCorr=-0.023 pitchCorr=0.028 m1=0.80 m2=1.00 m3=1.00 m4=0.80
[PHYSICS] pitch=-0.04 deg, altFt=0.00 ft, dt=0.0180 s, rollCorr=-0.003 pitchCorr=0.003 m1=0.80 m2=1.00 m3=1.00 m4=0.80
[PHYSICS] pitch=0.00 deg, altFt=0.00 ft, dt=0.0180 s, rollCorr=-0.023 pitchCorr=0.028 m1=0.80 m2=1.00 m3=1.00 m4=0.80
[PHYSICS] pitch=-0.04 deg, altFt=0.00 ft, dt=0.0180 s, rollCorr=-0.003 pitchCorr=0.003 m1=0.80 m2=1.00 m3=1.00 m4=0.80
[PHYSICS] pitch=0.00 deg, altFt=0.00 ft, dt=0.0180 s, rollCorr=-0.023 pitchCorr=0.028 m1=0.80 m2=1.00 m3=1.00 m4=0.80
[PHYSICS] pitch=-0.04 deg, altFt=0.00 ft, dt=0.0180 s, rollCorr=-0.003 pitchCorr=0.003 m1=0.80 m2=1.00 m3=1.00 m4=0.80
[PHYSICS] pitch=0.00 deg, altFt=0.00 ft, dt=0.0180 s, rollCorr=-0.024 pitchCorr=0.028 m1=0.80 m2=1.00 m3=1.00 m4=0.80
[PHYSICS] pitch=-0.04 deg, altFt=0.00 ft, dt=0.0180 s, rollCorr=-0.003 pitchCorr=0.003 m1=0.80 m2=1.00 m3=1.00 m4=0.80
[PHYSICS] pitch=0.00 deg, altFt=0.00 ft, dt=0.0170 s, rollCorr=-0.024 pitchCorr=0.028 m1=0.80 m2=1.00 m3=1.00 m4=0.80
[PHYSICS] pitch=-0.04 deg, altFt=0.00 ft, dt=0.0180 s, rollCorr=-0.002 pitchCorr=0.002 m1=0.80 m2=1.00 m3=1.00 m4=0.80
[PHYSICS] pitch=0.00 deg, altFt=0.00 ft, dt=0.0180 s, rollCorr=-0.024 pitchCorr=0.028 m1=0.80 m2=1.00 m3=1.00 m4=0.80
[PHYSICS] pitch=-0.04 deg, altFt=0.00 ft, dt=0.0180 s, rollCorr=-0.003 pitchCorr=0.003 m1=0.80 m2=1.00 m3=1.00 m4=0.80
[PHYSICS] pitch=0.00 deg, altFt=0.00 ft, dt=0.0180 s, rollCorr=-0.024 pitchCorr=0.028 m1=0.80 m2=1.00 m3=1.00 m4=0.80
[PHYSICS] pitch=-0.04 deg, altFt=0.00 ft, dt=0.0180 s, rollCorr=-0.003 pitchCorr=0.003 m1=0.80 m2=1.00 m3=1.00 m4=0.80
[PHYSICS] pitch=0.00 deg, altFt=0.00 ft, dt=0.0180 s, rollCorr=-0.024 pitchCorr=0.028 m1=0.80 m2=1.00 m3=1.00 m4=0.80
[PHYSICS] pitch=-0.04 deg, altFt=0.00 ft, dt=0.0180 s, rollCorr=-0.003 pitchCorr=0.003 m1=0.80 m2=1.00 m3=1.00 m4=0.80
[PHYSICS] pitch=0.00 deg, altFt=0.00 ft, dt=0.0180 s, rollCorr=-0.024 pitchCorr=0.028 m1=0.80 m2=1.00 m3=1.00 m4=0.80
[PHYSICS] pitch=-0.04 deg, altFt=0.00 ft, dt=0.0180 s, rollCorr=-0.003 pitchCorr=0.003 m1=0.80 m2=1.00 m3=1.00 m4=0.80
[PHYSICS] pitch=0.00 deg, altFt=0.00 ft, dt=0.0180 s, rollCorr=-0.024 pitchCorr=0.028 m1=0.80 m2=1.00 m3=1.00 m4=0.80
[PHYSICS] pitch=-0.04 deg, altFt=0.00 ft, dt=0.0180 s, rollCorr=-0.003 pitchCorr=0.003 m1=0.80 m2=1.00 m3=1.00 m4=0.80
[PHYSICS] pitch=0.00 deg, altFt=0.00 ft, dt=0.0180 s, rollCorr=-0.024 pitchCorr=0.028 m1=0.80 m2=1.00 m3=1.00 m4=0.80
[PHYSICS] pitch=-0.04 deg, altFt=0.00 ft, dt=0.0180 s, rollCorr=-0.003 pitchCorr=0.003 m1=0.80 m2=1.00 m3=1.00 m4=0.80
[PHYSICS] pitch=0.00 deg, altFt=0.00 ft, dt=0.0180 s, rollCorr=-0.024 pitchCorr=0.028 m1=0.80 m2=1.00 m3=1.00 m4=0.80
[PHYSICS] pitch=-0.04 deg, altFt=0.00 ft, dt=0.0180 s, rollCorr=-0.003 pitchCorr=0.003 m1=0.80 m2=1.00 m3=1.00 m4=0.80
[PHYSICS] pitch=0.00 deg, altFt=0.00 ft, dt=0.0180 s, rollCorr=-0.024 pitchCorr=0.028 m1=0.80 m2=1.00 m3=1.00 m4=0.80
[PHYSICS] pitch=-0.04 deg, altFt=0.00 ft, dt=0.0180 s, rollCorr=-0.003 pitchCorr=0.003 m1=0.80 m2=1.00 m3=1.00 m4=0.80
[PHYSICS] pitch=0.00 deg, altFt=0.00 ft, dt=0.0180 s, rollCorr=-0.024 pitchCorr=0.028 m1=0.80 m2=1.00 m3=1.00 m4=0.80
[PHYSICS] pitch=-0.04 deg, altFt=0.00 ft, dt=0.0180 s, rollCorr=-0.003 pitchCorr=0.003 m1=0.80 m2=1.00 m3=1.00 m4=0.80
[PHYSICS] pitch=0.00 deg, altFt=0.00 ft, dt=0.0180 s, rollCorr=-0.024 pitchCorr=0.028 m1=0.80 m2=1.00 m3=1.00 m4=0.80
[PHYSICS] pitch=-0.04 deg, altFt=0.00 ft, dt=0.0180 s, rollCorr=-0.003 pitchCorr=0.003 m1=0.80 m2=1.00 m3=1.00 m4=0.80
[PHYSICS] pitch=0.00 deg, altFt=0.00 ft, dt=0.0180 s, rollCorr=-0.024 pitchCorr=0.028 m1=0.80 m2=1.00 m3=1.00 m4=0.80
[PHYSICS] pitch=-0.04 deg, altFt=0.00 ft, dt=0.0180 s, rollCorr=-0.003 pitchCorr=0.003 m1=0.80 m2=1.00 m3=1.00 m4=0.80
[PHYSICS] pitch=0.00 deg, altFt=0.00 ft, dt=0.0180 s, rollCorr=-0.024 pitchCorr=0.028 m1=0.80 m2=1.00 m3=1.00 m4=0.80
[PHYSICS] pitch=-0.04 deg, altFt=0.00 ft, dt=0.0180 s, rollCorr=-0.003 pitchCorr=0.003 m1=0.80 m2=1.00 m3=1.00 m4=0.80
[PHYSICS] pitch=0.00 deg, altFt=0.00 ft, dt=0.0180 s, rollCorr=-0.024 pitchCorr=0.028 m1=0.80 m2=1.00 m3=1.00 m4=0.80
[PHYSICS] pitch=-0.04 deg, altFt=0.00 ft, dt=0.0180 s, rollCorr=-0.003 pitchCorr=0.003 m1=0.80 m2=1.00 m3=1.00 m4=0.80
[PHYSICS] pitch=0.00 deg, altFt=0.00 ft, dt=0.0180 s, rollCorr=-0.024 pitchCorr=0.028 m1=0.80 m2=1.00 m3=1.00 m4=0.80
[PHYSICS] pitch=-0.04 deg, altFt=0.00 ft, dt=0.0180 s, rollCorr=-0.003 pitchCorr=0.003 m1=0.80 m2=1.00 m3=1.00 m4=0.80
[PHYSICS] pitch=0.00 deg, altFt=0.00 ft, dt=0.0180 s, rollCorr=-0.024 pitchCorr=0.028 m1=0.80 m2=1.00 m3=1.00 m4=0.80
[PHYSICS] pitch=-0.04 deg, altFt=0.00 ft, dt=0.0180 s, rollCorr=-0.003 pitchCorr=0.003 m1=0.80 m2=1.00 m3=1.00 m4=0.80
[PHYSICS] pitch=0.00 deg, altFt=0.00 ft, dt=0.0180 s, rollCorr=-0.024 pitchCorr=0.028 m1=0.80 m2=1.00 m3=1.00 m4=0.80
[PHYSICS] pitch=-0.04 deg, altFt=0.00 ft, dt=0.0180 s, rollCorr=-0.003 pitchCorr=0.003 m1=0.80 m2=1.00 m3=1.00 m4=0.80
[PHYSICS] pitch=0.00 deg, altFt=0.00 ft, dt=0.0180 s, rollCorr=-0.024 pitchCorr=0.028 m1=0.80 m2=1.00 m3=1.00 m4=0.80
[PHYSICS] pitch=-0.04 deg, altFt=0.00 ft, dt=0.0180 s, rollCorr=-0.003 pitchCorr=0.003 m1=0.80 m2=1.00 m3=1.00 m4=0.80
[PHYSICS] pitch=0.00 deg, altFt=0.00 ft, dt=0.0180 s, rollCorr=-0.024 pitchCorr=0.028 m1=0.80 m2=1.00 m3=1.00 m4=0.80
[PHYSICS] pitch=-0.04 deg, altFt=0.00 ft, dt=0.0180 s, rollCorr=-0.003 pitchCorr=0.003 m1=0.80 m2=1.00 m3=1.00 m4=0.80
[PHYSICS] pitch=0.00 deg, altFt=0.00 ft, dt=0.0180 s, rollCorr=-0.024 pitchCorr=0.028 m1=0.80 m2=1.00 m3=1.00 m4=0.80
[PHYSICS] pitch=-0.04 deg, altFt=0.00 ft, dt=0.0180 s, rollCorr=-0.003 pitchCorr=0.003 m1=0.80 m2=1.00 m3=1.00 m4=0.80
[PHYSICS] pitch=0.00 deg, altFt=0.00 ft, dt=0.0180 s, rollCorr=-0.024 pitchCorr=0.028 m1=0.80 m2=1.00 m3=1.00 m4=0.80
[PHYSICS] pitch=-0.04 deg, altFt=0.00 ft, dt=0.0180 s, rollCorr=-0.003 pitchCorr=0.003 m1=0.80 m2=1.00 m3=1.00 m4=0.80
[PHYSICS] pitch=0.00 deg, altFt=0.00 ft, dt=0.0180 s, rollCorr=-0.024 pitchCorr=0.028 m1=0.80 m2=1.00 m3=1.00 m4=0.80
[PHYSICS] pitch=-0.04 deg, altFt=0.00 ft, dt=0.0180 s, rollCorr=-0.003 pitchCorr=0.003 m1=0.80 m2=1.00 m3=1.00 m4=0.80
[PHYSICS] pitch=0.00 deg, altFt=0.00 ft, dt=0.0180 s, rollCorr=-0.024 pitchCorr=0.028 m1=0.80 m2=1.00 m3=1.00 m4=0.80
[PHYSICS] pitch=-0.04 deg, altFt=0.00 ft, dt=0.0180 s, rollCorr=-0.003 pitchCorr=0.003 m1=0.80 m2=1.00 m3=1.00 m4=0.80
[PHYSICS] pitch=0.00 deg, altFt=0.00 ft, dt=0.0180 s, rollCorr=-0.024 pitchCorr=0.028 m1=0.80 m2=1.00 m3=1.00 m4=0.80
[PHYSICS] pitch=-0.04 deg, altFt=0.00 ft, dt=0.0180 s, rollCorr=-0.003 pitchCorr=0.003 m1=0.80 m2=1.00 m3=1.00 m4=0.80
[PHYSICS] pitch=0.00 deg, altFt=0.00 ft, dt=0.0180 s, rollCorr=-0.024 pitchCorr=0.028 m1=0.80 m2=1.00 m3=1.00 m4=0.80
[PHYSICS] pitch=-0.04 deg, altFt=0.00 ft, dt=0.0180 s, rollCorr=-0.003 pitchCorr=0.003 m1=0.80 m2=1.00 m3=1.00 m4=0.80
[PHYSICS] pitch=0.00 deg, altFt=0.00 ft, dt=0.0180 s, rollCorr=-0.024 pitchCorr=0.028 m1=0.80 m2=1.00 m3=1.00 m4=0.80
[PHYSICS] pitch=-0.04 deg, altFt=0.00 ft, dt=0.0180 s, rollCorr=-0.003 pitchCorr=0.003 m1=0.80 m2=1.00 m3=1.00 m4=0.80
[PHYSICS] pitch=0.00 deg, altFt=0.00 ft, dt=0.0180 s, rollCorr=-0.024 pitchCorr=0.028 m1=0.80 m2=1.00 m3=1.00 m4=0.80
[PHYSICS] pitch=-0.04 deg, altFt=0.00 ft, dt=0.0180 s, rollCorr=-0.003 pitchCorr=0.003 m1=0.80 m2=1.00 m3=1.00 m4=0.80
[PHYSICS] pitch=0.00 deg, altFt=0.00 ft, dt=0.0180 s, rollCorr=-0.024 pitchCorr=0.028 m1=0.80 m2=1.00 m3=1.00 m4=0.80
[PHYSICS] pitch=-0.04 deg, altFt=0.00 ft, dt=0.0180 s, rollCorr=-0.003 pitchCorr=0.003 m1=0.80 m2=1.00 m3=1.00 m4=0.80
[PHYSICS] pitch=0.00 deg, altFt=0.00 ft, dt=0.0180 s, rollCorr=-0.024 pitchCorr=0.028 m1=0.80 m2=1.00 m3=1.00 m4=0.80
[PHYSICS] pitch=-0.04 deg, altFt=0.00 ft, dt=0.0180 s, rollCorr=-0.003 pitchCorr=0.003 m1=0.80 m2=1.00 m3=1.00 m4=0.80
[PHYSICS] pitch=0.00 deg, altFt=0.00 ft, dt=0.0180 s, rollCorr=-0.024 pitchCorr=0.028 m1=0.80 m2=1.00 m3=1.00 m4=0.80
[PHYSICS] pitch=-0.04 deg, altFt=0.00 ft, dt=0.0180 s, rollCorr=-0.003 pitchCorr=0.003 m1=0.80 m2=1.00 m3=1.00 m4=0.80
[PHYSICS] pitch=0.00 deg, altFt=0.00 ft, dt=0.0180 s, rollCorr=-0.024 pitchCorr=0.028 m1=0.80 m2=1.00 m3=1.00 m4=0.80
[PHYSICS] pitch=-0.04 deg, altFt=0.00 ft, dt=0.0180 s, rollCorr=-0.003 pitchCorr=0.003 m1=0.80 m2=1.00 m3=1.00 m4=0.80
[PHYSICS] pitch=0.00 deg, altFt=0.00 ft, dt=0.0180 s, rollCorr=-0.024 pitchCorr=0.028 m1=0.80 m2=1.00 m3=1.00 m4=0.80
[PHYSICS] pitch=-0.04 deg, altFt=0.00 ft, dt=0.0180 s, rollCorr=-0.003 pitchCorr=0.003 m1=0.80 m2=1.00 m3=1.00 m4=0.80
[PHYSICS] pitch=0.00 deg, altFt=0.00 ft, dt=0.0180 s, rollCorr=-0.024 pitchCorr=0.028 m1=0.80 m2=1.00 m3=1.00 m4=0.80
[PHYSICS] pitch=-0.04 deg, altFt=0.00 ft, dt=0.0180 s, rollCorr=-0.003 pitchCorr=0.003 m1=0.80 m2=1.00 m3=1.00 m4=0.80
[PHYSICS] pitch=0.00 deg, altFt=0.00 ft, dt=0.0180 s, rollCorr=-0.024 pitchCorr=0.028 m1=0.80 m2=1.00 m3=1.00 m4=0.80
[PHYSICS] pitch=-0.04 deg, altFt=0.00 ft, dt=0.0180 s, rollCorr=-0.003 pitchCorr=0.003 m1=0.80 m2=1.00 m3=1.00 m4=0.80
[PHYSICS] pitch=0.00 deg, altFt=0.00 ft, dt=0.0180 s, rollCorr=-0.024 pitchCorr=0.028 m1=0.80 m2=1.00 m3=1.00 m4=0.80
[PHYSICS] pitch=-0.04 deg, altFt=0.00 ft, dt=0.0180 s, rollCorr=-0.003 pitchCorr=0.003 m1=0.80 m2=1.00 m3=1.00 m4=0.80
[PHYSICS] pitch=0.00 deg, altFt=0.00 ft, dt=0.0180 s, rollCorr=-0.024 pitchCorr=0.028 m1=0.80 m2=1.00 m3=1.00 m4=0.80
[PHYSICS] pitch=-0.04 deg, altFt=0.00 ft, dt=0.0180 s, rollCorr=-0.003 pitchCorr=0.003 m1=0.80 m2=1.00 m3=1.00 m4=0.80
[PHYSICS] pitch=0.00 deg, altFt=0.00 ft, dt=0.0180 s, rollCorr=-0.024 pitchCorr=0.028 m1=0.80 m2=1.00 m3=1.00 m4=0.80
[PHYSICS] pitch=-0.04 deg, altFt=0.00 ft, dt=0.0180 s, rollCorr=-0.003 pitchCorr=0.003 m1=0.80 m2=1.00 m3=1.00 m4=0.80
[PHYSICS] pitch=0.00 deg, altFt=0.00 ft, dt=0.0180 s, rollCorr=-0.024 pitchCorr=0.028 m1=0.80 m2=1.00 m3=1.00 m4=0.80
[PHYSICS] pitch=-0.04 deg, altFt=0.00 ft, dt=0.0180 s, rollCorr=-0.003 pitchCorr=0.003 m1=0.80 m2=1.00 m3=1.00 m4=0.80
[PHYSICS] pitch=0.00 deg, altFt=0.00 ft, dt=0.0180 s, rollCorr=-0.024 pitchCorr=0.028 m1=0.80 m2=1.00 m3=1.00 m4=0.80
[PHYSICS] pitch=-0.04 deg, altFt=0.00 ft, dt=0.0180 s, rollCorr=-0.003 pitchCorr=0.003 m1=0.80 m2=1.00 m3=1.00 m4=0.80
[PHYSICS] pitch=0.00 deg, altFt=0.00 ft, dt=0.0180 s, rollCorr=-0.024 pitchCorr=0.028 m1=0.80 m2=1.00 m3=1.00 m4=0.80
[PHYSICS] pitch=-0.04 deg, altFt=0.00 ft, dt=0.0180 s, rollCorr=-0.003 pitchCorr=0.003 m1=0.80 m2=1.00 m3=1.00 m4=0.80
[PHYSICS] pitch=0.00 deg, altFt=0.00 ft, dt=0.0180 s, rollCorr=-0.024 pitchCorr=0.028 m1=0.80 m2=1.00 m3=1.00 m4=0.80
[PHYSICS] pitch=-0.04 deg, altFt=0.00 ft, dt=0.0180 s, rollCorr=-0.003 pitchCorr=0.003 m1=0.80 m2=1.00 m3=1.00 m4=0.80
[PHYSICS] pitch=0.00 deg, altFt=0.00 ft, dt=0.0180 s, rollCorr=-0.024 pitchCorr=0.028 m1=0.80 m2=1.00 m3=1.00 m4=0.80
[PHYSICS] pitch=-0.04 deg, altFt=0.00 ft, dt=0.0180 s, rollCorr=-0.003 pitchCorr=0.003 m1=0.80 m2=1.00 m3=1.00 m4=0.80
[PHYSICS] pitch=0.00 deg, altFt=0.00 ft, dt=0.0180 s, rollCorr=-0.024 pitchCorr=0.028 m1=0.80 m2=1.00 m3=1.00 m4=0.80
[PHYSICS] pitch=-0.04 deg, altFt=0.00 ft, dt=0.0180 s, rollCorr=-0.003 pitchCorr=0.003 m1=0.80 m2=1.00 m3=1.00 m4=0.80
[PHYSICS] pitch=0.00 deg, altFt=0.00 ft, dt=0.0180 s, rollCorr=-0.024 pitchCorr=0.028 m1=0.80 m2=1.00 m3=1.00 m4=0.80
[PHYSICS] pitch=-0.04 deg, altFt=0.00 ft, dt=0.0180 s, rollCorr=-0.003 pitchCorr=0.003 m1=0.80 m2=1.00 m3=1.00 m4=0.80
[PHYSICS] pitch=0.00 deg, altFt=0.00 ft, dt=0.0180 s, rollCorr=-0.024 pitchCorr=0.028 m1=0.80 m2=1.00 m3=1.00 m4=0.80
[PHYSICS] pitch=-0.04 deg, altFt=0.00 ft, dt=0.0180 s, rollCorr=-0.003 pitchCorr=0.003 m1=0.80 m2=1.00 m3=1.00 m4=0.80
[PHYSICS] pitch=0.00 deg, altFt=0.00 ft, dt=0.0180 s, rollCorr=-0.024 pitchCorr=0.028 m1=0.80 m2=1.00 m3=1.00 m4=0.80
[PHYSICS] pitch=-0.04 deg, altFt=0.00 ft, dt=0.0180 s, rollCorr=-0.003 pitchCorr=0.003 m1=0.80 m2=1.00 m3=1.00 m4=0.80
[PHYSICS] pitch=0.00 deg, altFt=0.00 ft, dt=0.0180 s, rollCorr=-0.024 pitchCorr=0.028 m1=0.80 m2=1.00 m3=1.00 m4=0.80
[PHYSICS] pitch=-0.04 deg, altFt=0.00 ft, dt=0.0180 s, rollCorr=-0.003 pitchCorr=0.003 m1=0.80 m2=1.00 m3=1.00 m4=0.80
[PHYSICS] pitch=0.00 deg, altFt=0.00 ft, dt=0.0180 s, rollCorr=-0.024 pitchCorr=0.028 m1=0.80 m2=1.00 m3=1.00 m4=0.80
[PHYSICS] pitch=-0.04 deg, altFt=0.00 ft, dt=0.0180 s, rollCorr=-0.003 pitchCorr=0.003 m1=0.80 m2=1.00 m3=1.00 m4=0.80
[PHYSICS] pitch=0.00 deg, altFt=0.00 ft, dt=0.0180 s, rollCorr=-0.024 pitchCorr=0.028 m1=0.80 m2=1.00 m3=1.00 m4=0.80
[PHYSICS] pitch=-0.04 deg, altFt=0.00 ft, dt=0.0180 s, rollCorr=-0.003 pitchCorr=0.003 m1=0.80 m2=1.00 m3=1.00 m4=0.80
[PHYSICS] pitch=0.00 deg, altFt=0.00 ft, dt=0.0180 s, rollCorr=-0.024 pitchCorr=0.028 m1=0.80 m2=1.00 m3=1.00 m4=0.80
[PHYSICS] pitch=-0.04 deg, altFt=0.00 ft, dt=0.0180 s, rollCorr=-0.003 pitchCorr=0.003 m1=0.80 m2=1.00 m3=1.00 m4=0.80
[PHYSICS] pitch=0.00 deg, altFt=0.00 ft, dt=0.0190 s, rollCorr=-0.024 pitchCorr=0.028 m1=0.80 m2=1.00 m3=1.00 m4=0.80
[PHYSICS] pitch=-0.04 deg, altFt=0.00 ft, dt=0.0180 s, rollCorr=-0.003 pitchCorr=0.004 m1=0.80 m2=1.00 m3=1.00 m4=0.80
[PHYSICS] pitch=0.00 deg, altFt=0.00 ft, dt=0.0180 s, rollCorr=-0.024 pitchCorr=0.028 m1=0.80 m2=1.00 m3=1.00 m4=0.80
[PHYSICS] pitch=-0.04 deg, altFt=0.00 ft, dt=0.0180 s, rollCorr=-0.003 pitchCorr=0.003 m1=0.80 m2=1.00 m3=1.00 m4=0.80
[PHYSICS] pitch=0.00 deg, altFt=0.00 ft, dt=0.0180 s, rollCorr=-0.024 pitchCorr=0.028 m1=0.80 m2=1.00 m3=1.00 m4=0.80
[PHYSICS] pitch=-0.04 deg, altFt=0.00 ft, dt=0.0180 s, rollCorr=-0.003 pitchCorr=0.003 m1=0.80 m2=1.00 m3=1.00 m4=0.80
[PHYSICS] pitch=0.00 deg, altFt=0.00 ft, dt=0.0180 s, rollCorr=-0.024 pitchCorr=0.028 m1=0.80 m2=1.00 m3=1.00 m4=0.80
[PHYSICS] pitch=-0.04 deg, altFt=0.00 ft, dt=0.0180 s, rollCorr=-0.003 pitchCorr=0.003 m1=0.80 m2=1.00 m3=1.00 m4=0.80
[PHYSICS] pitch=0.00 deg, altFt=0.00 ft, dt=0.0180 s, rollCorr=-0.024 pitchCorr=0.028 m1=0.80 m2=1.00 m3=1.00 m4=0.80
[PHYSICS] pitch=-0.04 deg, altFt=0.00 ft, dt=0.0180 s, rollCorr=-0.003 pitchCorr=0.003 m1=0.80 m2=1.00 m3=1.00 m4=0.80
[PHYSICS] pitch=0.00 deg, altFt=0.00 ft, dt=0.0180 s, rollCorr=-0.024 pitchCorr=0.028 m1=0.80 m2=1.00 m3=1.00 m4=0.80
[PHYSICS] pitch=-0.04 deg, altFt=0.00 ft, dt=0.0180 s, rollCorr=-0.003 pitchCorr=0.003 m1=0.80 m2=1.00 m3=1.00 m4=0.80
[PHYSICS] pitch=0.00 deg, altFt=0.00 ft, dt=0.0180 s, rollCorr=-0.024 pitchCorr=0.028 m1=0.80 m2=1.00 m3=1.00 m4=0.80
[PHYSICS] pitch=-0.04 deg, altFt=0.00 ft, dt=0.0180 s, rollCorr=-0.003 pitchCorr=0.003 m1=0.80 m2=1.00 m3=1.00 m4=0.80
[PHYSICS] pitch=0.00 deg, altFt=0.00 ft, dt=0.0180 s, rollCorr=-0.024 pitchCorr=0.028 m1=0.80 m2=1.00 m3=1.00 m4=0.80
[PHYSICS] pitch=-0.04 deg, altFt=0.00 ft, dt=0.0180 s, rollCorr=-0.003 pitchCorr=0.003 m1=0.80 m2=1.00 m3=1.00 m4=0.80
[PHYSICS] pitch=0.00 deg, altFt=0.00 ft, dt=0.0180 s, rollCorr=-0.024 pitchCorr=0.028 m1=0.80 m2=1.00 m3=1.00 m4=0.80
[PHYSICS] pitch=-0.04 deg, altFt=0.00 ft, dt=0.0180 s, rollCorr=-0.003 pitchCorr=0.003 m1=0.80 m2=1.00 m3=1.00 m4=0.80
[PHYSICS] pitch=0.00 deg, altFt=0.00 ft, dt=0.0180 s, rollCorr=-0.024 pitchCorr=0.028 m1=0.80 m2=1.00 m3=1.00 m4=0.80
[PHYSICS] pitch=-0.04 deg, altFt=0.00 ft, dt=0.0180 s, rollCorr=-0.003 pitchCorr=0.003 m1=0.80 m2=1.00 m3=1.00 m4=0.80
[PHYSICS] pitch=0.00 deg, altFt=0.00 ft, dt=0.0180 s, rollCorr=-0.024 pitchCorr=0.028 m1=0.80 m2=1.00 m3=1.00 m4=0.80
[PHYSICS] pitch=-0.04 deg, altFt=0.00 ft, dt=0.0180 s, rollCorr=-0.003 pitchCorr=0.003 m1=0.80 m2=1.00 m3=1.00 m4=0.80
[PHYSICS] pitch=0.00 deg, altFt=0.00 ft, dt=0.0180 s, rollCorr=-0.024 pitchCorr=0.028 m1=0.80 m2=1.00 m3=1.00 m4=0.80
[PHYSICS] pitch=-0.04 deg, altFt=0.00 ft, dt=0.0180 s, rollCorr=-0.003 pitchCorr=0.003 m1=0.80 m2=1.00 m3=1.00 m4=0.80
[PHYSICS] pitch=0.00 deg, altFt=0.00 ft, dt=0.0180 s, rollCorr=-0.024 pitchCorr=0.028 m1=0.80 m2=1.00 m3=1.00 m4=0.80
[PHYSICS] pitch=-0.04 deg, altFt=0.00 ft, dt=0.0180 s, rollCorr=-0.003 pitchCorr=0.003 m1=0.80 m2=1.00 m3=1.00 m4=0.80
[PHYSICS] pitch=0.00 deg, altFt=0.00 ft, dt=0.0180 s, rollCorr=-0.024 pitchCorr=0.028 m1=0.80 m2=1.00 m3=1.00 m4=0.80
[PHYSICS] pitch=-0.04 deg, altFt=0.00 ft, dt=0.0180 s, rollCorr=-0.003 pitchCorr=0.003 m1=0.80 m2=1.00 m3=1.00 m4=0.80
[PHYSICS] pitch=0.00 deg, altFt=0.00 ft, dt=0.0180 s, rollCorr=-0.024 pitchCorr=0.028 m1=0.80 m2=1.00 m3=1.00 m4=0.80
[PHYSICS] pitch=-0.04 deg, altFt=0.00 ft, dt=0.0180 s, rollCorr=-0.003 pitchCorr=0.003 m1=0.80 m2=1.00 m3=1.00 m4=0.80
[PHYSICS] pitch=0.00 deg, altFt=0.00 ft, dt=0.0180 s, rollCorr=-0.024 pitchCorr=0.028 m1=0.80 m2=1.00 m3=1.00 m4=0.80
[PHYSICS] pitch=-0.04 deg, altFt=0.00 ft, dt=0.0180 s, rollCorr=-0.003 pitchCorr=0.003 m1=0.80 m2=1.00 m3=1.00 m4=0.80
[PHYSICS] pitch=0.00 deg, altFt=0.00 ft, dt=0.0180 s, rollCorr=-0.024 pitchCorr=0.028 m1=0.80 m2=1.00 m3=1.00 m4=0.80
[PHYSICS] pitch=-0.04 deg, altFt=0.00 ft, dt=0.0180 s, rollCorr=-0.003 pitchCorr=0.003 m1=0.80 m2=1.00 m3=1.00 m4=0.80
[PHYSICS] pitch=0.00 deg, altFt=0.00 ft, dt=0.0180 s, rollCorr=-0.024 pitchCorr=0.028 m1=0.80 m2=1.00 m3=1.00 m4=0.80
[PHYSICS] pitch=-0.04 deg, altFt=0.00 ft, dt=0.0180 s, rollCorr=-0.003 pitchCorr=0.003 m1=0.80 m2=1.00 m3=1.00 m4=0.80
[PHYSICS] pitch=0.00 deg, altFt=0.00 ft, dt=0.0180 s, rollCorr=-0.024 pitchCorr=0.028 m1=0.80 m2=1.00 m3=1.00 m4=0.80
[PHYSICS] pitch=-0.04 deg, altFt=0.00 ft, dt=0.0180 s, rollCorr=-0.003 pitchCorr=0.003 m1=0.80 m2=1.00 m3=1.00 m4=0.80
[PHYSICS] pitch=0.00 deg, altFt=0.00 ft, dt=0.0180 s, rollCorr=-0.024 pitchCorr=0.028 m1=0.80 m2=1.00 m3=1.00 m4=0.80
[PHYSICS] pitch=-0.04 deg, altFt=0.00 ft, dt=0.0180 s, rollCorr=-0.003 pitchCorr=0.003 m1=0.80 m2=1.00 m3=1.00 m4=0.80
[PHYSICS] pitch=0.00 deg, altFt=0.00 ft, dt=0.0180 s, rollCorr=-0.024 pitchCorr=0.028 m1=0.80 m2=1.00 m3=1.00 m4=0.80
[PHYSICS] pitch=-0.04 deg, altFt=0.00 ft, dt=0.0180 s, rollCorr=-0.003 pitchCorr=0.003 m1=0.80 m2=1.00 m3=1.00 m4=0.80
[PHYSICS] pitch=0.00 deg, altFt=0.00 ft, dt=0.0180 s, rollCorr=-0.024 pitchCorr=0.028 m1=0.80 m2=1.00 m3=1.00 m4=0.80
[PHYSICS] pitch=-0.04 deg, altFt=0.00 ft, dt=0.0180 s, rollCorr=-0.003 pitchCorr=0.003 m1=0.80 m2=1.00 m3=1.00 m4=0.80
[PHYSICS] pitch=0.00 deg, altFt=0.00 ft, dt=0.0180 s, rollCorr=-0.024 pitchCorr=0.028 m1=0.80 m2=1.00 m3=1.00 m4=0.80
[PHYSICS] pitch=-0.04 deg, altFt=0.00 ft, dt=0.0180 s, rollCorr=-0.003 pitchCorr=0.003 m1=0.80 m2=1.00 m3=1.00 m4=0.80
[PHYSICS] pitch=0.00 deg, altFt=0.00 ft, dt=0.0180 s, rollCorr=-0.024 pitchCorr=0.028 m1=0.80 m2=1.00 m3=1.00 m4=0.80
[PHYSICS] pitch=-0.04 deg, altFt=0.00 ft, dt=0.0180 s, rollCorr=-0.003 pitchCorr=0.003 m1=0.80 m2=1.00 m3=1.00 m4=0.80
[PHYSICS] pitch=0.00 deg, altFt=0.00 ft, dt=0.0180 s, rollCorr=-0.024 pitchCorr=0.028 m1=0.80 m2=1.00 m3=1.00 m4=0.80
[PHYSICS] pitch=-0.04 deg, altFt=0.00 ft, dt=0.0180 s, rollCorr=-0.003 pitchCorr=0.003 m1=0.80 m2=1.00 m3=1.00 m4=0.80
[PHYSICS] pitch=0.00 deg, altFt=0.00 ft, dt=0.0170 s, rollCorr=-0.024 pitchCorr=0.028 m1=0.80 m2=1.00 m3=1.00 m4=0.80
[PHYSICS] pitch=-0.04 deg, altFt=0.00 ft, dt=0.0180 s, rollCorr=-0.002 pitchCorr=0.002 m1=0.80 m2=1.00 m3=1.00 m4=0.80
[PHYSICS] pitch=0.00 deg, altFt=0.00 ft, dt=0.0180 s, rollCorr=-0.024 pitchCorr=0.028 m1=0.80 m2=1.00 m3=1.00 m4=0.80
[PHYSICS] pitch=-0.04 deg, altFt=0.00 ft, dt=0.0180 s, rollCorr=-0.003 pitchCorr=0.003 m1=0.80 m2=1.00 m3=1.00 m4=0.80
[PHYSICS] pitch=0.00 deg, altFt=0.00 ft, dt=0.0180 s, rollCorr=-0.024 pitchCorr=0.028 m1=0.80 m2=1.00 m3=1.00 m4=0.80
[PHYSICS] pitch=-0.04 deg, altFt=0.00 ft, dt=0.0180 s, rollCorr=-0.003 pitchCorr=0.003 m1=0.80 m2=1.00 m3=1.00 m4=0.80
[PHYSICS] pitch=0.00 deg, altFt=0.00 ft, dt=0.0180 s, rollCorr=-0.024 pitchCorr=0.028 m1=0.80 m2=1.00 m3=1.00 m4=0.80
[PHYSICS] pitch=-0.04 deg, altFt=0.00 ft, dt=0.0180 s, rollCorr=-0.003 pitchCorr=0.003 m1=0.80 m2=1.00 m3=1.00 m4=0.80
[PHYSICS] pitch=0.00 deg, altFt=0.00 ft, dt=0.0180 s, rollCorr=-0.024 pitchCorr=0.028 m1=0.80 m2=1.00 m3=1.00 m4=0.80
[PHYSICS] pitch=-0.04 deg, altFt=0.00 ft, dt=0.0180 s, rollCorr=-0.003 pitchCorr=0.003 m1=0.80 m2=1.00 m3=1.00 m4=0.80
[PHYSICS] pitch=0.00 deg, altFt=0.00 ft, dt=0.0180 s, rollCorr=-0.024 pitchCorr=0.028 m1=0.80 m2=1.00 m3=1.00 m4=0.80
[PHYSICS] pitch=-0.04 deg, altFt=0.00 ft, dt=0.0180 s, rollCorr=-0.003 pitchCorr=0.003 m1=0.80 m2=1.00 m3=1.00 m4=0.80
[PHYSICS] pitch=0.00 deg, altFt=0.00 ft, dt=0.0180 s, rollCorr=-0.024 pitchCorr=0.028 m1=0.80 m2=1.00 m3=1.00 m4=0.80
[PHYSICS] pitch=-0.04 deg, altFt=0.00 ft, dt=0.0180 s, rollCorr=-0.003 pitchCorr=0.003 m1=0.80 m2=1.00 m3=1.00 m4=0.80
[PHYSICS] pitch=0.00 deg, altFt=0.00 ft, dt=0.0180 s, rollCorr=-0.024 pitchCorr=0.028 m1=0.80 m2=1.00 m3=1.00 m4=0.80
[PHYSICS] pitch=-0.04 deg, altFt=0.00 ft, dt=0.0180 s, rollCorr=-0.003 pitchCorr=0.003 m1=0.80 m2=1.00 m3=1.00 m4=0.80
[PHYSICS] pitch=0.00 deg, altFt=0.00 ft, dt=0.0180 s, rollCorr=-0.024 pitchCorr=0.028 m1=0.80 m2=1.00 m3=1.00 m4=0.80
[PHYSICS] pitch=-0.04 deg, altFt=0.00 ft, dt=0.0180 s, rollCorr=-0.003 pitchCorr=0.003 m1=0.80 m2=1.00 m3=1.00 m4=0.80
[PHYSICS] pitch=0.00 deg, altFt=0.00 ft, dt=0.0180 s, rollCorr=-0.024 pitchCorr=0.028 m1=0.80 m2=1.00 m3=1.00 m4=0.80
[PHYSICS] pitch=-0.04 deg, altFt=0.00 ft, dt=0.0180 s, rollCorr=-0.003 pitchCorr=0.003 m1=0.80 m2=1.00 m3=1.00 m4=0.80
[PHYSICS] pitch=0.00 deg, altFt=0.00 ft, dt=0.0180 s, rollCorr=-0.024 pitchCorr=0.028 m1=0.80 m2=1.00 m3=1.00 m4=0.80
[PHYSICS] pitch=-0.04 deg, altFt=0.00 ft, dt=0.0180 s, rollCorr=-0.003 pitchCorr=0.003 m1=0.80 m2=1.00 m3=1.00 m4=0.80
[PHYSICS] pitch=0.00 deg, altFt=0.00 ft, dt=0.0180 s, rollCorr=-0.024 pitchCorr=0.028 m1=0.80 m2=1.00 m3=1.00 m4=0.80
[PHYSICS] pitch=-0.04 deg, altFt=0.00 ft, dt=0.0180 s, rollCorr=-0.003 pitchCorr=0.003 m1=0.80 m2=1.00 m3=1.00 m4=0.80
[PHYSICS] pitch=0.00 deg, altFt=0.00 ft, dt=0.0180 s, rollCorr=-0.024 pitchCorr=0.028 m1=0.80 m2=1.00 m3=1.00 m4=0.80
[PHYSICS] pitch=-0.04 deg, altFt=0.00 ft, dt=0.0180 s, rollCorr=-0.003 pitchCorr=0.003 m1=0.80 m2=1.00 m3=1.00 m4=0.80
[PHYSICS] pitch=0.00 deg, altFt=0.00 ft, dt=0.0180 s, rollCorr=-0.024 pitchCorr=0.028 m1=0.80 m2=1.00 m3=1.00 m4=0.80
[PHYSICS] pitch=-0.04 deg, altFt=0.00 ft, dt=0.0180 s, rollCorr=-0.003 pitchCorr=0.003 m1=0.80 m2=1.00 m3=1.00 m4=0.80
[PHYSICS] pitch=0.00 deg, altFt=0.00 ft, dt=0.0180 s, rollCorr=-0.024 pitchCorr=0.028 m1=0.80 m2=1.00 m3=1.00 m4=0.80
[PHYSICS] pitch=-0.04 deg, altFt=0.00 ft, dt=0.0180 s, rollCorr=-0.003 pitchCorr=0.003 m1=0.80 m2=1.00 m3=1.00 m4=0.80
[PHYSICS] pitch=0.00 deg, altFt=0.00 ft, dt=0.0180 s, rollCorr=-0.024 pitchCorr=0.028 m1=0.80 m2=1.00 m3=1.00 m4=0.80
[PHYSICS] pitch=-0.04 deg, altFt=0.00 ft, dt=0.0180 s, rollCorr=-0.003 pitchCorr=0.003 m1=0.80 m2=1.00 m3=1.00 m4=0.80
[PHYSICS] pitch=0.00 deg, altFt=0.00 ft, dt=0.0180 s, rollCorr=-0.024 pitchCorr=0.028 m1=0.80 m2=1.00 m3=1.00 m4=0.80
[PHYSICS] pitch=-0.04 deg, altFt=0.00 ft, dt=0.0180 s, rollCorr=-0.003 pitchCorr=0.003 m1=0.80 m2=1.00 m3=1.00 m4=0.80
[PHYSICS] pitch=0.00 deg, altFt=0.00 ft, dt=0.0180 s, rollCorr=-0.024 pitchCorr=0.028 m1=0.80 m2=1.00 m3=1.00 m4=0.80
[PHYSICS] pitch=-0.04 deg, altFt=0.00 ft, dt=0.0180 s, rollCorr=-0.003 pitchCorr=0.003 m1=0.80 m2=1.00 m3=1.00 m4=0.80
[PHYSICS] pitch=0.00 deg, altFt=0.00 ft, dt=0.0180 s, rollCorr=-0.024 pitchCorr=0.028 m1=0.80 m2=1.00 m3=1.00 m4=0.80
[PHYSICS] pitch=-0.04 deg, altFt=0.00 ft, dt=0.0180 s, rollCorr=-0.003 pitchCorr=0.003 m1=0.80 m2=1.00 m3=1.00 m4=0.80
[PHYSICS] pitch=0.00 deg, altFt=0.00 ft, dt=0.0180 s, rollCorr=-0.024 pitchCorr=0.028 m1=0.80 m2=1.00 m3=1.00 m4=0.80
[PHYSICS] pitch=-0.04 deg, altFt=0.00 ft, dt=0.0180 s, rollCorr=-0.003 pitchCorr=0.003 m1=0.80 m2=1.00 m3=1.00 m4=0.80
[PHYSICS] pitch=0.00 deg, altFt=0.00 ft, dt=0.0180 s, rollCorr=-0.024 pitchCorr=0.028 m1=0.80 m2=1.00 m3=1.00 m4=0.80
[PHYSICS] pitch=-0.04 deg, altFt=0.00 ft, dt=0.0180 s, rollCorr=-0.003 pitchCorr=0.003 m1=0.80 m2=1.00 m3=1.00 m4=0.80
[PHYSICS] pitch=0.00 deg, altFt=0.00 ft, dt=0.0180 s, rollCorr=-0.024 pitchCorr=0.028 m1=0.80 m2=1.00 m3=1.00 m4=0.80
[PHYSICS] pitch=-0.04 deg, altFt=0.00 ft, dt=0.0180 s, rollCorr=-0.003 pitchCorr=0.003 m1=0.80 m2=1.00 m3=1.00 m4=0.80
[PHYSICS] pitch=0.00 deg, altFt=0.00 ft, dt=0.0180 s, rollCorr=-0.024 pitchCorr=0.028 m1=0.80 m2=1.00 m3=1.00 m4=0.80
[PHYSICS] pitch=-0.04 deg, altFt=0.00 ft, dt=0.0180 s, rollCorr=-0.003 pitchCorr=0.003 m1=0.80 m2=1.00 m3=1.00 m4=0.80
[PHYSICS] pitch=0.00 deg, altFt=0.00 ft, dt=0.0180 s, rollCorr=-0.024 pitchCorr=0.028 m1=0.80 m2=1.00 m3=1.00 m4=0.80
[PHYSICS] pitch=-0.04 deg, altFt=0.00 ft, dt=0.0180 s, rollCorr=-0.003 pitchCorr=0.003 m1=0.80 m2=1.00 m3=1.00 m4=0.80
[PHYSICS] pitch=0.00 deg, altFt=0.00 ft, dt=0.0180 s, rollCorr=-0.024 pitchCorr=0.028 m1=0.80 m2=1.00 m3=1.00 m4=0.80
[PHYSICS] pitch=-0.04 deg, altFt=0.00 ft, dt=0.0180 s, rollCorr=-0.003 pitchCorr=0.003 m1=0.80 m2=1.00 m3=1.00 m4=0.80
[PHYSICS] pitch=0.00 deg, altFt=0.00 ft, dt=0.0180 s, rollCorr=-0.024 pitchCorr=0.028 m1=0.80 m2=1.00 m3=1.00 m4=0.80
[PHYSICS] pitch=-0.04 deg, altFt=0.00 ft, dt=0.0180 s, rollCorr=-0.003 pitchCorr=0.003 m1=0.80 m2=1.00 m3=1.00 m4=0.80
[PHYSICS] pitch=0.00 deg, altFt=0.00 ft, dt=0.0180 s, rollCorr=-0.024 pitchCorr=0.028 m1=0.80 m2=1.00 m3=1.00 m4=0.80
[PHYSICS] pitch=-0.04 deg, altFt=0.00 ft, dt=0.0180 s, rollCorr=-0.003 pitchCorr=0.003 m1=0.80 m2=1.00 m3=1.00 m4=0.80
[PHYSICS] pitch=0.00 deg, altFt=0.00 ft, dt=0.0180 s, rollCorr=-0.024 pitchCorr=0.028 m1=0.80 m2=1.00 m3=1.00 m4=0.80
[PHYSICS] pitch=-0.04 deg, altFt=0.00 ft, dt=0.0180 s, rollCorr=-0.003 pitchCorr=0.003 m1=0.80 m2=1.00 m3=1.00 m4=0.80
[PHYSICS] pitch=0.00 deg, altFt=0.00 ft, dt=0.0180 s, rollCorr=-0.024 pitchCorr=0.028 m1=0.80 m2=1.00 m3=1.00 m4=0.80
[PHYSICS] pitch=-0.04 deg, altFt=0.00 ft, dt=0.0180 s, rollCorr=-0.003 pitchCorr=0.003 m1=0.80 m2=1.00 m3=1.00 m4=0.80
[PHYSICS] pitch=0.00 deg, altFt=0.00 ft, dt=0.0180 s, rollCorr=-0.024 pitchCorr=0.028 m1=0.80 m2=1.00 m3=1.00 m4=0.80
[PHYSICS] pitch=-0.04 deg, altFt=0.00 ft, dt=0.0180 s, rollCorr=-0.003 pitchCorr=0.003 m1=0.80 m2=1.00 m3=1.00 m4=0.80
[PHYSICS] pitch=0.00 deg, altFt=0.00 ft, dt=0.0180 s, rollCorr=-0.024 pitchCorr=0.028 m1=0.80 m2=1.00 m3=1.00 m4=0.80
[PHYSICS] pitch=-0.04 deg, altFt=0.00 ft, dt=0.0180 s, rollCorr=-0.003 pitchCorr=0.003 m1=0.80 m2=1.00 m3=1.00 m4=0.80
[PHYSICS] pitch=0.00 deg, altFt=0.00 ft, dt=0.0180 s, rollCorr=-0.024 pitchCorr=0.028 m1=0.80 m2=1.00 m3=1.00 m4=0.80
[PHYSICS] pitch=-0.04 deg, altFt=0.00 ft, dt=0.0180 s, rollCorr=-0.003 pitchCorr=0.003 m1=0.80 m2=1.00 m3=1.00 m4=0.80
[PHYSICS] pitch=0.00 deg, altFt=0.00 ft, dt=0.0180 s, rollCorr=-0.024 pitchCorr=0.028 m1=0.80 m2=1.00 m3=1.00 m4=0.80
[PHYSICS] pitch=-0.04 deg, altFt=0.00 ft, dt=0.0180 s, rollCorr=-0.003 pitchCorr=0.003 m1=0.80 m2=1.00 m3=1.00 m4=0.80
[PHYSICS] pitch=0.00 deg, altFt=0.00 ft, dt=0.0180 s, rollCorr=-0.024 pitchCorr=0.028 m1=0.80 m2=1.00 m3=1.00 m4=0.80
[PHYSICS] pitch=-0.04 deg, altFt=0.00 ft, dt=0.0180 s, rollCorr=-0.003 pitchCorr=0.003 m1=0.80 m2=1.00 m3=1.00 m4=0.80
[PHYSICS] pitch=0.00 deg, altFt=0.00 ft, dt=0.0180 s, rollCorr=-0.024 pitchCorr=0.028 m1=0.80 m2=1.00 m3=1.00 m4=0.80
[PHYSICS] pitch=-0.04 deg, altFt=0.00 ft, dt=0.0180 s, rollCorr=-0.003 pitchCorr=0.003 m1=0.80 m2=1.00 m3=1.00 m4=0.80
[PHYSICS] pitch=0.00 deg, altFt=0.00 ft, dt=0.0180 s, rollCorr=-0.024 pitchCorr=0.028 m1=0.80 m2=1.00 m3=1.00 m4=0.80
[PHYSICS] pitch=-0.04 deg, altFt=0.00 ft, dt=0.0180 s, rollCorr=-0.003 pitchCorr=0.003 m1=0.80 m2=1.00 m3=1.00 m4=0.80
[PHYSICS] pitch=0.00 deg, altFt=0.00 ft, dt=0.0180 s, rollCorr=-0.024 pitchCorr=0.028 m1=0.80 m2=1.00 m3=1.00 m4=0.80
[PHYSICS] pitch=-0.04 deg, altFt=0.00 ft, dt=0.0180 s, rollCorr=-0.003 pitchCorr=0.003 m1=0.80 m2=1.00 m3=1.00 m4=0.80
[PHYSICS] pitch=0.00 deg, altFt=0.00 ft, dt=0.0180 s, rollCorr=-0.024 pitchCorr=0.028 m1=0.80 m2=1.00 m3=1.00 m4=0.80
[PHYSICS] pitch=-0.04 deg, altFt=0.00 ft, dt=0.0180 s, rollCorr=-0.003 pitchCorr=0.003 m1=0.80 m2=1.00 m3=1.00 m4=0.80
[PHYSICS] pitch=0.00 deg, altFt=0.00 ft, dt=0.0180 s, rollCorr=-0.024 pitchCorr=0.028 m1=0.80 m2=1.00 m3=1.00 m4=0.80
[PHYSICS] pitch=-0.04 deg, altFt=0.00 ft, dt=0.0180 s, rollCorr=-0.003 pitchCorr=0.003 m1=0.80 m2=1.00 m3=1.00 m4=0.80
[PHYSICS] pitch=0.00 deg, altFt=0.00 ft, dt=0.0180 s, rollCorr=-0.024 pitchCorr=0.028 m1=0.80 m2=1.00 m3=1.00 m4=0.80
[PHYSICS] pitch=-0.04 deg, altFt=0.00 ft, dt=0.0180 s, rollCorr=-0.003 pitchCorr=0.003 m1=0.80 m2=1.00 m3=1.00 m4=0.80
[PHYSICS] pitch=0.00 deg, altFt=0.00 ft, dt=0.0180 s, rollCorr=-0.024 pitchCorr=0.028 m1=0.80 m2=1.00 m3=1.00 m4=0.80
[PHYSICS] pitch=-0.04 deg, altFt=0.00 ft, dt=0.0180 s, rollCorr=-0.003 pitchCorr=0.003 m1=0.80 m2=1.00 m3=1.00 m4=0.80
[PHYSICS] pitch=0.00 deg, altFt=0.00 ft, dt=0.0180 s, rollCorr=-0.024 pitchCorr=0.028 m1=0.80 m2=1.00 m3=1.00 m4=0.80
[PHYSICS] pitch=-0.04 deg, altFt=0.00 ft, dt=0.0180 s, rollCorr=-0.003 pitchCorr=0.003 m1=0.80 m2=1.00 m3=1.00 m4=0.80
[PHYSICS] pitch=0.00 deg, altFt=0.00 ft, dt=0.0180 s, rollCorr=-0.024 pitchCorr=0.028 m1=0.80 m2=1.00 m3=1.00 m4=0.80
[PHYSICS] pitch=-0.04 deg, altFt=0.00 ft, dt=0.0180 s, rollCorr=-0.003 pitchCorr=0.003 m1=0.80 m2=1.00 m3=1.00 m4=0.80
[PHYSICS] pitch=0.00 deg, altFt=0.00 ft, dt=0.0180 s, rollCorr=-0.024 pitchCorr=0.028 m1=0.80 m2=1.00 m3=1.00 m4=0.80
[PHYSICS] pitch=-0.04 deg, altFt=0.00 ft, dt=0.0180 s, rollCorr=-0.003 pitchCorr=0.003 m1=0.80 m2=1.00 m3=1.00 m4=0.80
[PHYSICS] pitch=0.00 deg, altFt=0.00 ft, dt=0.0180 s, rollCorr=-0.024 pitchCorr=0.028 m1=0.80 m2=1.00 m3=1.00 m4=0.80
[PHYSICS] pitch=-0.04 deg, altFt=0.00 ft, dt=0.0180 s, rollCorr=-0.003 pitchCorr=0.003 m1=0.80 m2=1.00 m3=1.00 m4=0.80
[PHYSICS] pitch=0.00 deg, altFt=0.00 ft, dt=0.0180 s, rollCorr=-0.024 pitchCorr=0.028 m1=0.80 m2=1.00 m3=1.00 m4=0.80
[PHYSICS] pitch=-0.04 deg, altFt=0.00 ft, dt=0.0180 s, rollCorr=-0.003 pitchCorr=0.003 m1=0.80 m2=1.00 m3=1.00 m4=0.80
[PHYSICS] pitch=0.00 deg, altFt=0.00 ft, dt=0.0180 s, rollCorr=-0.024 pitchCorr=0.028 m1=0.80 m2=1.00 m3=1.00 m4=0.80
[PHYSICS] pitch=-0.04 deg, altFt=0.00 ft, dt=0.0180 s, rollCorr=-0.003 pitchCorr=0.003 m1=0.80 m2=1.00 m3=1.00 m4=0.80
[PHYSICS] pitch=0.00 deg, altFt=0.00 ft, dt=0.0180 s, rollCorr=-0.024 pitchCorr=0.028 m1=0.80 m2=1.00 m3=1.00 m4=0.80
[PHYSICS] pitch=-0.04 deg, altFt=0.00 ft, dt=0.0180 s, rollCorr=-0.003 pitchCorr=0.003 m1=0.80 m2=1.00 m3=1.00 m4=0.80
[PHYSICS] pitch=0.00 deg, altFt=0.00 ft, dt=0.0180 s, rollCorr=-0.024 pitchCorr=0.028 m1=0.80 m2=1.00 m3=1.00 m4=0.80
[PHYSICS] pitch=-0.04 deg, altFt=0.00 ft, dt=0.0180 s, rollCorr=-0.003 pitchCorr=0.003 m1=0.80 m2=1.00 m3=1.00 m4=0.80
[PHYSICS] pitch=0.00 deg, altFt=0.00 ft, dt=0.0180 s, rollCorr=-0.024 pitchCorr=0.028 m1=0.80 m2=1.00 m3=1.00 m4=0.80
[PHYSICS] pitch=-0.04 deg, altFt=0.00 ft, dt=0.0180 s, rollCorr=-0.003 pitchCorr=0.003 m1=0.80 m2=1.00 m3=1.00 m4=0.80
[PHYSICS] pitch=0.00 deg, altFt=0.00 ft, dt=0.0180 s, rollCorr=-0.024 pitchCorr=0.028 m1=0.80 m2=1.00 m3=1.00 m4=0.80
[PHYSICS] pitch=-0.04 deg, altFt=0.00 ft, dt=0.0180 s, rollCorr=-0.003 pitchCorr=0.003 m1=0.80 m2=1.00 m3=1.00 m4=0.80
[PHYSICS] pitch=0.00 deg, altFt=0.00 ft, dt=0.0180 s, rollCorr=-0.024 pitchCorr=0.028 m1=0.80 m2=1.00 m3=1.00 m4=0.80
[PHYSICS] pitch=-0.04 deg, altFt=0.00 ft, dt=0.0180 s, rollCorr=-0.003 pitchCorr=0.003 m1=0.80 m2=1.00 m3=1.00 m4=0.80
[PHYSICS] pitch=0.00 deg, altFt=0.00 ft, dt=0.0180 s, rollCorr=-0.024 pitchCorr=0.028 m1=0.80 m2=1.00 m3=1.00 m4=0.80
[PHYSICS] pitch=-0.04 deg, altFt=0.00 ft, dt=0.0180 s, rollCorr=-0.003 pitchCorr=0.003 m1=0.80 m2=1.00 m3=1.00 m4=0.80
[PHYSICS] pitch=0.00 deg, altFt=0.00 ft, dt=0.0180 s, rollCorr=-0.024 pitchCorr=0.028 m1=0.80 m2=1.00 m3=1.00 m4=0.80
[PHYSICS] pitch=-0.04 deg, altFt=0.00 ft, dt=0.0180 s, rollCorr=-0.003 pitchCorr=0.003 m1=0.80 m2=1.00 m3=1.00 m4=0.80
[PHYSICS] pitch=0.00 deg, altFt=0.00 ft, dt=0.0180 s, rollCorr=-0.024 pitchCorr=0.028 m1=0.80 m2=1.00 m3=1.00 m4=0.80
[PHYSICS] pitch=-0.04 deg, altFt=0.00 ft, dt=0.0180 s, rollCorr=-0.003 pitchCorr=0.003 m1=0.80 m2=1.00 m3=1.00 m4=0.80
[PHYSICS] pitch=0.00 deg, altFt=0.00 ft, dt=0.0180 s, rollCorr=-0.024 pitchCorr=0.028 m1=0.80 m2=1.00 m3=1.00 m4=0.80
[PHYSICS] pitch=-0.04 deg, altFt=0.00 ft, dt=0.0180 s, rollCorr=-0.003 pitchCorr=0.003 m1=0.80 m2=1.00 m3=1.00 m4=0.80
[PHYSICS] pitch=0.00 deg, altFt=0.00 ft, dt=0.0180 s, rollCorr=-0.024 pitchCorr=0.028 m1=0.80 m2=1.00 m3=1.00 m4=0.80
[PHYSICS] pitch=-0.04 deg, altFt=0.00 ft, dt=0.0180 s, rollCorr=-0.003 pitchCorr=0.003 m1=0.80 m2=1.00 m3=1.00 m4=0.80
[PHYSICS] pitch=0.00 deg, altFt=0.00 ft, dt=0.0180 s, rollCorr=-0.024 pitchCorr=0.028 m1=0.80 m2=1.00 m3=1.00 m4=0.80
[PHYSICS] pitch=-0.04 deg, altFt=0.00 ft, dt=0.0180 s, rollCorr=-0.003 pitchCorr=0.003 m1=0.80 m2=1.00 m3=1.00 m4=0.80
[PHYSICS] pitch=0.00 deg, altFt=0.00 ft, dt=0.0180 s, rollCorr=-0.024 pitchCorr=0.028 m1=0.80 m2=1.00 m3=1.00 m4=0.80
[PHYSICS] pitch=-0.04 deg, altFt=0.00 ft, dt=0.0180 s, rollCorr=-0.003 pitchCorr=0.003 m1=0.80 m2=1.00 m3=1.00 m4=0.80
[PHYSICS] pitch=0.00 deg, altFt=0.00 ft, dt=0.0180 s, rollCorr=-0.024 pitchCorr=0.028 m1=0.80 m2=1.00 m3=1.00 m4=0.80
[PHYSICS] pitch=-0.04 deg, altFt=0.00 ft, dt=0.0180 s, rollCorr=-0.003 pitchCorr=0.003 m1=0.80 m2=1.00 m3=1.00 m4=0.80
[PHYSICS] pitch=0.00 deg, altFt=0.00 ft, dt=0.0180 s, rollCorr=-0.024 pitchCorr=0.028 m1=0.80 m2=1.00 m3=1.00 m4=0.80
[PHYSICS] pitch=-0.04 deg, altFt=0.00 ft, dt=0.0180 s, rollCorr=-0.003 pitchCorr=0.003 m1=0.80 m2=1.00 m3=1.00 m4=0.80
[PHYSICS] pitch=0.00 deg, altFt=0.00 ft, dt=0.0180 s, rollCorr=-0.024 pitchCorr=0.028 m1=0.80 m2=1.00 m3=1.00 m4=0.80
[PHYSICS] pitch=-0.04 deg, altFt=0.00 ft, dt=0.0180 s, rollCorr=-0.003 pitchCorr=0.003 m1=0.80 m2=1.00 m3=1.00 m4=0.80
[PHYSICS] pitch=0.00 deg, altFt=0.00 ft, dt=0.0180 s, rollCorr=-0.024 pitchCorr=0.028 m1=0.80 m2=1.00 m3=1.00 m4=0.80
[PHYSICS] pitch=-0.04 deg, altFt=0.00 ft, dt=0.0180 s, rollCorr=-0.003 pitchCorr=0.003 m1=0.80 m2=1.00 m3=1.00 m4=0.80
[PHYSICS] pitch=0.00 deg, altFt=0.00 ft, dt=0.0180 s, rollCorr=-0.024 pitchCorr=0.028 m1=0.80 m2=1.00 m3=1.00 m4=0.80
[PHYSICS] pitch=-0.04 deg, altFt=0.00 ft, dt=0.0180 s, rollCorr=-0.003 pitchCorr=0.003 m1=0.80 m2=1.00 m3=1.00 m4=0.80
[PHYSICS] pitch=0.00 deg, altFt=0.00 ft, dt=0.0180 s, rollCorr=-0.024 pitchCorr=0.028 m1=0.80 m2=1.00 m3=1.00 m4=0.80
[PHYSICS] pitch=-0.04 deg, altFt=0.00 ft, dt=0.0180 s, rollCorr=-0.003 pitchCorr=0.003 m1=0.80 m2=1.00 m3=1.00 m4=0.80
[PHYSICS] pitch=0.00 deg, altFt=0.00 ft, dt=0.0180 s, rollCorr=-0.024 pitchCorr=0.028 m1=0.80 m2=1.00 m3=1.00 m4=0.80
[PHYSICS] pitch=-0.04 deg, altFt=0.00 ft, dt=0.0180 s, rollCorr=-0.003 pitchCorr=0.003 m1=0.80 m2=1.00 m3=1.00 m4=0.80
[PHYSICS] pitch=0.00 deg, altFt=0.00 ft, dt=0.0180 s, rollCorr=-0.024 pitchCorr=0.028 m1=0.80 m2=1.00 m3=1.00 m4=0.80
[PHYSICS] pitch=-0.04 deg, altFt=0.00 ft, dt=0.0180 s, rollCorr=-0.003 pitchCorr=0.003 m1=0.80 m2=1.00 m3=1.00 m4=0.80
[PHYSICS] pitch=0.00 deg, altFt=0.00 ft, dt=0.0180 s, rollCorr=-0.024 pitchCorr=0.028 m1=0.80 m2=1.00 m3=1.00 m4=0.80
[PHYSICS] pitch=-0.04 deg, altFt=0.00 ft, dt=0.0180 s, rollCorr=-0.003 pitchCorr=0.003 m1=0.80 m2=1.00 m3=1.00 m4=0.80
[PHYSICS] pitch=0.00 deg, altFt=0.00 ft, dt=0.0180 s, rollCorr=-0.024 pitchCorr=0.028 m1=0.80 m2=1.00 m3=1.00 m4=0.80
[PHYSICS] pitch=-0.04 deg, altFt=0.00 ft, dt=0.0180 s, rollCorr=-0.003 pitchCorr=0.003 m1=0.80 m2=1.00 m3=1.00 m4=0.80
[PHYSICS] pitch=0.00 deg, altFt=0.00 ft, dt=0.0180 s, rollCorr=-0.024 pitchCorr=0.028 m1=0.80 m2=1.00 m3=1.00 m4=0.80
[PHYSICS] pitch=-0.04 deg, altFt=0.00 ft, dt=0.0180 s, rollCorr=-0.003 pitchCorr=0.003 m1=0.80 m2=1.00 m3=1.00 m4=0.80
[PHYSICS] pitch=0.00 deg, altFt=0.00 ft, dt=0.0180 s, rollCorr=-0.024 pitchCorr=0.028 m1=0.80 m2=1.00 m3=1.00 m4=0.80
[PHYSICS] pitch=-0.04 deg, altFt=0.00 ft, dt=0.0180 s, rollCorr=-0.003 pitchCorr=0.003 m1=0.80 m2=1.00 m3=1.00 m4=0.80
[PHYSICS] pitch=0.00 deg, altFt=0.00 ft, dt=0.0180 s, rollCorr=-0.024 pitchCorr=0.028 m1=0.80 m2=1.00 m3=1.00 m4=0.80
[PHYSICS] pitch=-0.04 deg, altFt=0.00 ft, dt=0.0180 s, rollCorr=-0.003 pitchCorr=0.003 m1=0.80 m2=1.00 m3=1.00 m4=0.80
[PHYSICS] pitch=0.00 deg, altFt=0.00 ft, dt=0.0180 s, rollCorr=-0.024 pitchCorr=0.028 m1=0.80 m2=1.00 m3=1.00 m4=0.80
[PHYSICS] pitch=-0.04 deg, altFt=0.00 ft, dt=0.0180 s, rollCorr=-0.003 pitchCorr=0.003 m1=0.80 m2=1.00 m3=1.00 m4=0.80
[PHYSICS] pitch=0.00 deg, altFt=0.00 ft, dt=0.0180 s, rollCorr=-0.024 pitchCorr=0.028 m1=0.80 m2=1.00 m3=1.00 m4=0.80
[PHYSICS] pitch=-0.04 deg, altFt=0.00 ft, dt=0.0180 s, rollCorr=-0.003 pitchCorr=0.003 m1=0.80 m2=1.00 m3=1.00 m4=0.80
[PHYSICS] pitch=0.00 deg, altFt=0.00 ft, dt=0.0180 s, rollCorr=-0.024 pitchCorr=0.028 m1=0.80 m2=1.00 m3=1.00 m4=0.80
[PHYSICS] pitch=-0.04 deg, altFt=0.00 ft, dt=0.0180 s, rollCorr=-0.003 pitchCorr=0.003 m1=0.80 m2=1.00 m3=1.00 m4=0.80
[PHYSICS] pitch=0.00 deg, altFt=0.00 ft, dt=0.0180 s, rollCorr=-0.024 pitchCorr=0.028 m1=0.80 m2=1.00 m3=1.00 m4=0.80
[PHYSICS] pitch=-0.04 deg, altFt=0.00 ft, dt=0.0180 s, rollCorr=-0.003 pitchCorr=0.003 m1=0.80 m2=1.00 m3=1.00 m4=0.80
[PHYSICS] pitch=0.00 deg, altFt=0.00 ft, dt=0.0180 s, rollCorr=-0.024 pitchCorr=0.028 m1=0.80 m2=1.00 m3=1.00 m4=0.80
[PHYSICS] pitch=-0.04 deg, altFt=0.00 ft, dt=0.0180 s, rollCorr=-0.003 pitchCorr=0.003 m1=0.80 m2=1.00 m3=1.00 m4=0.80
[PHYSICS] pitch=0.00 deg, altFt=0.00 ft, dt=0.0180 s, rollCorr=-0.024 pitchCorr=0.028 m1=0.80 m2=1.00 m3=1.00 m4=0.80
[PHYSICS] pitch=-0.04 deg, altFt=0.00 ft, dt=0.0180 s, rollCorr=-0.003 pitchCorr=0.003 m1=0.80 m2=1.00 m3=1.00 m4=0.80
[PHYSICS] pitch=0.00 deg, altFt=0.00 ft, dt=0.0180 s, rollCorr=-0.024 pitchCorr=0.028 m1=0.80 m2=1.00 m3=1.00 m4=0.80
[PHYSICS] pitch=-0.04 deg, altFt=0.00 ft, dt=0.0180 s, rollCorr=-0.003 pitchCorr=0.003 m1=0.80 m2=1.00 m3=1.00 m4=0.80
[PHYSICS] pitch=0.00 deg, altFt=0.00 ft, dt=0.0180 s, rollCorr=-0.024 pitchCorr=0.028 m1=0.80 m2=1.00 m3=1.00 m4=0.80
[PHYSICS] pitch=-0.04 deg, altFt=0.00 ft, dt=0.0180 s, rollCorr=-0.003 pitchCorr=0.003 m1=0.80 m2=1.00 m3=1.00 m4=0.80
[PHYSICS] pitch=0.00 deg, altFt=0.00 ft, dt=0.0180 s, rollCorr=-0.024 pitchCorr=0.028 m1=0.80 m2=1.00 m3=1.00 m4=0.80
[PHYSICS] pitch=-0.04 deg, altFt=0.00 ft, dt=0.0180 s, rollCorr=-0.003 pitchCorr=0.003 m1=0.80 m2=1.00 m3=1.00 m4=0.80
[PHYSICS] pitch=0.00 deg, altFt=0.00 ft, dt=0.0180 s, rollCorr=-0.024 pitchCorr=0.028 m1=0.80 m2=1.00 m3=1.00 m4=0.80
[PHYSICS] pitch=-0.04 deg, altFt=0.00 ft, dt=0.0180 s, rollCorr=-0.003 pitchCorr=0.003 m1=0.80 m2=1.00 m3=1.00 m4=0.80
[PHYSICS] pitch=0.00 deg, altFt=0.00 ft, dt=0.0180 s, rollCorr=-0.024 pitchCorr=0.028 m1=0.80 m2=1.00 m3=1.00 m4=0.80
[PHYSICS] pitch=-0.04 deg, altFt=0.00 ft, dt=0.0180 s, rollCorr=-0.003 pitchCorr=0.003 m1=0.80 m2=1.00 m3=1.00 m4=0.80
[PHYSICS] pitch=0.00 deg, altFt=0.00 ft, dt=0.0180 s, rollCorr=-0.024 pitchCorr=0.028 m1=0.80 m2=1.00 m3=1.00 m4=0.80
[PHYSICS] pitch=-0.04 deg, altFt=0.00 ft, dt=0.0180 s, rollCorr=-0.003 pitchCorr=0.003 m1=0.80 m2=1.00 m3=1.00 m4=0.80
[PHYSICS] pitch=0.00 deg, altFt=0.00 ft, dt=0.0180 s, rollCorr=-0.024 pitchCorr=0.028 m1=0.80 m2=1.00 m3=1.00 m4=0.80
[PHYSICS] pitch=-0.04 deg, altFt=0.00 ft, dt=0.0180 s, rollCorr=-0.003 pitchCorr=0.003 m1=0.80 m2=1.00 m3=1.00 m4=0.80
[PHYSICS] pitch=0.00 deg, altFt=0.00 ft, dt=0.0180 s, rollCorr=-0.024 pitchCorr=0.028 m1=0.80 m2=1.00 m3=1.00 m4=0.80
[PHYSICS] pitch=-0.04 deg, altFt=0.00 ft, dt=0.0180 s, rollCorr=-0.003 pitchCorr=0.003 m1=0.80 m2=1.00 m3=1.00 m4=0.80
[PHYSICS] pitch=0.00 deg, altFt=0.00 ft, dt=0.0180 s, rollCorr=-0.024 pitchCorr=0.028 m1=0.80 m2=1.00 m3=1.00 m4=0.80
[PHYSICS] pitch=-0.04 deg, altFt=0.00 ft, dt=0.0180 s, rollCorr=-0.003 pitchCorr=0.003 m1=0.80 m2=1.00 m3=1.00 m4=0.80
[PHYSICS] pitch=0.00 deg, altFt=0.00 ft, dt=0.0180 s, rollCorr=-0.024 pitchCorr=0.028 m1=0.80 m2=1.00 m3=1.00 m4=0.80
[PHYSICS] pitch=-0.04 deg, altFt=0.00 ft, dt=0.0180 s, rollCorr=-0.003 pitchCorr=0.003 m1=0.80 m2=1.00 m3=1.00 m4=0.80
[PHYSICS] pitch=0.00 deg, altFt=0.00 ft, dt=0.0180 s, rollCorr=-0.024 pitchCorr=0.028 m1=0.80 m2=1.00 m3=1.00 m4=0.80
[PHYSICS] pitch=-0.04 deg, altFt=0.00 ft, dt=0.0180 s, rollCorr=-0.003 pitchCorr=0.003 m1=0.80 m2=1.00 m3=1.00 m4=0.80
[PHYSICS] pitch=0.00 deg, altFt=0.00 ft, dt=0.0180 s, rollCorr=-0.024 pitchCorr=0.028 m1=0.80 m2=1.00 m3=1.00 m4=0.80
[PHYSICS] pitch=-0.04 deg, altFt=0.00 ft, dt=0.0180 s, rollCorr=-0.003 pitchCorr=0.003 m1=0.80 m2=1.00 m3=1.00 m4=0.80
[PHYSICS] pitch=0.00 deg, altFt=0.00 ft, dt=0.0180 s, rollCorr=-0.024 pitchCorr=0.028 m1=0.80 m2=1.00 m3=1.00 m4=0.80
[PHYSICS] pitch=-0.04 deg, altFt=0.00 ft, dt=0.0180 s, rollCorr=-0.003 pitchCorr=0.003 m1=0.80 m2=1.00 m3=1.00 m4=0.80
[PHYSICS] pitch=0.00 deg, altFt=0.00 ft, dt=0.0180 s, rollCorr=-0.024 pitchCorr=0.028 m1=0.80 m2=1.00 m3=1.00 m4=0.80
[PHYSICS] pitch=-0.04 deg, altFt=0.00 ft, dt=0.0180 s, rollCorr=-0.003 pitchCorr=0.003 m1=0.80 m2=1.00 m3=1.00 m4=0.80
[PHYSICS] pitch=0.00 deg, altFt=0.00 ft, dt=0.0180 s, rollCorr=-0.024 pitchCorr=0.028 m1=0.80 m2=1.00 m3=1.00 m4=0.80
[PHYSICS] pitch=-0.04 deg, altFt=0.00 ft, dt=0.0180 s, rollCorr=-0.003 pitchCorr=0.003 m1=0.80 m2=1.00 m3=1.00 m4=0.80
[PHYSICS] pitch=0.00 deg, altFt=0.00 ft, dt=0.0180 s, rollCorr=-0.024 pitchCorr=0.028 m1=0.80 m2=1.00 m3=1.00 m4=0.80
[PHYSICS] pitch=-0.04 deg, altFt=0.00 ft, dt=0.0180 s, rollCorr=-0.003 pitchCorr=0.003 m1=0.80 m2=1.00 m3=1.00 m4=0.80
[PHYSICS] pitch=0.00 deg, altFt=0.00 ft, dt=0.0180 s, rollCorr=-0.024 pitchCorr=0.028 m1=0.80 m2=1.00 m3=1.00 m4=0.80
[PHYSICS] pitch=-0.04 deg, altFt=0.00 ft, dt=0.0180 s, rollCorr=-0.003 pitchCorr=0.003 m1=0.80 m2=1.00 m3=1.00 m4=0.80
[PHYSICS] pitch=0.00 deg, altFt=0.00 ft, dt=0.0180 s, rollCorr=-0.024 pitchCorr=0.028 m1=0.80 m2=1.00 m3=1.00 m4=0.80
[PHYSICS] pitch=-0.04 deg, altFt=0.00 ft, dt=0.0180 s, rollCorr=-0.003 pitchCorr=0.003 m1=0.80 m2=1.00 m3=1.00 m4=0.80
[PHYSICS] pitch=0.00 deg, altFt=0.00 ft, dt=0.0180 s, rollCorr=-0.024 pitchCorr=0.028 m1=0.80 m2=1.00 m3=1.00 m4=0.80
[PHYSICS] pitch=-0.04 deg, altFt=0.00 ft, dt=0.0180 s, rollCorr=-0.003 pitchCorr=0.003 m1=0.80 m2=1.00 m3=1.00 m4=0.80
[PHYSICS] pitch=0.00 deg, altFt=0.00 ft, dt=0.0180 s, rollCorr=-0.024 pitchCorr=0.028 m1=0.80 m2=1.00 m3=1.00 m4=0.80
[PHYSICS] pitch=-0.04 deg, altFt=0.00 ft, dt=0.0180 s, rollCorr=-0.003 pitchCorr=0.003 m1=0.80 m2=1.00 m3=1.00 m4=0.80
[PHYSICS] pitch=0.00 deg, altFt=0.00 ft, dt=0.0180 s, rollCorr=-0.024 pitchCorr=0.028 m1=0.80 m2=1.00 m3=1.00 m4=0.80
[PHYSICS] pitch=-0.04 deg, altFt=0.00 ft, dt=0.0180 s, rollCorr=-0.003 pitchCorr=0.003 m1=0.80 m2=1.00 m3=1.00 m4=0.80
[PHYSICS] pitch=0.00 deg, altFt=0.00 ft, dt=0.0180 s, rollCorr=-0.024 pitchCorr=0.028 m1=0.80 m2=1.00 m3=1.00 m4=0.80
[PHYSICS] pitch=-0.04 deg, altFt=0.00 ft, dt=0.0180 s, rollCorr=-0.003 pitchCorr=0.003 m1=0.80 m2=1.00 m3=1.00 m4=0.80
[PHYSICS] pitch=0.00 deg, altFt=0.00 ft, dt=0.0180 s, rollCorr=-0.024 pitchCorr=0.028 m1=0.80 m2=1.00 m3=1.00 m4=0.80
[PHYSICS] pitch=-0.04 deg, altFt=0.00 ft, dt=0.0180 s, rollCorr=-0.003 pitchCorr=0.003 m1=0.80 m2=1.00 m3=1.00 m4=0.80
[PHYSICS] pitch=0.00 deg, altFt=0.00 ft, dt=0.0180 s, rollCorr=-0.024 pitchCorr=0.028 m1=0.80 m2=1.00 m3=1.00 m4=0.80
[PHYSICS] pitch=-0.04 deg, altFt=0.00 ft, dt=0.0180 s, rollCorr=-0.003 pitchCorr=0.003 m1=0.80 m2=1.00 m3=1.00 m4=0.80
[PHYSICS] pitch=0.00 deg, altFt=0.00 ft, dt=0.0180 s, rollCorr=-0.024 pitchCorr=0.028 m1=0.80 m2=1.00 m3=1.00 m4=0.80
[PHYSICS] pitch=-0.04 deg, altFt=0.00 ft, dt=0.0180 s, rollCorr=-0.003 pitchCorr=0.003 m1=0.80 m2=1.00 m3=1.00 m4=0.80
[PHYSICS] pitch=0.00 deg, altFt=0.00 ft, dt=0.0180 s, rollCorr=-0.024 pitchCorr=0.028 m1=0.80 m2=1.00 m3=1.00 m4=0.80
[PHYSICS] pitch=-0.04 deg, altFt=0.00 ft, dt=0.0180 s, rollCorr=-0.003 pitchCorr=0.003 m1=0.80 m2=1.00 m3=1.00 m4=0.80
[PHYSICS] pitch=0.00 deg, altFt=0.00 ft, dt=0.0180 s, rollCorr=-0.024 pitchCorr=0.028 m1=0.80 m2=1.00 m3=1.00 m4=0.80
[PHYSICS] pitch=-0.04 deg, altFt=0.00 ft, dt=0.0180 s, rollCorr=-0.003 pitchCorr=0.003 m1=0.80 m2=1.00 m3=1.00 m4=0.80
[PHYSICS] pitch=0.00 deg, altFt=0.00 ft, dt=0.0180 s, rollCorr=-0.024 pitchCorr=0.028 m1=0.80 m2=1.00 m3=1.00 m4=0.80
[PHYSICS] pitch=-0.04 deg, altFt=0.00 ft, dt=0.0180 s, rollCorr=-0.003 pitchCorr=0.003 m1=0.80 m2=1.00 m3=1.00 m4=0.80
[PHYSICS] pitch=0.00 deg, altFt=0.00 ft, dt=0.0180 s, rollCorr=-0.024 pitchCorr=0.028 m1=0.80 m2=1.00 m3=1.00 m4=0.80
[PHYSICS] pitch=-0.04 deg, altFt=0.00 ft, dt=0.0180 s, rollCorr=-0.003 pitchCorr=0.003 m1=0.80 m2=1.00 m3=1.00 m4=0.80
[PHYSICS] pitch=0.00 deg, altFt=0.00 ft, dt=0.0180 s, rollCorr=-0.024 pitchCorr=0.028 m1=0.80 m2=1.00 m3=1.00 m4=0.80
[PHYSICS] pitch=-0.04 deg, altFt=0.00 ft, dt=0.0180 s, rollCorr=-0.003 pitchCorr=0.003 m1=0.80 m2=1.00 m3=1.00 m4=0.80
[PHYSICS] pitch=0.00 deg, altFt=0.00 ft, dt=0.0180 s, rollCorr=-0.024 pitchCorr=0.028 m1=0.80 m2=1.00 m3=1.00 m4=0.80
[PHYSICS] pitch=-0.04 deg, altFt=0.00 ft, dt=0.0180 s, rollCorr=-0.003 pitchCorr=0.003 m1=0.80 m2=1.00 m3=1.00 m4=0.80
[PHYSICS] pitch=0.00 deg, altFt=0.00 ft, dt=0.0180 s, rollCorr=-0.024 pitchCorr=0.028 m1=0.80 m2=1.00 m3=1.00 m4=0.80
[PHYSICS] pitch=-0.04 deg, altFt=0.00 ft, dt=0.0180 s, rollCorr=-0.003 pitchCorr=0.003 m1=0.80 m2=1.00 m3=1.00 m4=0.80
[PHYSICS] pitch=0.00 deg, altFt=0.00 ft, dt=0.0180 s, rollCorr=-0.024 pitchCorr=0.028 m1=0.80 m2=1.00 m3=1.00 m4=0.80
[PHYSICS] pitch=-0.04 deg, altFt=0.00 ft, dt=0.0180 s, rollCorr=-0.003 pitchCorr=0.003 m1=0.80 m2=1.00 m3=1.00 m4=0.80
[PHYSICS] pitch=0.00 deg, altFt=0.00 ft, dt=0.0180 s, rollCorr=-0.024 pitchCorr=0.028 m1=0.80 m2=1.00 m3=1.00 m4=0.80
[PHYSICS] pitch=-0.04 deg, altFt=0.00 ft, dt=0.0180 s, rollCorr=-0.003 pitchCorr=0.003 m1=0.80 m2=1.00 m3=1.00 m4=0.80
[PHYSICS] pitch=0.00 deg, altFt=0.00 ft, dt=0.0180 s, rollCorr=-0.024 pitchCorr=0.028 m1=0.80 m2=1.00 m3=1.00 m4=0.80
[PHYSICS] pitch=-0.04 deg, altFt=0.00 ft, dt=0.0180 s, rollCorr=-0.003 pitchCorr=0.003 m1=0.80 m2=1.00 m3=1.00 m4=0.80
[PHYSICS] pitch=0.00 deg, altFt=0.00 ft, dt=0.0180 s, rollCorr=-0.024 pitchCorr=0.028 m1=0.80 m2=1.00 m3=1.00 m4=0.80
[PHYSICS] pitch=-0.04 deg, altFt=0.00 ft, dt=0.0180 s, rollCorr=-0.003 pitchCorr=0.003 m1=0.80 m2=1.00 m3=1.00 m4=0.80
[PHYSICS] pitch=0.00 deg, altFt=0.00 ft, dt=0.0180 s, rollCorr=-0.024 pitchCorr=0.028 m1=0.80 m2=1.00 m3=1.00 m4=0.80
[PHYSICS] pitch=-0.04 deg, altFt=0.00 ft, dt=0.0180 s, rollCorr=-0.003 pitchCorr=0.003 m1=0.80 m2=1.00 m3=1.00 m4=0.80
[PHYSICS] pitch=0.00 deg, altFt=0.00 ft, dt=0.0180 s, rollCorr=-0.024 pitchCorr=0.028 m1=0.80 m2=1.00 m3=1.00 m4=0.80
[PHYSICS] pitch=-0.04 deg, altFt=0.00 ft, dt=0.0180 s, rollCorr=-0.003 pitchCorr=0.003 m1=0.80 m2=1.00 m3=1.00 m4=0.80
[PHYSICS] pitch=0.00 deg, altFt=0.00 ft, dt=0.0180 s, rollCorr=-0.024 pitchCorr=0.028 m1=0.80 m2=1.00 m3=1.00 m4=0.80
[PHYSICS] pitch=-0.04 deg, altFt=0.00 ft, dt=0.0180 s, rollCorr=-0.003 pitchCorr=0.003 m1=0.80 m2=1.00 m3=1.00 m4=0.80
[PHYSICS] pitch=0.00 deg, altFt=0.00 ft, dt=0.0180 s, rollCorr=-0.024 pitchCorr=0.028 m1=0.80 m2=1.00 m3=1.00 m4=0.80
[PHYSICS] pitch=-0.04 deg, altFt=0.00 ft, dt=0.0180 s, rollCorr=-0.003 pitchCorr=0.003 m1=0.80 m2=1.00 m3=1.00 m4=0.80
[PHYSICS] pitch=0.00 deg, altFt=0.00 ft, dt=0.0180 s, rollCorr=-0.024 pitchCorr=0.028 m1=0.80 m2=1.00 m3=1.00 m4=0.80
[PHYSICS] pitch=-0.04 deg, altFt=0.00 ft, dt=0.0180 s, rollCorr=-0.003 pitchCorr=0.003 m1=0.80 m2=1.00 m3=1.00 m4=0.80
[PHYSICS] pitch=0.00 deg, altFt=0.00 ft, dt=0.0180 s, rollCorr=-0.024 pitchCorr=0.028 m1=0.80 m2=1.00 m3=1.00 m4=0.80
[PHYSICS] pitch=-0.04 deg, altFt=0.00 ft, dt=0.0180 s, rollCorr=-0.003 pitchCorr=0.003 m1=0.80 m2=1.00 m3=1.00 m4=0.80
[PHYSICS] pitch=0.00 deg, altFt=0.00 ft, dt=0.0180 s, rollCorr=-0.024 pitchCorr=0.028 m1=0.80 m2=1.00 m3=1.00 m4=0.80
[PHYSICS] pitch=-0.04 deg, altFt=0.00 ft, dt=0.0180 s, rollCorr=-0.003 pitchCorr=0.003 m1=0.80 m2=1.00 m3=1.00 m4=0.80
[PHYSICS] pitch=0.00 deg, altFt=0.00 ft, dt=0.0180 s, rollCorr=-0.024 pitchCorr=0.028 m1=0.80 m2=1.00 m3=1.00 m4=0.80
[PHYSICS] pitch=-0.04 deg, altFt=0.00 ft, dt=0.0180 s, rollCorr=-0.003 pitchCorr=0.003 m1=0.80 m2=1.00 m3=1.00 m4=0.80
[PHYSICS] pitch=0.00 deg, altFt=0.00 ft, dt=0.0180 s, rollCorr=-0.024 pitchCorr=0.028 m1=0.80 m2=1.00 m3=1.00 m4=0.80
[PHYSICS] pitch=-0.04 deg, altFt=0.00 ft, dt=0.0180 s, rollCorr=-0.003 pitchCorr=0.003 m1=0.80 m2=1.00 m3=1.00 m4=0.80
[PHYSICS] pitch=0.00 deg, altFt=0.00 ft, dt=0.0180 s, rollCorr=-0.024 pitchCorr=0.028 m1=0.80 m2=1.00 m3=1.00 m4=0.80
[PHYSICS] pitch=-0.04 deg, altFt=0.00 ft, dt=0.0180 s, rollCorr=-0.003 pitchCorr=0.003 m1=0.80 m2=1.00 m3=1.00 m4=0.80
[PHYSICS] pitch=0.00 deg, altFt=0.00 ft, dt=0.0180 s, rollCorr=-0.024 pitchCorr=0.028 m1=0.80 m2=1.00 m3=1.00 m4=0.80
[PHYSICS] pitch=-0.04 deg, altFt=0.00 ft, dt=0.0180 s, rollCorr=-0.003 pitchCorr=0.003 m1=0.80 m2=1.00 m3=1.00 m4=0.80
[PHYSICS] pitch=0.00 deg, altFt=0.00 ft, dt=0.0180 s, rollCorr=-0.024 pitchCorr=0.028 m1=0.80 m2=1.00 m3=1.00 m4=0.80
[PHYSICS] pitch=-0.04 deg, altFt=0.00 ft, dt=0.0180 s, rollCorr=-0.003 pitchCorr=0.003 m1=0.80 m2=1.00 m3=1.00 m4=0.80
[PHYSICS] pitch=0.00 deg, altFt=0.00 ft, dt=0.0180 s, rollCorr=-0.024 pitchCorr=0.028 m1=0.80 m2=1.00 m3=1.00 m4=0.80
[PHYSICS] pitch=-0.04 deg, altFt=0.00 ft, dt=0.0180 s, rollCorr=-0.003 pitchCorr=0.003 m1=0.80 m2=1.00 m3=1.00 m4=0.80
[PHYSICS] pitch=0.00 deg, altFt=0.00 ft, dt=0.0180 s, rollCorr=-0.024 pitchCorr=0.028 m1=0.80 m2=1.00 m3=1.00 m4=0.80
[PHYSICS] pitch=-0.04 deg, altFt=0.00 ft, dt=0.0180 s, rollCorr=-0.003 pitchCorr=0.003 m1=0.80 m2=1.00 m3=1.00 m4=0.80
[PHYSICS] pitch=0.00 deg, altFt=0.00 ft, dt=0.0180 s, rollCorr=-0.024 pitchCorr=0.028 m1=0.80 m2=1.00 m3=1.00 m4=0.80
[PHYSICS] pitch=-0.04 deg, altFt=0.00 ft, dt=0.0180 s, rollCorr=-0.003 pitchCorr=0.003 m1=0.80 m2=1.00 m3=1.00 m4=0.80
[PHYSICS] pitch=0.00 deg, altFt=0.00 ft, dt=0.0180 s, rollCorr=-0.024 pitchCorr=0.028 m1=0.80 m2=1.00 m3=1.00 m4=0.80
[PHYSICS] pitch=-0.04 deg, altFt=0.00 ft, dt=0.0180 s, rollCorr=-0.003 pitchCorr=0.003 m1=0.80 m2=1.00 m3=1.00 m4=0.80
[PHYSICS] pitch=0.00 deg, altFt=0.00 ft, dt=0.0180 s, rollCorr=-0.024 pitchCorr=0.028 m1=0.80 m2=1.00 m3=1.00 m4=0.80
[PHYSICS] pitch=-0.04 deg, altFt=0.00 ft, dt=0.0180 s, rollCorr=-0.003 pitchCorr=0.003 m1=0.80 m2=1.00 m3=1.00 m4=0.80
[PHYSICS] pitch=0.00 deg, altFt=0.00 ft, dt=0.0180 s, rollCorr=-0.024 pitchCorr=0.028 m1=0.80 m2=1.00 m3=1.00 m4=0.80
[PHYSICS] pitch=-0.04 deg, altFt=0.00 ft, dt=0.0180 s, rollCorr=-0.003 pitchCorr=0.003 m1=0.80 m2=1.00 m3=1.00 m4=0.80
[PHYSICS] pitch=0.00 deg, altFt=0.00 ft, dt=0.0180 s, rollCorr=-0.024 pitchCorr=0.028 m1=0.80 m2=1.00 m3=1.00 m4=0.80
[PHYSICS] pitch=-0.04 deg, altFt=0.00 ft, dt=0.0180 s, rollCorr=-0.003 pitchCorr=0.003 m1=0.80 m2=1.00 m3=1.00 m4=0.80
[PHYSICS] pitch=0.00 deg, altFt=0.00 ft, dt=0.0180 s, rollCorr=-0.024 pitchCorr=0.028 m1=0.80 m2=1.00 m3=1.00 m4=0.80
[PHYSICS] pitch=-0.04 deg, altFt=0.00 ft, dt=0.0180 s, rollCorr=-0.003 pitchCorr=0.003 m1=0.80 m2=1.00 m3=1.00 m4=0.80
[PHYSICS] pitch=0.00 deg, altFt=0.00 ft, dt=0.0180 s, rollCorr=-0.024 pitchCorr=0.028 m1=0.80 m2=1.00 m3=1.00 m4=0.80
[PHYSICS] pitch=-0.04 deg, altFt=0.00 ft, dt=0.0180 s, rollCorr=-0.003 pitchCorr=0.003 m1=0.80 m2=1.00 m3=1.00 m4=0.80
[PHYSICS] pitch=0.00 deg, altFt=0.00 ft, dt=0.0180 s, rollCorr=-0.024 pitchCorr=0.028 m1=0.80 m2=1.00 m3=1.00 m4=0.80
[PHYSICS] pitch=-0.04 deg, altFt=0.00 ft, dt=0.0180 s, rollCorr=-0.003 pitchCorr=0.003 m1=0.80 m2=1.00 m3=1.00 m4=0.80
[PHYSICS] pitch=0.00 deg, altFt=0.00 ft, dt=0.0180 s, rollCorr=-0.024 pitchCorr=0.028 m1=0.80 m2=1.00 m3=1.00 m4=0.80
[PHYSICS] pitch=-0.04 deg, altFt=0.00 ft, dt=0.0180 s, rollCorr=-0.003 pitchCorr=0.003 m1=0.80 m2=1.00 m3=1.00 m4=0.80
[PHYSICS] pitch=0.00 deg, altFt=0.00 ft, dt=0.0180 s, rollCorr=-0.024 pitchCorr=0.028 m1=0.80 m2=1.00 m3=1.00 m4=0.80
[PHYSICS] pitch=-0.04 deg, altFt=0.00 ft, dt=0.0180 s, rollCorr=-0.003 pitchCorr=0.003 m1=0.80 m2=1.00 m3=1.00 m4=0.80
[PHYSICS] pitch=0.00 deg, altFt=0.00 ft, dt=0.0180 s, rollCorr=-0.024 pitchCorr=0.028 m1=0.80 m2=1.00 m3=1.00 m4=0.80
[PHYSICS] pitch=-0.04 deg, altFt=0.00 ft, dt=0.0180 s, rollCorr=-0.003 pitchCorr=0.003 m1=0.80 m2=1.00 m3=1.00 m4=0.80
[PHYSICS] pitch=0.00 deg, altFt=0.00 ft, dt=0.0180 s, rollCorr=-0.024 pitchCorr=0.028 m1=0.80 m2=1.00 m3=1.00 m4=0.80
[PHYSICS] pitch=-0.04 deg, altFt=0.00 ft, dt=0.0180 s, rollCorr=-0.003 pitchCorr=0.003 m1=0.80 m2=1.00 m3=1.00 m4=0.80
[PHYSICS] pitch=0.00 deg, altFt=0.00 ft, dt=0.0180 s, rollCorr=-0.024 pitchCorr=0.028 m1=0.80 m2=1.00 m3=1.00 m4=0.80
[PHYSICS] pitch=-0.04 deg, altFt=0.00 ft, dt=0.0180 s, rollCorr=-0.003 pitchCorr=0.003 m1=0.80 m2=1.00 m3=1.00 m4=0.80
[PHYSICS] pitch=0.00 deg, altFt=0.00 ft, dt=0.0180 s, rollCorr=-0.024 pitchCorr=0.028 m1=0.80 m2=1.00 m3=1.00 m4=0.80
[PHYSICS] pitch=-0.04 deg, altFt=0.00 ft, dt=0.0180 s, rollCorr=-0.003 pitchCorr=0.003 m1=0.80 m2=1.00 m3=1.00 m4=0.80
[PHYSICS] pitch=0.00 deg, altFt=0.00 ft, dt=0.0180 s, rollCorr=-0.024 pitchCorr=0.028 m1=0.80 m2=1.00 m3=1.00 m4=0.80
[PHYSICS] pitch=-0.04 deg, altFt=0.00 ft, dt=0.0180 s, rollCorr=-0.003 pitchCorr=0.003 m1=0.80 m2=1.00 m3=1.00 m4=0.80
[PHYSICS] pitch=0.00 deg, altFt=0.00 ft, dt=0.0180 s, rollCorr=-0.024 pitchCorr=0.028 m1=0.80 m2=1.00 m3=1.00 m4=0.80
[PHYSICS] pitch=-0.04 deg, altFt=0.00 ft, dt=0.0180 s, rollCorr=-0.003 pitchCorr=0.003 m1=0.80 m2=1.00 m3=1.00 m4=0.80
[PHYSICS] pitch=0.00 deg, altFt=0.00 ft, dt=0.0180 s, rollCorr=-0.024 pitchCorr=0.028 m1=0.80 m2=1.00 m3=1.00 m4=0.80
[PHYSICS] pitch=-0.04 deg, altFt=0.00 ft, dt=0.0180 s, rollCorr=-0.003 pitchCorr=0.003 m1=0.80 m2=1.00 m3=1.00 m4=0.80
[PHYSICS] pitch=0.00 deg, altFt=0.00 ft, dt=0.0180 s, rollCorr=-0.024 pitchCorr=0.028 m1=0.80 m2=1.00 m3=1.00 m4=0.80
[PHYSICS] pitch=-0.04 deg, altFt=0.00 ft, dt=0.0180 s, rollCorr=-0.003 pitchCorr=0.003 m1=0.80 m2=1.00 m3=1.00 m4=0.80
[PHYSICS] pitch=0.00 deg, altFt=0.00 ft, dt=0.0180 s, rollCorr=-0.024 pitchCorr=0.028 m1=0.80 m2=1.00 m3=1.00 m4=0.80
[PHYSICS] pitch=-0.04 deg, altFt=0.00 ft, dt=0.0180 s, rollCorr=-0.003 pitchCorr=0.003 m1=0.80 m2=1.00 m3=1.00 m4=0.80
[PHYSICS] pitch=0.00 deg, altFt=0.00 ft, dt=0.0180 s, rollCorr=-0.024 pitchCorr=0.028 m1=0.80 m2=1.00 m3=1.00 m4=0.80
[PHYSICS] pitch=-0.04 deg, altFt=0.00 ft, dt=0.0180 s, rollCorr=-0.003 pitchCorr=0.003 m1=0.80 m2=1.00 m3=1.00 m4=0.80
[PHYSICS] pitch=0.00 deg, altFt=0.00 ft, dt=0.0180 s, rollCorr=-0.024 pitchCorr=0.028 m1=0.80 m2=1.00 m3=1.00 m4=0.80
[PHYSICS] pitch=-0.04 deg, altFt=0.00 ft, dt=0.0180 s, rollCorr=-0.003 pitchCorr=0.003 m1=0.80 m2=1.00 m3=1.00 m4=0.80
[PHYSICS] pitch=0.00 deg, altFt=0.00 ft, dt=0.0180 s, rollCorr=-0.024 pitchCorr=0.028 m1=0.80 m2=1.00 m3=1.00 m4=0.80
[PHYSICS] pitch=-0.04 deg, altFt=0.00 ft, dt=0.0180 s, rollCorr=-0.003 pitchCorr=0.003 m1=0.80 m2=1.00 m3=1.00 m4=0.80
[PHYSICS] pitch=0.00 deg, altFt=0.00 ft, dt=0.0180 s, rollCorr=-0.024 pitchCorr=0.028 m1=0.80 m2=1.00 m3=1.00 m4=0.80
[PHYSICS] pitch=-0.04 deg, altFt=0.00 ft, dt=0.0180 s, rollCorr=-0.003 pitchCorr=0.003 m1=0.80 m2=1.00 m3=1.00 m4=0.80
[PHYSICS] pitch=0.00 deg, altFt=0.00 ft, dt=0.0180 s, rollCorr=-0.024 pitchCorr=0.028 m1=0.80 m2=1.00 m3=1.00 m4=0.80
[PHYSICS] pitch=-0.04 deg, altFt=0.00 ft, dt=0.0180 s, rollCorr=-0.003 pitchCorr=0.003 m1=0.80 m2=1.00 m3=1.00 m4=0.80
[PHYSICS] pitch=0.00 deg, altFt=0.00 ft, dt=0.0180 s, rollCorr=-0.024 pitchCorr=0.028 m1=0.80 m2=1.00 m3=1.00 m4=0.80
[PHYSICS] pitch=-0.04 deg, altFt=0.00 ft, dt=0.0190 s, rollCorr=-0.003 pitchCorr=0.003 m1=0.80 m2=1.00 m3=1.00 m4=0.80
[PHYSICS] pitch=0.00 deg, altFt=0.00 ft, dt=0.0180 s, rollCorr=-0.023 pitchCorr=0.027 m1=0.80 m2=1.00 m3=1.00 m4=0.80
[PHYSICS] pitch=-0.04 deg, altFt=0.00 ft, dt=0.0180 s, rollCorr=-0.003 pitchCorr=0.003 m1=0.80 m2=1.00 m3=1.00 m4=0.80
[PHYSICS] pitch=0.00 deg, altFt=0.00 ft, dt=0.0180 s, rollCorr=-0.024 pitchCorr=0.028 m1=0.80 m2=1.00 m3=1.00 m4=0.80
[PHYSICS] pitch=-0.04 deg, altFt=0.00 ft, dt=0.0180 s, rollCorr=-0.003 pitchCorr=0.003 m1=0.80 m2=1.00 m3=1.00 m4=0.80
[PHYSICS] pitch=0.00 deg, altFt=0.00 ft, dt=0.0180 s, rollCorr=-0.024 pitchCorr=0.028 m1=0.80 m2=1.00 m3=1.00 m4=0.80
[PHYSICS] pitch=-0.04 deg, altFt=0.00 ft, dt=0.0180 s, rollCorr=-0.003 pitchCorr=0.003 m1=0.80 m2=1.00 m3=1.00 m4=0.80
[PHYSICS] pitch=0.00 deg, altFt=0.00 ft, dt=0.0180 s, rollCorr=-0.024 pitchCorr=0.028 m1=0.80 m2=1.00 m3=1.00 m4=0.80
[PHYSICS] pitch=-0.04 deg, altFt=0.00 ft, dt=0.0180 s, rollCorr=-0.003 pitchCorr=0.003 m1=0.80 m2=1.00 m3=1.00 m4=0.80
[PHYSICS] pitch=0.00 deg, altFt=0.00 ft, dt=0.0180 s, rollCorr=-0.024 pitchCorr=0.028 m1=0.80 m2=1.00 m3=1.00 m4=0.80
[PHYSICS] pitch=-0.04 deg, altFt=0.00 ft, dt=0.0180 s, rollCorr=-0.003 pitchCorr=0.003 m1=0.80 m2=1.00 m3=1.00 m4=0.80
[PHYSICS] pitch=0.00 deg, altFt=0.00 ft, dt=0.0180 s, rollCorr=-0.024 pitchCorr=0.028 m1=0.80 m2=1.00 m3=1.00 m4=0.80
[PHYSICS] pitch=-0.04 deg, altFt=0.00 ft, dt=0.0180 s, rollCorr=-0.003 pitchCorr=0.003 m1=0.80 m2=1.00 m3=1.00 m4=0.80
[PHYSICS] pitch=0.00 deg, altFt=0.00 ft, dt=0.0180 s, rollCorr=-0.024 pitch
[Wind Gust Test] Scenario completed successfully
